country_name,wb_code,wb_region,income_level,indicator,indicator_code,latest_available_period,frequency,value,unit,value_status,source_id,source_series_code
Aruba,ABW,Latin America & Caribbean,High income,Consumer price index (2010 = 100),cpi_index_annual_wdi,2019,annual,109.534355432857,index points (2010=100),observed,WB_WDI,FP.CPI.TOTL
Aruba,ABW,Latin America & Caribbean,High income,GDP (constant 2015 US$),gdp_real_constant_2015_usd_annual,2024,annual,3665237356.33639,constant 2015 US dollars,observed,WB_WDI,NY.GDP.MKTP.KD
Aruba,ABW,Latin America & Caribbean,High income,GDP (constant LCU),gdp_real_constant_lcu_annual,2024,annual,6347681220.74722,constant local currency units (source base year varies),observed,WB_WDI,NY.GDP.MKTP.KN
Aruba,ABW,Latin America & Caribbean,High income,GDP (current LCU),gdp_nominal_current_lcu_annual,2024,annual,7459982645.82299,current local currency units,observed,WB_WDI,NY.GDP.MKTP.CN
Aruba,ABW,Latin America & Caribbean,High income,GDP (current US$),gdp_nominal_current_usd_annual,2024,annual,4167588070.29217,current US dollars,observed,WB_WDI,NY.GDP.MKTP.CD
Aruba,ABW,Latin America & Caribbean,High income,GDP growth (annual %),gdp_real_growth_yoy_pct_annual,2024,annual,6.81077669324554,percent per year,observed,WB_WDI,NY.GDP.MKTP.KD.ZG
Aruba,ABW,Latin America & Caribbean,High income,GDP per capita (constant 2015 US$),gdp_per_capita_real_2015_usd_annual,2024,annual,33938.9541769192,constant 2015 US dollars per person,observed,WB_WDI,NY.GDP.PCAP.KD
Aruba,ABW,Latin America & Caribbean,High income,GDP per capita (constant LCU),gdp_per_capita_real_lcu_annual,2024,annual,58777.5473007752,constant local currency units per person (source base year varies),observed,WB_WDI,NY.GDP.PCAP.KN
Aruba,ABW,Latin America & Caribbean,High income,GDP per capita (current LCU),gdp_per_capita_nominal_lcu_annual,2024,annual,69077.1114016667,current local currency units per person,observed,WB_WDI,NY.GDP.PCAP.CN
Aruba,ABW,Latin America & Caribbean,High income,GDP per capita (current US$),gdp_per_capita_nominal_usd_annual,2024,annual,38590.5650288641,current US dollars per person,observed,WB_WDI,NY.GDP.PCAP.CD
Aruba,ABW,Latin America & Caribbean,High income,GDP per capita growth (annual %),gdp_per_capita_real_growth_yoy_pct_annual,2024,annual,6.18175077559285,percent per year,observed,WB_WDI,NY.GDP.PCAP.KD.ZG
Aruba,ABW,Latin America & Caribbean,High income,"GNI per capita, PPP (current international $)",gni_per_capita_ppp_current_intl_dollar_annual,2024,annual,48900.0,current international dollars per person,observed,WB_WDI,NY.GNP.PCAP.PP.CD
Aruba,ABW,Latin America & Caribbean,High income,"Inflation, consumer prices (annual %)",inflation_consumer_prices_yoy_pct_annual_wdi,2019,annual,4.25746204335427,percent per year,observed,WB_WDI,FP.CPI.TOTL.ZG
Aruba,ABW,Latin America & Caribbean,High income,"Life expectancy at birth, total (years)",life_expectancy_years_annual,2024,annual,76.5,years,observed,WB_WDI,SP.DYN.LE00.IN
Aruba,ABW,Latin America & Caribbean,High income,"Nominal GDP growth, year over year (annual)",gdp_nominal_growth_yoy_pct_annual_lcu,2024,annual,11.237325705327583,percent per year,derived,WB_WDI,calculated:NY.GDP.MKTP.CN:year_over_year
Aruba,ABW,Latin America & Caribbean,High income,"Nominal GDP per-capita growth, year over year (annual)",gdp_per_capita_nominal_growth_yoy_pct_annual_lcu,2024,annual,10.582231125499032,percent per year,derived,WB_WDI,calculated:NY.GDP.PCAP.CN:year_over_year
Aruba,ABW,Latin America & Caribbean,High income,"Population, total",population_total_annual,2025,annual,108785.0,people,observed,WB_WDI,SP.POP.TOTL
Afghanistan,AFG,"Middle East, North Africa, Afghanistan & Pakistan",Low income,Consumer price index (2010 = 100),cpi_index_annual_wdi,2024,annual,168.536667139799,index points (2010=100),observed,WB_WDI,FP.CPI.TOTL
Afghanistan,AFG,"Middle East, North Africa, Afghanistan & Pakistan",Low income,GDP (constant 2015 US$),gdp_real_constant_2015_usd_annual,2024,annual,15966227156.538,constant 2015 US dollars,observed,WB_WDI,NY.GDP.MKTP.KD
Afghanistan,AFG,"Middle East, North Africa, Afghanistan & Pakistan",Low income,GDP (constant LCU),gdp_real_constant_lcu_annual,2024,annual,1075906220000.0,constant local currency units (source base year varies),observed,WB_WDI,NY.GDP.MKTP.KN
Afghanistan,AFG,"Middle East, North Africa, Afghanistan & Pakistan",Low income,GDP (current LCU),gdp_nominal_current_lcu_annual,2024,annual,1261918560000.0,current local currency units,observed,WB_WDI,NY.GDP.MKTP.CN
Afghanistan,AFG,"Middle East, North Africa, Afghanistan & Pakistan",Low income,GDP (current US$),gdp_nominal_current_usd_annual,2024,annual,17778508875.7396,current US dollars,observed,WB_WDI,NY.GDP.MKTP.CD
Afghanistan,AFG,"Middle East, North Africa, Afghanistan & Pakistan",Low income,GDP growth (annual %),gdp_real_growth_yoy_pct_annual,2024,annual,1.87319280045979,percent per year,observed,WB_WDI,NY.GDP.MKTP.KD.ZG
Afghanistan,AFG,"Middle East, North Africa, Afghanistan & Pakistan",Low income,GDP per capita (constant 2015 US$),gdp_per_capita_real_2015_usd_annual,2024,annual,374.37669620849,constant 2015 US dollars per person,observed,WB_WDI,NY.GDP.PCAP.KD
Afghanistan,AFG,"Middle East, North Africa, Afghanistan & Pakistan",Low income,GDP per capita (constant LCU),gdp_per_capita_real_lcu_annual,2024,annual,25227.8896025117,constant local currency units per person (source base year varies),observed,WB_WDI,NY.GDP.PCAP.KN
Afghanistan,AFG,"Middle East, North Africa, Afghanistan & Pakistan",Low income,GDP per capita (current LCU),gdp_per_capita_nominal_lcu_annual,2024,annual,29589.5139625092,current local currency units per person,observed,WB_WDI,NY.GDP.PCAP.CN
Afghanistan,AFG,"Middle East, North Africa, Afghanistan & Pakistan",Low income,GDP per capita (current US$),gdp_per_capita_nominal_usd_annual,2024,annual,416.871146273728,current US dollars per person,observed,WB_WDI,NY.GDP.PCAP.CD
Afghanistan,AFG,"Middle East, North Africa, Afghanistan & Pakistan",Low income,GDP per capita growth (annual %),gdp_per_capita_real_growth_yoy_pct_annual,2024,annual,-0.975915304703463,percent per year,observed,WB_WDI,NY.GDP.PCAP.KD.ZG
Afghanistan,AFG,"Middle East, North Africa, Afghanistan & Pakistan",Low income,"GNI per capita, PPP (current international $)",gni_per_capita_ppp_current_intl_dollar_annual,2024,annual,2250.0,current international dollars per person,observed,WB_WDI,NY.GNP.PCAP.PP.CD
Afghanistan,AFG,"Middle East, North Africa, Afghanistan & Pakistan",Low income,"Inflation, consumer prices (annual %)",inflation_consumer_prices_yoy_pct_annual_wdi,2024,annual,-6.60118564073726,percent per year,observed,WB_WDI,FP.CPI.TOTL.ZG
Afghanistan,AFG,"Middle East, North Africa, Afghanistan & Pakistan",Low income,"Life expectancy at birth, total (years)",life_expectancy_years_annual,2024,annual,66.289,years,observed,WB_WDI,SP.DYN.LE00.IN
Afghanistan,AFG,"Middle East, North Africa, Afghanistan & Pakistan",Low income,"Nominal GDP growth, year over year (annual)",gdp_nominal_growth_yoy_pct_annual_lcu,2024,annual,-6.58751804339297,percent per year,derived,WB_WDI,calculated:NY.GDP.MKTP.CN:year_over_year
Afghanistan,AFG,"Middle East, North Africa, Afghanistan & Pakistan",Low income,"Nominal GDP per-capita growth, year over year (annual)",gdp_per_capita_nominal_growth_yoy_pct_annual_lcu,2024,annual,-9.200003743996199,percent per year,derived,WB_WDI,calculated:NY.GDP.PCAP.CN:year_over_year
Afghanistan,AFG,"Middle East, North Africa, Afghanistan & Pakistan",Low income,"Population, total",population_total_annual,2025,annual,43844111.0,people,observed,WB_WDI,SP.POP.TOTL
Afghanistan,AFG,"Middle East, North Africa, Afghanistan & Pakistan",Low income,"Unemployment, total (% of total labor force) (modeled ILO estimate)",unemployment_rate_ilo_modeled_pct_annual,2025,annual,13.351,percent of labor force,observed,WB_WDI,SL.UEM.TOTL.ZS
Angola,AGO,Sub-Saharan Africa,Lower middle income,Consumer price index (2010 = 100),cpi_index_annual_wdi,2025,annual,1240.42265673421,index points (2010=100),observed,WB_WDI,FP.CPI.TOTL
Angola,AGO,Sub-Saharan Africa,Lower middle income,GDP (constant 2015 US$),gdp_real_constant_2015_usd_annual,2025,annual,109349503922.107,constant 2015 US dollars,observed,WB_WDI,NY.GDP.MKTP.KD
Angola,AGO,Sub-Saharan Africa,Lower middle income,GDP (constant LCU),gdp_real_constant_lcu_annual,2025,annual,16856549594760.6,constant local currency units (source base year varies),observed,WB_WDI,NY.GDP.MKTP.KN
Angola,AGO,Sub-Saharan Africa,Lower middle income,GDP (current LCU),gdp_nominal_current_lcu_annual,2025,annual,129255156031500.0,current local currency units,observed,WB_WDI,NY.GDP.MKTP.CN
Angola,AGO,Sub-Saharan Africa,Lower middle income,GDP (current US$),gdp_nominal_current_usd_annual,2025,annual,122174889423.635,current US dollars,observed,WB_WDI,NY.GDP.MKTP.CD
Angola,AGO,Sub-Saharan Africa,Lower middle income,GDP growth (annual %),gdp_real_growth_yoy_pct_annual,2025,annual,3.13353542450008,percent per year,observed,WB_WDI,NY.GDP.MKTP.KD.ZG
Angola,AGO,Sub-Saharan Africa,Lower middle income,GDP per capita (constant 2015 US$),gdp_per_capita_real_2015_usd_annual,2025,annual,2800.95785565447,constant 2015 US dollars per person,observed,WB_WDI,NY.GDP.PCAP.KD
Angola,AGO,Sub-Saharan Africa,Lower middle income,GDP per capita (constant LCU),gdp_per_capita_real_lcu_annual,2025,annual,431775.941483066,constant local currency units per person (source base year varies),observed,WB_WDI,NY.GDP.PCAP.KN
Angola,AGO,Sub-Saharan Africa,Lower middle income,GDP per capita (current LCU),gdp_per_capita_nominal_lcu_annual,2025,annual,3310835.73024863,current local currency units per person,observed,WB_WDI,NY.GDP.PCAP.CN
Angola,AGO,Sub-Saharan Africa,Lower middle income,GDP per capita (current US$),gdp_per_capita_nominal_usd_annual,2025,annual,3129.47662331063,current US dollars per person,observed,WB_WDI,NY.GDP.PCAP.CD
Angola,AGO,Sub-Saharan Africa,Lower middle income,GDP per capita growth (annual %),gdp_per_capita_real_growth_yoy_pct_annual,2025,annual,0.0844684076458151,percent per year,observed,WB_WDI,NY.GDP.PCAP.KD.ZG
Angola,AGO,Sub-Saharan Africa,Lower middle income,"GNI per capita, PPP (current international $)",gni_per_capita_ppp_current_intl_dollar_annual,2025,annual,9840.0,current international dollars per person,observed,WB_WDI,NY.GNP.PCAP.PP.CD
Angola,AGO,Sub-Saharan Africa,Lower middle income,"Inflation, consumer prices (annual %)",inflation_consumer_prices_yoy_pct_annual_wdi,2025,annual,20.1620197572331,percent per year,observed,WB_WDI,FP.CPI.TOTL.ZG
Angola,AGO,Sub-Saharan Africa,Lower middle income,"Life expectancy at birth, total (years)",life_expectancy_years_annual,2024,annual,64.805,years,observed,WB_WDI,SP.DYN.LE00.IN
Angola,AGO,Sub-Saharan Africa,Lower middle income,"Nominal GDP growth, year over year (annual)",gdp_nominal_growth_yoy_pct_annual_lcu,2025,annual,24.270554952135328,percent per year,derived,WB_WDI,calculated:NY.GDP.MKTP.CN:year_over_year
Angola,AGO,Sub-Saharan Africa,Lower middle income,"Nominal GDP per-capita growth, year over year (annual)",gdp_per_capita_nominal_growth_yoy_pct_annual_lcu,2025,annual,20.596587520386358,percent per year,derived,WB_WDI,calculated:NY.GDP.PCAP.CN:year_over_year
Angola,AGO,Sub-Saharan Africa,Lower middle income,"Population, total",population_total_annual,2025,annual,39040039.0,people,observed,WB_WDI,SP.POP.TOTL
Angola,AGO,Sub-Saharan Africa,Lower middle income,Poverty headcount ratio at $3.00 a day (2021 PPP) (% of population),poverty_headcount_at_3usd_2021_ppp_pct_annual,2018,annual,39.3,percent of population,observed,WB_WDI,SI.POV.DDAY
Angola,AGO,Sub-Saharan Africa,Lower middle income,"Unemployment, total (% of total labor force) (modeled ILO estimate)",unemployment_rate_ilo_modeled_pct_annual,2025,annual,14.108,percent of labor force,observed,WB_WDI,SL.UEM.TOTL.ZS
Albania,ALB,Europe & Central Asia,Upper middle income,Consumer price index (2010 = 100),cpi_index_annual_wdi,2025,annual,144.10468095511,index points (2010=100),observed,WB_WDI,FP.CPI.TOTL
Albania,ALB,Europe & Central Asia,Upper middle income,GDP (constant 2015 US$),gdp_real_constant_2015_usd_annual,2025,annual,16158243058.8297,constant 2015 US dollars,observed,WB_WDI,NY.GDP.MKTP.KD
Albania,ALB,Europe & Central Asia,Upper middle income,GDP (constant LCU),gdp_real_constant_lcu_annual,2025,annual,2124749043600.0,constant local currency units (source base year varies),observed,WB_WDI,NY.GDP.MKTP.KN
Albania,ALB,Europe & Central Asia,Upper middle income,GDP (current LCU),gdp_nominal_current_lcu_annual,2025,annual,2650990132400.0,current local currency units,observed,WB_WDI,NY.GDP.MKTP.CN
Albania,ALB,Europe & Central Asia,Upper middle income,GDP (current US$),gdp_nominal_current_usd_annual,2025,annual,30540188271.3421,current US dollars,observed,WB_WDI,NY.GDP.MKTP.CD
Albania,ALB,Europe & Central Asia,Upper middle income,GDP growth (annual %),gdp_real_growth_yoy_pct_annual,2025,annual,3.78893836241024,percent per year,observed,WB_WDI,NY.GDP.MKTP.KD.ZG
Albania,ALB,Europe & Central Asia,Upper middle income,GDP per capita (constant 2015 US$),gdp_per_capita_real_2015_usd_annual,2025,annual,6877.07720478965,constant 2015 US dollars per person,observed,WB_WDI,NY.GDP.PCAP.KD
Albania,ALB,Europe & Central Asia,Upper middle income,GDP per capita (constant LCU),gdp_per_capita_real_lcu_annual,2025,annual,904310.150580104,constant local currency units per person (source base year varies),observed,WB_WDI,NY.GDP.PCAP.KN
Albania,ALB,Europe & Central Asia,Upper middle income,GDP per capita (current LCU),gdp_per_capita_nominal_lcu_annual,2025,annual,1128282.55790397,current local currency units per person,observed,WB_WDI,NY.GDP.PCAP.CN
Albania,ALB,Europe & Central Asia,Upper middle income,GDP per capita (current US$),gdp_per_capita_nominal_usd_annual,2025,annual,12998.147869552,current US dollars per person,observed,WB_WDI,NY.GDP.PCAP.CD
Albania,ALB,Europe & Central Asia,Upper middle income,GDP per capita growth (annual %),gdp_per_capita_real_growth_yoy_pct_annual,2025,annual,5.00582719956736,percent per year,observed,WB_WDI,NY.GDP.PCAP.KD.ZG
Albania,ALB,Europe & Central Asia,Upper middle income,"GNI per capita, PPP (current international $)",gni_per_capita_ppp_current_intl_dollar_annual,2025,annual,28170.0,current international dollars per person,observed,WB_WDI,NY.GNP.PCAP.PP.CD
Albania,ALB,Europe & Central Asia,Upper middle income,"Inflation, consumer prices (annual %)",inflation_consumer_prices_yoy_pct_annual_wdi,2025,annual,2.14618551167388,percent per year,observed,WB_WDI,FP.CPI.TOTL.ZG
Albania,ALB,Europe & Central Asia,Upper middle income,"Life expectancy at birth, total (years)",life_expectancy_years_annual,2024,annual,79.776,years,observed,WB_WDI,SP.DYN.LE00.IN
Albania,ALB,Europe & Central Asia,Upper middle income,"Nominal GDP growth, year over year (annual)",gdp_nominal_growth_yoy_pct_annual_lcu,2025,annual,5.2891162968977,percent per year,derived,WB_WDI,calculated:NY.GDP.MKTP.CN:year_over_year
Albania,ALB,Europe & Central Asia,Upper middle income,"Nominal GDP per-capita growth, year over year (annual)",gdp_per_capita_nominal_growth_yoy_pct_annual_lcu,2025,annual,6.523594193265092,percent per year,derived,WB_WDI,calculated:NY.GDP.PCAP.CN:year_over_year
Albania,ALB,Europe & Central Asia,Upper middle income,"Population, total",population_total_annual,2025,annual,2349580.0,people,observed,WB_WDI,SP.POP.TOTL
Albania,ALB,Europe & Central Asia,Upper middle income,Poverty headcount ratio at $3.00 a day (2021 PPP) (% of population),poverty_headcount_at_3usd_2021_ppp_pct_annual,2020,annual,0.3,percent of population,observed,WB_WDI,SI.POV.DDAY
Albania,ALB,Europe & Central Asia,Upper middle income,"Unemployment, total (% of total labor force) (modeled ILO estimate)",unemployment_rate_ilo_modeled_pct_annual,2025,annual,10.926,percent of labor force,observed,WB_WDI,SL.UEM.TOTL.ZS
Andorra,AND,Europe & Central Asia,High income,GDP (constant 2015 US$),gdp_real_constant_2015_usd_annual,2025,annual,3508466410.96936,constant 2015 US dollars,observed,WB_WDI,NY.GDP.MKTP.KD
Andorra,AND,Europe & Central Asia,High income,GDP (constant LCU),gdp_real_constant_lcu_annual,2025,annual,3118430000.0,constant local currency units (source base year varies),observed,WB_WDI,NY.GDP.MKTP.KN
Andorra,AND,Europe & Central Asia,High income,GDP (current LCU),gdp_nominal_current_lcu_annual,2025,annual,3983230000.0,current local currency units,observed,WB_WDI,NY.GDP.MKTP.CN
Andorra,AND,Europe & Central Asia,High income,GDP (current US$),gdp_nominal_current_usd_annual,2025,annual,4500982731.80784,current US dollars,observed,WB_WDI,NY.GDP.MKTP.CD
Andorra,AND,Europe & Central Asia,High income,GDP growth (annual %),gdp_real_growth_yoy_pct_annual,2025,annual,3.86803450687808,percent per year,observed,WB_WDI,NY.GDP.MKTP.KD.ZG
Andorra,AND,Europe & Central Asia,High income,GDP per capita (constant 2015 US$),gdp_per_capita_real_2015_usd_annual,2025,annual,42319.6276533021,constant 2015 US dollars per person,observed,WB_WDI,NY.GDP.PCAP.KD
Andorra,AND,Europe & Central Asia,High income,GDP per capita (constant LCU),gdp_per_capita_real_lcu_annual,2025,annual,37614.9522339091,constant local currency units per person (source base year varies),observed,WB_WDI,NY.GDP.PCAP.KN
Andorra,AND,Europe & Central Asia,High income,GDP per capita (current LCU),gdp_per_capita_nominal_lcu_annual,2025,annual,48046.294509312,current local currency units per person,observed,WB_WDI,NY.GDP.PCAP.CN
Andorra,AND,Europe & Central Asia,High income,GDP per capita (current US$),gdp_per_capita_nominal_usd_annual,2025,annual,54291.5026031052,current US dollars per person,observed,WB_WDI,NY.GDP.PCAP.CD
Andorra,AND,Europe & Central Asia,High income,GDP per capita growth (annual %),gdp_per_capita_real_growth_yoy_pct_annual,2025,annual,2.65776092136174,percent per year,observed,WB_WDI,NY.GDP.PCAP.KD.ZG
Andorra,AND,Europe & Central Asia,High income,"GNI per capita, PPP (current international $)",gni_per_capita_ppp_current_intl_dollar_annual,2025,annual,80950.0,current international dollars per person,observed,WB_WDI,NY.GNP.PCAP.PP.CD
Andorra,AND,Europe & Central Asia,High income,"Life expectancy at birth, total (years)",life_expectancy_years_annual,2024,annual,84.188,years,observed,WB_WDI,SP.DYN.LE00.IN
Andorra,AND,Europe & Central Asia,High income,"Nominal GDP growth, year over year (annual)",gdp_nominal_growth_yoy_pct_annual_lcu,2025,annual,6.604950166468626,percent per year,derived,WB_WDI,calculated:NY.GDP.MKTP.CN:year_over_year
Andorra,AND,Europe & Central Asia,High income,"Nominal GDP per-capita growth, year over year (annual)",gdp_per_capita_nominal_growth_yoy_pct_annual_lcu,2025,annual,5.362785954117055,percent per year,derived,WB_WDI,calculated:NY.GDP.PCAP.CN:year_over_year
Andorra,AND,Europe & Central Asia,High income,"Population, total",population_total_annual,2025,annual,82904.0,people,observed,WB_WDI,SP.POP.TOTL
United Arab Emirates,ARE,"Middle East, North Africa, Afghanistan & Pakistan",High income,Consumer price index (2010 = 100),cpi_index_annual_wdi,2025,annual,123.741984916697,index points (2010=100),observed,WB_WDI,FP.CPI.TOTL
United Arab Emirates,ARE,"Middle East, North Africa, Afghanistan & Pakistan",High income,GDP (constant 2015 US$),gdp_real_constant_2015_usd_annual,2024,annual,457093718948.957,constant 2015 US dollars,observed,WB_WDI,NY.GDP.MKTP.KD
United Arab Emirates,ARE,"Middle East, North Africa, Afghanistan & Pakistan",High income,GDP (constant LCU),gdp_real_constant_lcu_annual,2024,annual,1776490636842.15,constant local currency units (source base year varies),observed,WB_WDI,NY.GDP.MKTP.KN
United Arab Emirates,ARE,"Middle East, North Africa, Afghanistan & Pakistan",High income,GDP (current LCU),gdp_nominal_current_lcu_annual,2024,annual,2028413265379.59,current local currency units,observed,WB_WDI,NY.GDP.MKTP.CN
United Arab Emirates,ARE,"Middle East, North Africa, Afghanistan & Pakistan",High income,GDP (current US$),gdp_nominal_current_usd_annual,2024,annual,552324919095.872,current US dollars,observed,WB_WDI,NY.GDP.MKTP.CD
United Arab Emirates,ARE,"Middle East, North Africa, Afghanistan & Pakistan",High income,GDP growth (annual %),gdp_real_growth_yoy_pct_annual,2024,annual,3.99181200361831,percent per year,observed,WB_WDI,NY.GDP.MKTP.KD.ZG
United Arab Emirates,ARE,"Middle East, North Africa, Afghanistan & Pakistan",High income,GDP per capita (constant 2015 US$),gdp_per_capita_real_2015_usd_annual,2024,annual,41605.4138706908,constant 2015 US dollars per person,observed,WB_WDI,NY.GDP.PCAP.KD
United Arab Emirates,ARE,"Middle East, North Africa, Afghanistan & Pakistan",High income,GDP per capita (constant LCU),gdp_per_capita_real_lcu_annual,2024,annual,161699.06765111,constant local currency units per person (source base year varies),observed,WB_WDI,NY.GDP.PCAP.KN
United Arab Emirates,ARE,"Middle East, North Africa, Afghanistan & Pakistan",High income,GDP per capita (current LCU),gdp_per_capita_nominal_lcu_annual,2024,annual,184629.47511283,current local currency units per person,observed,WB_WDI,NY.GDP.PCAP.CN
United Arab Emirates,ARE,"Middle East, North Africa, Afghanistan & Pakistan",High income,GDP per capita (current US$),gdp_per_capita_nominal_usd_annual,2024,annual,50273.5126243239,current US dollars per person,observed,WB_WDI,NY.GDP.PCAP.CD
United Arab Emirates,ARE,"Middle East, North Africa, Afghanistan & Pakistan",High income,GDP per capita growth (annual %),gdp_per_capita_real_growth_yoy_pct_annual,2024,annual,-0.766014064229807,percent per year,observed,WB_WDI,NY.GDP.PCAP.KD.ZG
United Arab Emirates,ARE,"Middle East, North Africa, Afghanistan & Pakistan",High income,"GNI per capita, PPP (current international $)",gni_per_capita_ppp_current_intl_dollar_annual,2024,annual,81640.0,current international dollars per person,observed,WB_WDI,NY.GNP.PCAP.PP.CD
United Arab Emirates,ARE,"Middle East, North Africa, Afghanistan & Pakistan",High income,"Inflation, consumer prices (annual %)",inflation_consumer_prices_yoy_pct_annual_wdi,2025,annual,1.250865245598,percent per year,observed,WB_WDI,FP.CPI.TOTL.ZG
United Arab Emirates,ARE,"Middle East, North Africa, Afghanistan & Pakistan",High income,"Life expectancy at birth, total (years)",life_expectancy_years_annual,2024,annual,83.069,years,observed,WB_WDI,SP.DYN.LE00.IN
United Arab Emirates,ARE,"Middle East, North Africa, Afghanistan & Pakistan",High income,"Nominal GDP growth, year over year (annual)",gdp_nominal_growth_yoy_pct_annual_lcu,2024,annual,5.683387886554825,percent per year,derived,WB_WDI,calculated:NY.GDP.MKTP.CN:year_over_year
United Arab Emirates,ARE,"Middle East, North Africa, Afghanistan & Pakistan",High income,"Nominal GDP per-capita growth, year over year (annual)",gdp_per_capita_nominal_growth_yoy_pct_annual_lcu,2024,annual,0.8481689578990981,percent per year,derived,WB_WDI,calculated:NY.GDP.PCAP.CN:year_over_year
United Arab Emirates,ARE,"Middle East, North Africa, Afghanistan & Pakistan",High income,"Population, total",population_total_annual,2025,annual,11513149.0,people,observed,WB_WDI,SP.POP.TOTL
United Arab Emirates,ARE,"Middle East, North Africa, Afghanistan & Pakistan",High income,Poverty headcount ratio at $3.00 a day (2021 PPP) (% of population),poverty_headcount_at_3usd_2021_ppp_pct_annual,2018,annual,0.0,percent of population,observed,WB_WDI,SI.POV.DDAY
United Arab Emirates,ARE,"Middle East, North Africa, Afghanistan & Pakistan",High income,"Unemployment, total (% of total labor force) (modeled ILO estimate)",unemployment_rate_ilo_modeled_pct_annual,2025,annual,2.174,percent of labor force,observed,WB_WDI,SL.UEM.TOTL.ZS
Argentina,ARG,Latin America & Caribbean,Upper middle income,GDP (constant 2015 US$),gdp_real_constant_2015_usd_annual,2025,annual,609232576079.322,constant 2015 US dollars,observed,WB_WDI,NY.GDP.MKTP.KD
Argentina,ARG,Latin America & Caribbean,Upper middle income,GDP (constant LCU),gdp_real_constant_lcu_annual,2025,annual,739056748300.0,constant local currency units (source base year varies),observed,WB_WDI,NY.GDP.MKTP.KN
Argentina,ARG,Latin America & Caribbean,Upper middle income,GDP (current LCU),gdp_nominal_current_lcu_annual,2025,annual,847622872687300.0,current local currency units,observed,WB_WDI,NY.GDP.MKTP.CN
Argentina,ARG,Latin America & Caribbean,Upper middle income,GDP (current US$),gdp_nominal_current_usd_annual,2025,annual,683097891618.597,current US dollars,observed,WB_WDI,NY.GDP.MKTP.CD
Argentina,ARG,Latin America & Caribbean,Upper middle income,GDP growth (annual %),gdp_real_growth_yoy_pct_annual,2025,annual,4.36733330217022,percent per year,observed,WB_WDI,NY.GDP.MKTP.KD.ZG
Argentina,ARG,Latin America & Caribbean,Upper middle income,GDP per capita (constant 2015 US$),gdp_per_capita_real_2015_usd_annual,2025,annual,13287.1159527489,constant 2015 US dollars per person,observed,WB_WDI,NY.GDP.PCAP.KD
Argentina,ARG,Latin America & Caribbean,Upper middle income,GDP per capita (constant LCU),gdp_per_capita_real_lcu_annual,2025,annual,16118.5286143418,constant local currency units per person (source base year varies),observed,WB_WDI,NY.GDP.PCAP.KN
Argentina,ARG,Latin America & Caribbean,Upper middle income,GDP per capita (current LCU),gdp_per_capita_nominal_lcu_annual,2025,annual,18486311.8549523,current local currency units per person,observed,WB_WDI,NY.GDP.PCAP.CN
Argentina,ARG,Latin America & Caribbean,Upper middle income,GDP per capita (current US$),gdp_per_capita_nominal_usd_annual,2025,annual,14898.0885943842,current US dollars per person,observed,WB_WDI,NY.GDP.PCAP.CD
Argentina,ARG,Latin America & Caribbean,Upper middle income,GDP per capita growth (annual %),gdp_per_capita_real_growth_yoy_pct_annual,2025,annual,4.01402236988311,percent per year,observed,WB_WDI,NY.GDP.PCAP.KD.ZG
Argentina,ARG,Latin America & Caribbean,Upper middle income,"GNI per capita, PPP (current international $)",gni_per_capita_ppp_current_intl_dollar_annual,2025,annual,31920.0,current international dollars per person,observed,WB_WDI,NY.GNP.PCAP.PP.CD
Argentina,ARG,Latin America & Caribbean,Upper middle income,"Inflation, consumer prices (annual %)",inflation_consumer_prices_yoy_pct_annual_wdi,2024,annual,219.883929014578,percent per year,observed,WB_WDI,FP.CPI.TOTL.ZG
Argentina,ARG,Latin America & Caribbean,Upper middle income,"Life expectancy at birth, total (years)",life_expectancy_years_annual,2024,annual,77.543,years,observed,WB_WDI,SP.DYN.LE00.IN
Argentina,ARG,Latin America & Caribbean,Upper middle income,"Nominal GDP growth, year over year (annual)",gdp_nominal_growth_yoy_pct_annual_lcu,2025,annual,45.16336950290416,percent per year,derived,WB_WDI,calculated:NY.GDP.MKTP.CN:year_over_year
Argentina,ARG,Latin America & Caribbean,Upper middle income,"Nominal GDP per-capita growth, year over year (annual)",gdp_per_capita_nominal_growth_yoy_pct_annual_lcu,2025,annual,44.67195323509006,percent per year,derived,WB_WDI,calculated:NY.GDP.PCAP.CN:year_over_year
Argentina,ARG,Latin America & Caribbean,Upper middle income,"Population, total",population_total_annual,2025,annual,45851378.0,people,observed,WB_WDI,SP.POP.TOTL
Argentina,ARG,Latin America & Caribbean,Upper middle income,Poverty headcount ratio at $3.00 a day (2021 PPP) (% of population),poverty_headcount_at_3usd_2021_ppp_pct_annual,2024,annual,1.0,percent of population,observed,WB_WDI,SI.POV.DDAY
Argentina,ARG,Latin America & Caribbean,Upper middle income,"Unemployment, total (% of total labor force) (modeled ILO estimate)",unemployment_rate_ilo_modeled_pct_annual,2025,annual,7.145,percent of labor force,observed,WB_WDI,SL.UEM.TOTL.ZS
Armenia,ARM,Europe & Central Asia,Upper middle income,Consumer price index (2010 = 100),cpi_index_annual_wdi,2025,annual,160.824923305969,index points (2010=100),observed,WB_WDI,FP.CPI.TOTL
Armenia,ARM,Europe & Central Asia,Upper middle income,GDP (constant 2015 US$),gdp_real_constant_2015_usd_annual,2025,annual,17489816843.4203,constant 2015 US dollars,observed,WB_WDI,NY.GDP.MKTP.KD
Armenia,ARM,Europe & Central Asia,Upper middle income,GDP (constant LCU),gdp_real_constant_lcu_annual,2025,annual,7809135109977.6,constant local currency units (source base year varies),observed,WB_WDI,NY.GDP.MKTP.KN
Armenia,ARM,Europe & Central Asia,Upper middle income,GDP (current LCU),gdp_nominal_current_lcu_annual,2025,annual,11317508700000.0,current local currency units,observed,WB_WDI,NY.GDP.MKTP.CN
Armenia,ARM,Europe & Central Asia,Upper middle income,GDP (current US$),gdp_nominal_current_usd_annual,2025,annual,29243452882.3545,current US dollars,observed,WB_WDI,NY.GDP.MKTP.CD
Armenia,ARM,Europe & Central Asia,Upper middle income,GDP growth (annual %),gdp_real_growth_yoy_pct_annual,2025,annual,7.2,percent per year,observed,WB_WDI,NY.GDP.MKTP.KD.ZG
Armenia,ARM,Europe & Central Asia,Upper middle income,GDP per capita (constant 2015 US$),gdp_per_capita_real_2015_usd_annual,2025,annual,5666.18616756416,constant 2015 US dollars per person,observed,WB_WDI,NY.GDP.PCAP.KD
Armenia,ARM,Europe & Central Asia,Upper middle income,GDP per capita (constant LCU),gdp_per_capita_real_lcu_annual,2025,annual,2529930.05798348,constant local currency units per person (source base year varies),observed,WB_WDI,NY.GDP.PCAP.KN
Armenia,ARM,Europe & Central Asia,Upper middle income,GDP per capita (current LCU),gdp_per_capita_nominal_lcu_annual,2025,annual,3666539.89697735,current local currency units per person,observed,WB_WDI,NY.GDP.PCAP.CN
Armenia,ARM,Europe & Central Asia,Upper middle income,GDP per capita (current US$),gdp_per_capita_nominal_usd_annual,2025,annual,9474.01849300368,current US dollars per person,observed,WB_WDI,NY.GDP.PCAP.CD
Armenia,ARM,Europe & Central Asia,Upper middle income,GDP per capita growth (annual %),gdp_per_capita_real_growth_yoy_pct_annual,2025,annual,5.35238280364143,percent per year,observed,WB_WDI,NY.GDP.PCAP.KD.ZG
Armenia,ARM,Europe & Central Asia,Upper middle income,"GNI per capita, PPP (current international $)",gni_per_capita_ppp_current_intl_dollar_annual,2025,annual,24020.0,current international dollars per person,observed,WB_WDI,NY.GNP.PCAP.PP.CD
Armenia,ARM,Europe & Central Asia,Upper middle income,"Inflation, consumer prices (annual %)",inflation_consumer_prices_yoy_pct_annual_wdi,2025,annual,3.30693341072904,percent per year,observed,WB_WDI,FP.CPI.TOTL.ZG
Armenia,ARM,Europe & Central Asia,Upper middle income,"Life expectancy at birth, total (years)",life_expectancy_years_annual,2024,annual,78.319512195122,years,observed,WB_WDI,SP.DYN.LE00.IN
Armenia,ARM,Europe & Central Asia,Upper middle income,"Nominal GDP growth, year over year (annual)",gdp_nominal_growth_yoy_pct_annual_lcu,2025,annual,11.027642521344138,percent per year,derived,WB_WDI,calculated:NY.GDP.MKTP.CN:year_over_year
Armenia,ARM,Europe & Central Asia,Upper middle income,"Nominal GDP per-capita growth, year over year (annual)",gdp_per_capita_nominal_growth_yoy_pct_annual_lcu,2025,annual,9.114055006478594,percent per year,derived,WB_WDI,calculated:NY.GDP.PCAP.CN:year_over_year
Armenia,ARM,Europe & Central Asia,Upper middle income,"Population, total",population_total_annual,2025,annual,3086700.0,people,observed,WB_WDI,SP.POP.TOTL
Armenia,ARM,Europe & Central Asia,Upper middle income,Poverty headcount ratio at $3.00 a day (2021 PPP) (% of population),poverty_headcount_at_3usd_2021_ppp_pct_annual,2024,annual,0.8,percent of population,observed,WB_WDI,SI.POV.DDAY
Armenia,ARM,Europe & Central Asia,Upper middle income,"Unemployment, total (% of total labor force) (modeled ILO estimate)",unemployment_rate_ilo_modeled_pct_annual,2025,annual,12.871,percent of labor force,observed,WB_WDI,SL.UEM.TOTL.ZS
American Samoa,ASM,East Asia & Pacific,High income,GDP (constant 2015 US$),gdp_real_constant_2015_usd_annual,2022,annual,662725190.839695,constant 2015 US dollars,observed,WB_WDI,NY.GDP.MKTP.KD
American Samoa,ASM,East Asia & Pacific,High income,GDP (constant LCU),gdp_real_constant_lcu_annual,2022,annual,645000000.0,constant local currency units (source base year varies),observed,WB_WDI,NY.GDP.MKTP.KN
American Samoa,ASM,East Asia & Pacific,High income,GDP (current LCU),gdp_nominal_current_lcu_annual,2022,annual,871000000.0,current local currency units,observed,WB_WDI,NY.GDP.MKTP.CN
American Samoa,ASM,East Asia & Pacific,High income,GDP (current US$),gdp_nominal_current_usd_annual,2022,annual,871000000.0,current US dollars,observed,WB_WDI,NY.GDP.MKTP.CD
American Samoa,ASM,East Asia & Pacific,High income,GDP growth (annual %),gdp_real_growth_yoy_pct_annual,2022,annual,1.73501577287065,percent per year,observed,WB_WDI,NY.GDP.MKTP.KD.ZG
American Samoa,ASM,East Asia & Pacific,High income,GDP per capita (constant 2015 US$),gdp_per_capita_real_2015_usd_annual,2022,annual,13709.0974895473,constant 2015 US dollars per person,observed,WB_WDI,NY.GDP.PCAP.KD
American Samoa,ASM,East Asia & Pacific,High income,GDP per capita (constant LCU),gdp_per_capita_real_lcu_annual,2022,annual,13342.4351495594,constant local currency units per person (source base year varies),observed,WB_WDI,NY.GDP.PCAP.KN
American Samoa,ASM,East Asia & Pacific,High income,GDP per capita (current LCU),gdp_per_capita_nominal_lcu_annual,2022,annual,18017.4589383973,current local currency units per person,observed,WB_WDI,NY.GDP.PCAP.CN
American Samoa,ASM,East Asia & Pacific,High income,GDP per capita (current US$),gdp_per_capita_nominal_usd_annual,2022,annual,18017.4589383973,current US dollars per person,observed,WB_WDI,NY.GDP.PCAP.CD
American Samoa,ASM,East Asia & Pacific,High income,GDP per capita growth (annual %),gdp_per_capita_real_growth_yoy_pct_annual,2022,annual,3.59327606262792,percent per year,observed,WB_WDI,NY.GDP.PCAP.KD.ZG
American Samoa,ASM,East Asia & Pacific,High income,"Life expectancy at birth, total (years)",life_expectancy_years_annual,2024,annual,72.992,years,observed,WB_WDI,SP.DYN.LE00.IN
American Samoa,ASM,East Asia & Pacific,High income,"Nominal GDP growth, year over year (annual)",gdp_nominal_growth_yoy_pct_annual_lcu,2022,annual,16.133333333333333,percent per year,derived,WB_WDI,calculated:NY.GDP.MKTP.CN:year_over_year
American Samoa,ASM,East Asia & Pacific,High income,"Nominal GDP per-capita growth, year over year (annual)",gdp_per_capita_nominal_growth_yoy_pct_annual_lcu,2022,annual,18.254588832347896,percent per year,derived,WB_WDI,calculated:NY.GDP.PCAP.CN:year_over_year
American Samoa,ASM,East Asia & Pacific,High income,"Population, total",population_total_annual,2025,annual,46029.0,people,observed,WB_WDI,SP.POP.TOTL
Antigua and Barbuda,ATG,Latin America & Caribbean,High income,Consumer price index (2010 = 100),cpi_index_annual_wdi,2025,annual,144.193894247506,index points (2010=100),observed,WB_WDI,FP.CPI.TOTL
Antigua and Barbuda,ATG,Latin America & Caribbean,High income,GDP (constant 2015 US$),gdp_real_constant_2015_usd_annual,2025,annual,1802246648.67464,constant 2015 US dollars,observed,WB_WDI,NY.GDP.MKTP.KD
Antigua and Barbuda,ATG,Latin America & Caribbean,High income,GDP (constant LCU),gdp_real_constant_lcu_annual,2025,annual,4928440000.0,constant local currency units (source base year varies),observed,WB_WDI,NY.GDP.MKTP.KN
Antigua and Barbuda,ATG,Latin America & Caribbean,High income,GDP (current LCU),gdp_nominal_current_lcu_annual,2025,annual,6313130000.0,current local currency units,observed,WB_WDI,NY.GDP.MKTP.CN
Antigua and Barbuda,ATG,Latin America & Caribbean,High income,GDP (current US$),gdp_nominal_current_usd_annual,2025,annual,2338196296.2963,current US dollars,observed,WB_WDI,NY.GDP.MKTP.CD
Antigua and Barbuda,ATG,Latin America & Caribbean,High income,GDP growth (annual %),gdp_real_growth_yoy_pct_annual,2025,annual,4.99803998431987,percent per year,observed,WB_WDI,NY.GDP.MKTP.KD.ZG
Antigua and Barbuda,ATG,Latin America & Caribbean,High income,GDP per capita (constant 2015 US$),gdp_per_capita_real_2015_usd_annual,2025,annual,19130.3022925054,constant 2015 US dollars per person,observed,WB_WDI,NY.GDP.PCAP.KD
Antigua and Barbuda,ATG,Latin America & Caribbean,High income,GDP per capita (constant LCU),gdp_per_capita_real_lcu_annual,2025,annual,52313.8978229256,constant local currency units per person (source base year varies),observed,WB_WDI,NY.GDP.PCAP.KN
Antigua and Barbuda,ATG,Latin America & Caribbean,High income,GDP per capita (current LCU),gdp_per_capita_nominal_lcu_annual,2025,annual,67011.9627636425,current local currency units per person,observed,WB_WDI,NY.GDP.PCAP.CN
Antigua and Barbuda,ATG,Latin America & Caribbean,High income,GDP per capita (current US$),gdp_per_capita_nominal_usd_annual,2025,annual,24819.2454680158,current US dollars per person,observed,WB_WDI,NY.GDP.PCAP.CD
Antigua and Barbuda,ATG,Latin America & Caribbean,High income,GDP per capita growth (annual %),gdp_per_capita_real_growth_yoy_pct_annual,2025,annual,4.51099369921818,percent per year,observed,WB_WDI,NY.GDP.PCAP.KD.ZG
Antigua and Barbuda,ATG,Latin America & Caribbean,High income,"GNI per capita, PPP (current international $)",gni_per_capita_ppp_current_intl_dollar_annual,2025,annual,34670.0,current international dollars per person,observed,WB_WDI,NY.GNP.PCAP.PP.CD
Antigua and Barbuda,ATG,Latin America & Caribbean,High income,"Inflation, consumer prices (annual %)",inflation_consumer_prices_yoy_pct_annual_wdi,2025,annual,1.36873527521954,percent per year,observed,WB_WDI,FP.CPI.TOTL.ZG
Antigua and Barbuda,ATG,Latin America & Caribbean,High income,"Life expectancy at birth, total (years)",life_expectancy_years_annual,2024,annual,77.766,years,observed,WB_WDI,SP.DYN.LE00.IN
Antigua and Barbuda,ATG,Latin America & Caribbean,High income,"Nominal GDP growth, year over year (annual)",gdp_nominal_growth_yoy_pct_annual_lcu,2025,annual,8.131351280061793,percent per year,derived,WB_WDI,calculated:NY.GDP.MKTP.CN:year_over_year
Antigua and Barbuda,ATG,Latin America & Caribbean,High income,"Nominal GDP per-capita growth, year over year (annual)",gdp_per_capita_nominal_growth_yoy_pct_annual_lcu,2025,annual,7.62977074625506,percent per year,derived,WB_WDI,calculated:NY.GDP.PCAP.CN:year_over_year
Antigua and Barbuda,ATG,Latin America & Caribbean,High income,"Population, total",population_total_annual,2025,annual,94209.0,people,observed,WB_WDI,SP.POP.TOTL
Australia,AUS,East Asia & Pacific,High income,Consumer price index (2010 = 100),cpi_index_annual_wdi,2025,annual,148.457258197608,index points (2010=100),observed,WB_WDI,FP.CPI.TOTL
Australia,AUS,East Asia & Pacific,High income,GDP (constant 2015 US$),gdp_real_constant_2015_usd_annual,2025,annual,1694657951604.12,constant 2015 US dollars,observed,WB_WDI,NY.GDP.MKTP.KD
Australia,AUS,East Asia & Pacific,High income,GDP (constant LCU),gdp_real_constant_lcu_annual,2025,annual,2716216000000.0,constant local currency units (source base year varies),observed,WB_WDI,NY.GDP.MKTP.KN
Australia,AUS,East Asia & Pacific,High income,GDP (current LCU),gdp_nominal_current_lcu_annual,2025,annual,2778897000000.0,current local currency units,observed,WB_WDI,NY.GDP.MKTP.CN
Australia,AUS,East Asia & Pacific,High income,GDP (current US$),gdp_nominal_current_usd_annual,2025,annual,1798518933689.21,current US dollars,observed,WB_WDI,NY.GDP.MKTP.CD
Australia,AUS,East Asia & Pacific,High income,GDP growth (annual %),gdp_real_growth_yoy_pct_annual,2025,annual,1.35039785076631,percent per year,observed,WB_WDI,NY.GDP.MKTP.KD.ZG
Australia,AUS,East Asia & Pacific,High income,GDP per capita (constant 2015 US$),gdp_per_capita_real_2015_usd_annual,2025,annual,61368.6075579929,constant 2015 US dollars per person,observed,WB_WDI,NY.GDP.PCAP.KD
Australia,AUS,East Asia & Pacific,High income,GDP per capita (constant LCU),gdp_per_capita_real_lcu_annual,2025,annual,98362.2645436834,constant local currency units per person (source base year varies),observed,WB_WDI,NY.GDP.PCAP.KN
Australia,AUS,East Asia & Pacific,High income,GDP per capita (current LCU),gdp_per_capita_nominal_lcu_annual,2025,annual,100632.13008599,current local currency units per person,observed,WB_WDI,NY.GDP.PCAP.CN
Australia,AUS,East Asia & Pacific,High income,GDP per capita (current US$),gdp_per_capita_nominal_usd_annual,2025,annual,65129.7227990563,current US dollars per person,observed,WB_WDI,NY.GDP.PCAP.CD
Australia,AUS,East Asia & Pacific,High income,GDP per capita growth (annual %),gdp_per_capita_real_growth_yoy_pct_annual,2025,annual,-0.191544720344581,percent per year,observed,WB_WDI,NY.GDP.PCAP.KD.ZG
Australia,AUS,East Asia & Pacific,High income,"GNI per capita, PPP (current international $)",gni_per_capita_ppp_current_intl_dollar_annual,2025,annual,69930.0,current international dollars per person,observed,WB_WDI,NY.GNP.PCAP.PP.CD
Australia,AUS,East Asia & Pacific,High income,"Inflation, consumer prices (annual %)",inflation_consumer_prices_yoy_pct_annual_wdi,2025,annual,2.87403791660173,percent per year,observed,WB_WDI,FP.CPI.TOTL.ZG
Australia,AUS,East Asia & Pacific,High income,"Life expectancy at birth, total (years)",life_expectancy_years_annual,2024,annual,83.0512195121951,years,observed,WB_WDI,SP.DYN.LE00.IN
Australia,AUS,East Asia & Pacific,High income,"Nominal GDP growth, year over year (annual)",gdp_nominal_growth_yoy_pct_annual_lcu,2025,annual,3.6892193169839826,percent per year,derived,WB_WDI,calculated:NY.GDP.MKTP.CN:year_over_year
Australia,AUS,East Asia & Pacific,High income,"Nominal GDP per-capita growth, year over year (annual)",gdp_per_capita_nominal_growth_yoy_pct_annual_lcu,2025,annual,2.1116939710494,percent per year,derived,WB_WDI,calculated:NY.GDP.PCAP.CN:year_over_year
Australia,AUS,East Asia & Pacific,High income,"Population, total",population_total_annual,2025,annual,27614411.0,people,observed,WB_WDI,SP.POP.TOTL
Australia,AUS,East Asia & Pacific,High income,Poverty headcount ratio at $3.00 a day (2021 PPP) (% of population),poverty_headcount_at_3usd_2021_ppp_pct_annual,2020,annual,0.9,percent of population,observed,WB_WDI,SI.POV.DDAY
Australia,AUS,East Asia & Pacific,High income,"Unemployment, total (% of total labor force) (modeled ILO estimate)",unemployment_rate_ilo_modeled_pct_annual,2025,annual,4.09,percent of labor force,observed,WB_WDI,SL.UEM.TOTL.ZS
Austria,AUT,Europe & Central Asia,High income,Consumer price index (2010 = 100),cpi_index_annual_wdi,2025,annual,153.401960263606,index points (2010=100),observed,WB_WDI,FP.CPI.TOTL
Austria,AUT,Europe & Central Asia,High income,GDP (constant 2015 US$),gdp_real_constant_2015_usd_annual,2025,annual,424406547759.14,constant 2015 US dollars,observed,WB_WDI,NY.GDP.MKTP.KD
Austria,AUT,Europe & Central Asia,High income,GDP (constant LCU),gdp_real_constant_lcu_annual,2025,annual,416811663000.0,constant local currency units (source base year varies),observed,WB_WDI,NY.GDP.MKTP.KN
Austria,AUT,Europe & Central Asia,High income,GDP (current LCU),gdp_nominal_current_lcu_annual,2025,annual,512812981000.0,current local currency units,observed,WB_WDI,NY.GDP.MKTP.CN
Austria,AUT,Europe & Central Asia,High income,GDP (current US$),gdp_nominal_current_usd_annual,2025,annual,579470021095.418,current US dollars,observed,WB_WDI,NY.GDP.MKTP.CD
Austria,AUT,Europe & Central Asia,High income,GDP growth (annual %),gdp_real_growth_yoy_pct_annual,2025,annual,0.615747280959056,percent per year,observed,WB_WDI,NY.GDP.MKTP.KD.ZG
Austria,AUT,Europe & Central Asia,High income,GDP per capita (constant 2015 US$),gdp_per_capita_real_2015_usd_annual,2025,annual,46090.2514170459,constant 2015 US dollars per person,observed,WB_WDI,NY.GDP.PCAP.KD
Austria,AUT,Europe & Central Asia,High income,GDP per capita (constant LCU),gdp_per_capita_real_lcu_annual,2025,annual,45265.4522948823,constant local currency units per person (source base year varies),observed,WB_WDI,NY.GDP.PCAP.KN
Austria,AUT,Europe & Central Asia,High income,GDP per capita (current LCU),gdp_per_capita_nominal_lcu_annual,2025,annual,55691.1276440263,current local currency units per person,observed,WB_WDI,NY.GDP.PCAP.CN
Austria,AUT,Europe & Central Asia,High income,GDP per capita (current US$),gdp_per_capita_nominal_usd_annual,2025,annual,62930.0351324599,current US dollars per person,observed,WB_WDI,NY.GDP.PCAP.CD
Austria,AUT,Europe & Central Asia,High income,GDP per capita growth (annual %),gdp_per_capita_real_growth_yoy_pct_annual,2025,annual,0.285965556994498,percent per year,observed,WB_WDI,NY.GDP.PCAP.KD.ZG
Austria,AUT,Europe & Central Asia,High income,"GNI per capita, PPP (current international $)",gni_per_capita_ppp_current_intl_dollar_annual,2025,annual,77010.0,current international dollars per person,observed,WB_WDI,NY.GNP.PCAP.PP.CD
Austria,AUT,Europe & Central Asia,High income,"Inflation, consumer prices (annual %)",inflation_consumer_prices_yoy_pct_annual_wdi,2025,annual,3.52719439956928,percent per year,observed,WB_WDI,FP.CPI.TOTL.ZG
Austria,AUT,Europe & Central Asia,High income,"Life expectancy at birth, total (years)",life_expectancy_years_annual,2024,annual,81.9951219512195,years,observed,WB_WDI,SP.DYN.LE00.IN
Austria,AUT,Europe & Central Asia,High income,"Nominal GDP growth, year over year (annual)",gdp_nominal_growth_yoy_pct_annual_lcu,2025,annual,3.789900144742764,percent per year,derived,WB_WDI,calculated:NY.GDP.MKTP.CN:year_over_year
Austria,AUT,Europe & Central Asia,High income,"Nominal GDP per-capita growth, year over year (annual)",gdp_per_capita_nominal_growth_yoy_pct_annual_lcu,2025,annual,3.4497147053378363,percent per year,derived,WB_WDI,calculated:NY.GDP.PCAP.CN:year_over_year
Austria,AUT,Europe & Central Asia,High income,"Population, total",population_total_annual,2025,annual,9208163.0,people,observed,WB_WDI,SP.POP.TOTL
Austria,AUT,Europe & Central Asia,High income,Poverty headcount ratio at $3.00 a day (2021 PPP) (% of population),poverty_headcount_at_3usd_2021_ppp_pct_annual,2023,annual,0.5,percent of population,observed,WB_WDI,SI.POV.DDAY
Austria,AUT,Europe & Central Asia,High income,"Unemployment, total (% of total labor force) (modeled ILO estimate)",unemployment_rate_ilo_modeled_pct_annual,2025,annual,5.582,percent of labor force,observed,WB_WDI,SL.UEM.TOTL.ZS
Azerbaijan,AZE,Europe & Central Asia,Upper middle income,Consumer price index (2010 = 100),cpi_index_annual_wdi,2025,annual,229.908333333333,index points (2010=100),observed,WB_WDI,FP.CPI.TOTL
Azerbaijan,AZE,Europe & Central Asia,Upper middle income,GDP (constant 2015 US$),gdp_real_constant_2015_usd_annual,2025,annual,60821385330.4903,constant 2015 US dollars,observed,WB_WDI,NY.GDP.MKTP.KD
Azerbaijan,AZE,Europe & Central Asia,Upper middle income,GDP (constant LCU),gdp_real_constant_lcu_annual,2025,annual,33936600000.0,constant local currency units (source base year varies),observed,WB_WDI,NY.GDP.MKTP.KN
Azerbaijan,AZE,Europe & Central Asia,Upper middle income,GDP (current LCU),gdp_nominal_current_lcu_annual,2025,annual,129094000000.0,current local currency units,observed,WB_WDI,NY.GDP.MKTP.CN
Azerbaijan,AZE,Europe & Central Asia,Upper middle income,GDP (current US$),gdp_nominal_current_usd_annual,2025,annual,75937647058.8235,current US dollars,observed,WB_WDI,NY.GDP.MKTP.CD
Azerbaijan,AZE,Europe & Central Asia,Upper middle income,GDP growth (annual %),gdp_real_growth_yoy_pct_annual,2025,annual,1.44985591122698,percent per year,observed,WB_WDI,NY.GDP.MKTP.KD.ZG
Azerbaijan,AZE,Europe & Central Asia,Upper middle income,GDP per capita (constant 2015 US$),gdp_per_capita_real_2015_usd_annual,2025,annual,5935.53323632509,constant 2015 US dollars per person,observed,WB_WDI,NY.GDP.PCAP.KD
Azerbaijan,AZE,Europe & Central Asia,Upper middle income,GDP per capita (constant LCU),gdp_per_capita_real_lcu_annual,2025,annual,3311.85842172672,constant local currency units per person (source base year varies),observed,WB_WDI,NY.GDP.PCAP.KN
Azerbaijan,AZE,Europe & Central Asia,Upper middle income,GDP per capita (current LCU),gdp_per_capita_nominal_lcu_annual,2025,annual,12598.2287882224,current local currency units per person,observed,WB_WDI,NY.GDP.PCAP.CN
Azerbaijan,AZE,Europe & Central Asia,Upper middle income,GDP per capita (current US$),gdp_per_capita_nominal_usd_annual,2025,annual,7410.72281660142,current US dollars per person,observed,WB_WDI,NY.GDP.PCAP.CD
Azerbaijan,AZE,Europe & Central Asia,Upper middle income,GDP per capita growth (annual %),gdp_per_capita_real_growth_yoy_pct_annual,2025,annual,1.01259270392453,percent per year,observed,WB_WDI,NY.GDP.PCAP.KD.ZG
Azerbaijan,AZE,Europe & Central Asia,Upper middle income,"GNI per capita, PPP (current international $)",gni_per_capita_ppp_current_intl_dollar_annual,2025,annual,25430.0,current international dollars per person,observed,WB_WDI,NY.GNP.PCAP.PP.CD
Azerbaijan,AZE,Europe & Central Asia,Upper middle income,"Inflation, consumer prices (annual %)",inflation_consumer_prices_yoy_pct_annual_wdi,2025,annual,5.62208788068338,percent per year,observed,WB_WDI,FP.CPI.TOTL.ZG
Azerbaijan,AZE,Europe & Central Asia,Upper middle income,"Life expectancy at birth, total (years)",life_expectancy_years_annual,2024,annual,74.576,years,observed,WB_WDI,SP.DYN.LE00.IN
Azerbaijan,AZE,Europe & Central Asia,Upper middle income,"Nominal GDP growth, year over year (annual)",gdp_nominal_growth_yoy_pct_annual_lcu,2025,annual,2.031073897325575,percent per year,derived,WB_WDI,calculated:NY.GDP.MKTP.CN:year_over_year
Azerbaijan,AZE,Europe & Central Asia,Upper middle income,"Nominal GDP per-capita growth, year over year (annual)",gdp_per_capita_nominal_growth_yoy_pct_annual_lcu,2025,annual,1.5913055584141134,percent per year,derived,WB_WDI,calculated:NY.GDP.PCAP.CN:year_over_year
Azerbaijan,AZE,Europe & Central Asia,Upper middle income,"Population, total",population_total_annual,2025,annual,10246996.0,people,observed,WB_WDI,SP.POP.TOTL
Azerbaijan,AZE,Europe & Central Asia,Upper middle income,Poverty headcount ratio at $3.00 a day (2021 PPP) (% of population),poverty_headcount_at_3usd_2021_ppp_pct_annual,2005,annual,0.0,percent of population,observed,WB_WDI,SI.POV.DDAY
Azerbaijan,AZE,Europe & Central Asia,Upper middle income,"Unemployment, total (% of total labor force) (modeled ILO estimate)",unemployment_rate_ilo_modeled_pct_annual,2025,annual,5.457,percent of labor force,observed,WB_WDI,SL.UEM.TOTL.ZS
Burundi,BDI,Sub-Saharan Africa,Low income,Consumer price index (2010 = 100),cpi_index_annual_wdi,2025,annual,515.209279367642,index points (2010=100),observed,WB_WDI,FP.CPI.TOTL
Burundi,BDI,Sub-Saharan Africa,Low income,GDP (constant 2015 US$),gdp_real_constant_2015_usd_annual,2025,annual,3934701368.14248,constant 2015 US dollars,observed,WB_WDI,NY.GDP.MKTP.KD
Burundi,BDI,Sub-Saharan Africa,Low income,GDP (constant LCU),gdp_real_constant_lcu_annual,2025,annual,2497554820700.0,constant local currency units (source base year varies),observed,WB_WDI,NY.GDP.MKTP.KN
Burundi,BDI,Sub-Saharan Africa,Low income,GDP (current LCU),gdp_nominal_current_lcu_annual,2025,annual,17952536459700.0,current local currency units,observed,WB_WDI,NY.GDP.MKTP.CN
Burundi,BDI,Sub-Saharan Africa,Low income,GDP (current US$),gdp_nominal_current_usd_annual,2025,annual,3364713864.08488,current US dollars,observed,WB_WDI,NY.GDP.MKTP.CD
Burundi,BDI,Sub-Saharan Africa,Low income,GDP growth (annual %),gdp_real_growth_yoy_pct_annual,2025,annual,4.24010529884178,percent per year,observed,WB_WDI,NY.GDP.MKTP.KD.ZG
Burundi,BDI,Sub-Saharan Africa,Low income,GDP per capita (constant 2015 US$),gdp_per_capita_real_2015_usd_annual,2025,annual,273.432977612477,constant 2015 US dollars per person,observed,WB_WDI,NY.GDP.PCAP.KD
Burundi,BDI,Sub-Saharan Africa,Low income,GDP per capita (constant LCU),gdp_per_capita_real_lcu_annual,2025,annual,173561.799862029,constant local currency units per person (source base year varies),observed,WB_WDI,NY.GDP.PCAP.KN
Burundi,BDI,Sub-Saharan Africa,Low income,GDP per capita (current LCU),gdp_per_capita_nominal_lcu_annual,2025,annual,1247570.02897776,current local currency units per person,observed,WB_WDI,NY.GDP.PCAP.CN
Burundi,BDI,Sub-Saharan Africa,Low income,GDP per capita (current US$),gdp_per_capita_nominal_usd_annual,2025,annual,233.823013385395,current US dollars per person,observed,WB_WDI,NY.GDP.PCAP.CD
Burundi,BDI,Sub-Saharan Africa,Low income,GDP per capita growth (annual %),gdp_per_capita_real_growth_yoy_pct_annual,2025,annual,1.7611109501225,percent per year,observed,WB_WDI,NY.GDP.PCAP.KD.ZG
Burundi,BDI,Sub-Saharan Africa,Low income,"GNI per capita, PPP (current international $)",gni_per_capita_ppp_current_intl_dollar_annual,2025,annual,1250.0,current international dollars per person,observed,WB_WDI,NY.GNP.PCAP.PP.CD
Burundi,BDI,Sub-Saharan Africa,Low income,"Inflation, consumer prices (annual %)",inflation_consumer_prices_yoy_pct_annual_wdi,2025,annual,34.1339985744832,percent per year,observed,WB_WDI,FP.CPI.TOTL.ZG
Burundi,BDI,Sub-Saharan Africa,Low income,"Life expectancy at birth, total (years)",life_expectancy_years_annual,2024,annual,63.818,years,observed,WB_WDI,SP.DYN.LE00.IN
Burundi,BDI,Sub-Saharan Africa,Low income,"Nominal GDP growth, year over year (annual)",gdp_nominal_growth_yoy_pct_annual_lcu,2025,annual,23.237533790720533,percent per year,derived,WB_WDI,calculated:NY.GDP.MKTP.CN:year_over_year
Burundi,BDI,Sub-Saharan Africa,Low income,"Nominal GDP per-capita growth, year over year (annual)",gdp_per_capita_nominal_growth_yoy_pct_annual_lcu,2025,annual,20.306750586488675,percent per year,derived,WB_WDI,calculated:NY.GDP.PCAP.CN:year_over_year
Burundi,BDI,Sub-Saharan Africa,Low income,"Population, total",population_total_annual,2025,annual,14390003.0,people,observed,WB_WDI,SP.POP.TOTL
Burundi,BDI,Sub-Saharan Africa,Low income,Poverty headcount ratio at $3.00 a day (2021 PPP) (% of population),poverty_headcount_at_3usd_2021_ppp_pct_annual,2020,annual,74.2,percent of population,observed,WB_WDI,SI.POV.DDAY
Burundi,BDI,Sub-Saharan Africa,Low income,"Unemployment, total (% of total labor force) (modeled ILO estimate)",unemployment_rate_ilo_modeled_pct_annual,2025,annual,0.922,percent of labor force,observed,WB_WDI,SL.UEM.TOTL.ZS
Belgium,BEL,Europe & Central Asia,High income,Consumer price index (2010 = 100),cpi_index_annual_wdi,2025,annual,145.65868800689,index points (2010=100),observed,WB_WDI,FP.CPI.TOTL
Belgium,BEL,Europe & Central Asia,High income,GDP (constant 2015 US$),gdp_real_constant_2015_usd_annual,2025,annual,539119634585.727,constant 2015 US dollars,observed,WB_WDI,NY.GDP.MKTP.KD
Belgium,BEL,Europe & Central Asia,High income,GDP (constant LCU),gdp_real_constant_lcu_annual,2025,annual,531479300000.0,constant local currency units (source base year varies),observed,WB_WDI,NY.GDP.MKTP.KN
Belgium,BEL,Europe & Central Asia,High income,GDP (current LCU),gdp_nominal_current_lcu_annual,2025,annual,642015300000.0,current local currency units,observed,WB_WDI,NY.GDP.MKTP.CN
Belgium,BEL,Europe & Central Asia,High income,GDP (current US$),gdp_nominal_current_usd_annual,2025,annual,725466462859.646,current US dollars,observed,WB_WDI,NY.GDP.MKTP.CD
Belgium,BEL,Europe & Central Asia,High income,GDP growth (annual %),gdp_real_growth_yoy_pct_annual,2025,annual,0.983117967125935,percent per year,observed,WB_WDI,NY.GDP.MKTP.KD.ZG
Belgium,BEL,Europe & Central Asia,High income,GDP per capita (constant 2015 US$),gdp_per_capita_real_2015_usd_annual,2025,annual,45145.6641673237,constant 2015 US dollars per person,observed,WB_WDI,NY.GDP.PCAP.KD
Belgium,BEL,Europe & Central Asia,High income,GDP per capita (constant LCU),gdp_per_capita_real_lcu_annual,2025,annual,44505.8655823616,constant local currency units per person (source base year varies),observed,WB_WDI,NY.GDP.PCAP.KN
Belgium,BEL,Europe & Central Asia,High income,GDP per capita (current LCU),gdp_per_capita_nominal_lcu_annual,2025,annual,53762.1063390796,current local currency units per person,observed,WB_WDI,NY.GDP.PCAP.CN
Belgium,BEL,Europe & Central Asia,High income,GDP per capita (current US$),gdp_per_capita_nominal_usd_annual,2025,annual,60750.2735864647,current US dollars per person,observed,WB_WDI,NY.GDP.PCAP.CD
Belgium,BEL,Europe & Central Asia,High income,GDP per capita growth (annual %),gdp_per_capita_real_growth_yoy_pct_annual,2025,annual,0.279800186935191,percent per year,observed,WB_WDI,NY.GDP.PCAP.KD.ZG
Belgium,BEL,Europe & Central Asia,High income,"GNI per capita, PPP (current international $)",gni_per_capita_ppp_current_intl_dollar_annual,2025,annual,75620.0,current international dollars per person,observed,WB_WDI,NY.GNP.PCAP.PP.CD
Belgium,BEL,Europe & Central Asia,High income,"Inflation, consumer prices (annual %)",inflation_consumer_prices_yoy_pct_annual_wdi,2025,annual,2.46705543774613,percent per year,observed,WB_WDI,FP.CPI.TOTL.ZG
Belgium,BEL,Europe & Central Asia,High income,"Life expectancy at birth, total (years)",life_expectancy_years_annual,2024,annual,82.3,years,observed,WB_WDI,SP.DYN.LE00.IN
Belgium,BEL,Europe & Central Asia,High income,"Nominal GDP growth, year over year (annual)",gdp_nominal_growth_yoy_pct_annual_lcu,2025,annual,3.56517021788334,percent per year,derived,WB_WDI,calculated:NY.GDP.MKTP.CN:year_over_year
Belgium,BEL,Europe & Central Asia,High income,"Nominal GDP per-capita growth, year over year (annual)",gdp_per_capita_nominal_growth_yoy_pct_annual_lcu,2025,annual,2.843869201544935,percent per year,derived,WB_WDI,calculated:NY.GDP.PCAP.CN:year_over_year
Belgium,BEL,Europe & Central Asia,High income,"Population, total",population_total_annual,2025,annual,11941781.0,people,observed,WB_WDI,SP.POP.TOTL
Belgium,BEL,Europe & Central Asia,High income,Poverty headcount ratio at $3.00 a day (2021 PPP) (% of population),poverty_headcount_at_3usd_2021_ppp_pct_annual,2023,annual,0.1,percent of population,observed,WB_WDI,SI.POV.DDAY
Belgium,BEL,Europe & Central Asia,High income,"Unemployment, total (% of total labor force) (modeled ILO estimate)",unemployment_rate_ilo_modeled_pct_annual,2025,annual,5.906,percent of labor force,observed,WB_WDI,SL.UEM.TOTL.ZS
Benin,BEN,Sub-Saharan Africa,Lower middle income,Consumer price index (2010 = 100),cpi_index_annual_wdi,2025,annual,123.581996637107,index points (2010=100),observed,WB_WDI,FP.CPI.TOTL
Benin,BEN,Sub-Saharan Africa,Lower middle income,GDP (constant 2015 US$),gdp_real_constant_2015_usd_annual,2025,annual,20706965104.7399,constant 2015 US dollars,observed,WB_WDI,NY.GDP.MKTP.KD
Benin,BEN,Sub-Saharan Africa,Lower middle income,GDP (constant LCU),gdp_real_constant_lcu_annual,2025,annual,12242200000000.0,constant local currency units (source base year varies),observed,WB_WDI,NY.GDP.MKTP.KN
Benin,BEN,Sub-Saharan Africa,Lower middle income,GDP (current LCU),gdp_nominal_current_lcu_annual,2025,annual,14295900000000.0,current local currency units,observed,WB_WDI,NY.GDP.MKTP.CN
Benin,BEN,Sub-Saharan Africa,Lower middle income,GDP (current US$),gdp_nominal_current_usd_annual,2025,annual,24566420903.5337,current US dollars,observed,WB_WDI,NY.GDP.MKTP.CD
Benin,BEN,Sub-Saharan Africa,Lower middle income,GDP growth (annual %),gdp_real_growth_yoy_pct_annual,2025,annual,8.07408453688336,percent per year,observed,WB_WDI,NY.GDP.MKTP.KD.ZG
Benin,BEN,Sub-Saharan Africa,Lower middle income,GDP per capita (constant 2015 US$),gdp_per_capita_real_2015_usd_annual,2025,annual,1397.75362076916,constant 2015 US dollars per person,observed,WB_WDI,NY.GDP.PCAP.KD
Benin,BEN,Sub-Saharan Africa,Lower middle income,GDP per capita (constant LCU),gdp_per_capita_real_lcu_annual,2025,annual,826368.291520582,constant local currency units per person (source base year varies),observed,WB_WDI,NY.GDP.PCAP.KN
Benin,BEN,Sub-Saharan Africa,Lower middle income,GDP per capita (current LCU),gdp_per_capita_nominal_lcu_annual,2025,annual,964996.361662862,current local currency units per person,observed,WB_WDI,NY.GDP.PCAP.CN
Benin,BEN,Sub-Saharan Africa,Lower middle income,GDP per capita (current US$),gdp_per_capita_nominal_usd_annual,2025,annual,1658.27312662991,current US dollars per person,observed,WB_WDI,NY.GDP.PCAP.CD
Benin,BEN,Sub-Saharan Africa,Lower middle income,GDP per capita growth (annual %),gdp_per_capita_real_growth_yoy_pct_annual,2025,annual,5.5081087133525,percent per year,observed,WB_WDI,NY.GDP.PCAP.KD.ZG
Benin,BEN,Sub-Saharan Africa,Lower middle income,"GNI per capita, PPP (current international $)",gni_per_capita_ppp_current_intl_dollar_annual,2025,annual,4760.0,current international dollars per person,observed,WB_WDI,NY.GNP.PCAP.PP.CD
Benin,BEN,Sub-Saharan Africa,Lower middle income,"Inflation, consumer prices (annual %)",inflation_consumer_prices_yoy_pct_annual_wdi,2025,annual,1.10155247902978,percent per year,observed,WB_WDI,FP.CPI.TOTL.ZG
Benin,BEN,Sub-Saharan Africa,Lower middle income,"Life expectancy at birth, total (years)",life_expectancy_years_annual,2024,annual,60.961,years,observed,WB_WDI,SP.DYN.LE00.IN
Benin,BEN,Sub-Saharan Africa,Lower middle income,"Nominal GDP growth, year over year (annual)",gdp_nominal_growth_yoy_pct_annual_lcu,2025,annual,9.749806155428796,percent per year,derived,WB_WDI,calculated:NY.GDP.MKTP.CN:year_over_year
Benin,BEN,Sub-Saharan Africa,Lower middle income,"Nominal GDP per-capita growth, year over year (annual)",gdp_per_capita_nominal_growth_yoy_pct_annual_lcu,2025,annual,7.144044094720137,percent per year,derived,WB_WDI,calculated:NY.GDP.PCAP.CN:year_over_year
Benin,BEN,Sub-Saharan Africa,Lower middle income,"Population, total",population_total_annual,2025,annual,14814460.0,people,observed,WB_WDI,SP.POP.TOTL
Benin,BEN,Sub-Saharan Africa,Lower middle income,Poverty headcount ratio at $3.00 a day (2021 PPP) (% of population),poverty_headcount_at_3usd_2021_ppp_pct_annual,2021,annual,27.2,percent of population,observed,WB_WDI,SI.POV.DDAY
Benin,BEN,Sub-Saharan Africa,Lower middle income,"Unemployment, total (% of total labor force) (modeled ILO estimate)",unemployment_rate_ilo_modeled_pct_annual,2025,annual,1.589,percent of labor force,observed,WB_WDI,SL.UEM.TOTL.ZS
Burkina Faso,BFA,Sub-Saharan Africa,Low income,Consumer price index (2010 = 100),cpi_index_annual_wdi,2025,annual,136.476110611692,index points (2010=100),observed,WB_WDI,FP.CPI.TOTL
Burkina Faso,BFA,Sub-Saharan Africa,Low income,GDP (constant 2015 US$),gdp_real_constant_2015_usd_annual,2025,annual,18945886455.8867,constant 2015 US dollars,observed,WB_WDI,NY.GDP.MKTP.KD
Burkina Faso,BFA,Sub-Saharan Africa,Low income,GDP (constant LCU),gdp_real_constant_lcu_annual,2025,annual,11201029701700.0,constant local currency units (source base year varies),observed,WB_WDI,NY.GDP.MKTP.KN
Burkina Faso,BFA,Sub-Saharan Africa,Low income,GDP (current LCU),gdp_nominal_current_lcu_annual,2025,annual,16077111245800.0,current local currency units,observed,WB_WDI,NY.GDP.MKTP.CN
Burkina Faso,BFA,Sub-Saharan Africa,Low income,GDP (current US$),gdp_nominal_current_usd_annual,2025,annual,27627297461.3181,current US dollars,observed,WB_WDI,NY.GDP.MKTP.CD
Burkina Faso,BFA,Sub-Saharan Africa,Low income,GDP growth (annual %),gdp_real_growth_yoy_pct_annual,2025,annual,5.29461839319283,percent per year,observed,WB_WDI,NY.GDP.MKTP.KD.ZG
Burkina Faso,BFA,Sub-Saharan Africa,Low income,GDP per capita (constant 2015 US$),gdp_per_capita_real_2015_usd_annual,2025,annual,786.966437457548,constant 2015 US dollars per person,observed,WB_WDI,NY.GDP.PCAP.KD
Burkina Faso,BFA,Sub-Saharan Africa,Low income,GDP per capita (constant LCU),gdp_per_capita_real_lcu_annual,2025,annual,465263.763758288,constant local currency units per person (source base year varies),observed,WB_WDI,NY.GDP.PCAP.KN
Burkina Faso,BFA,Sub-Saharan Africa,Low income,GDP per capita (current LCU),gdp_per_capita_nominal_lcu_annual,2025,annual,667804.432966224,current local currency units per person,observed,WB_WDI,NY.GDP.PCAP.CN
Burkina Faso,BFA,Sub-Saharan Africa,Low income,GDP per capita (current US$),gdp_per_capita_nominal_usd_annual,2025,annual,1147.57131635601,current US dollars per person,observed,WB_WDI,NY.GDP.PCAP.CD
Burkina Faso,BFA,Sub-Saharan Africa,Low income,GDP per capita growth (annual %),gdp_per_capita_real_growth_yoy_pct_annual,2025,annual,2.99493943486739,percent per year,observed,WB_WDI,NY.GDP.PCAP.KD.ZG
Burkina Faso,BFA,Sub-Saharan Africa,Low income,"GNI per capita, PPP (current international $)",gni_per_capita_ppp_current_intl_dollar_annual,2025,annual,2890.0,current international dollars per person,observed,WB_WDI,NY.GNP.PCAP.PP.CD
Burkina Faso,BFA,Sub-Saharan Africa,Low income,"Inflation, consumer prices (annual %)",inflation_consumer_prices_yoy_pct_annual_wdi,2025,annual,-0.586235316330579,percent per year,observed,WB_WDI,FP.CPI.TOTL.ZG
Burkina Faso,BFA,Sub-Saharan Africa,Low income,"Life expectancy at birth, total (years)",life_expectancy_years_annual,2024,annual,61.292,years,observed,WB_WDI,SP.DYN.LE00.IN
Burkina Faso,BFA,Sub-Saharan Africa,Low income,"Nominal GDP growth, year over year (annual)",gdp_nominal_growth_yoy_pct_annual_lcu,2025,annual,14.60143683591788,percent per year,derived,WB_WDI,calculated:NY.GDP.MKTP.CN:year_over_year
Burkina Faso,BFA,Sub-Saharan Africa,Low income,"Nominal GDP per-capita growth, year over year (annual)",gdp_per_capita_nominal_growth_yoy_pct_annual_lcu,2025,annual,12.098493030173806,percent per year,derived,WB_WDI,calculated:NY.GDP.PCAP.CN:year_over_year
Burkina Faso,BFA,Sub-Saharan Africa,Low income,"Population, total",population_total_annual,2025,annual,24074580.0,people,observed,WB_WDI,SP.POP.TOTL
Burkina Faso,BFA,Sub-Saharan Africa,Low income,Poverty headcount ratio at $3.00 a day (2021 PPP) (% of population),poverty_headcount_at_3usd_2021_ppp_pct_annual,2021,annual,42.1,percent of population,observed,WB_WDI,SI.POV.DDAY
Burkina Faso,BFA,Sub-Saharan Africa,Low income,"Unemployment, total (% of total labor force) (modeled ILO estimate)",unemployment_rate_ilo_modeled_pct_annual,2025,annual,3.477,percent of labor force,observed,WB_WDI,SL.UEM.TOTL.ZS
Bangladesh,BGD,South Asia,Lower middle income,Consumer price index (2010 = 100),cpi_index_annual_wdi,2025,annual,285.000567043325,index points (2010=100),observed,WB_WDI,FP.CPI.TOTL
Bangladesh,BGD,South Asia,Lower middle income,GDP (constant 2015 US$),gdp_real_constant_2015_usd_annual,2025,annual,348691572810.162,constant 2015 US dollars,observed,WB_WDI,NY.GDP.MKTP.KD
Bangladesh,BGD,South Asia,Lower middle income,GDP (constant LCU),gdp_real_constant_lcu_annual,2025,annual,34627907000000.0,constant local currency units (source base year varies),observed,WB_WDI,NY.GDP.MKTP.KN
Bangladesh,BGD,South Asia,Lower middle income,GDP (current LCU),gdp_nominal_current_lcu_annual,2025,annual,55150262000000.0,current local currency units,observed,WB_WDI,NY.GDP.MKTP.CN
Bangladesh,BGD,South Asia,Lower middle income,GDP (current US$),gdp_nominal_current_usd_annual,2025,annual,456319229255.578,current US dollars,observed,WB_WDI,NY.GDP.MKTP.CD
Bangladesh,BGD,South Asia,Lower middle income,GDP growth (annual %),gdp_real_growth_yoy_pct_annual,2025,annual,3.48990671836833,percent per year,observed,WB_WDI,NY.GDP.MKTP.KD.ZG
Bangladesh,BGD,South Asia,Lower middle income,GDP per capita (constant 2015 US$),gdp_per_capita_real_2015_usd_annual,2025,annual,1984.73292428118,constant 2015 US dollars per person,observed,WB_WDI,NY.GDP.PCAP.KD
Bangladesh,BGD,South Asia,Lower middle income,GDP per capita (constant LCU),gdp_per_capita_real_lcu_annual,2025,annual,197100.109325739,constant local currency units per person (source base year varies),observed,WB_WDI,NY.GDP.PCAP.KN
Bangladesh,BGD,South Asia,Lower middle income,GDP per capita (current LCU),gdp_per_capita_nominal_lcu_annual,2025,annual,313912.205827026,current local currency units per person,observed,WB_WDI,NY.GDP.PCAP.CN
Bangladesh,BGD,South Asia,Lower middle income,GDP per capita (current US$),gdp_per_capita_nominal_usd_annual,2025,annual,2597.34352335275,current US dollars per person,observed,WB_WDI,NY.GDP.PCAP.CD
Bangladesh,BGD,South Asia,Lower middle income,GDP per capita growth (annual %),gdp_per_capita_real_growth_yoy_pct_annual,2025,annual,2.23843076756387,percent per year,observed,WB_WDI,NY.GDP.PCAP.KD.ZG
Bangladesh,BGD,South Asia,Lower middle income,"GNI per capita, PPP (current international $)",gni_per_capita_ppp_current_intl_dollar_annual,2025,annual,10710.0,current international dollars per person,observed,WB_WDI,NY.GNP.PCAP.PP.CD
Bangladesh,BGD,South Asia,Lower middle income,"Inflation, consumer prices (annual %)",inflation_consumer_prices_yoy_pct_annual_wdi,2025,annual,8.7687628116114,percent per year,observed,WB_WDI,FP.CPI.TOTL.ZG
Bangladesh,BGD,South Asia,Lower middle income,"Life expectancy at birth, total (years)",life_expectancy_years_annual,2024,annual,74.93,years,observed,WB_WDI,SP.DYN.LE00.IN
Bangladesh,BGD,South Asia,Lower middle income,"Nominal GDP growth, year over year (annual)",gdp_nominal_growth_yoy_pct_annual_lcu,2025,annual,10.242014153408219,percent per year,derived,WB_WDI,calculated:NY.GDP.MKTP.CN:year_over_year
Bangladesh,BGD,South Asia,Lower middle income,"Nominal GDP per-capita growth, year over year (annual)",gdp_per_capita_nominal_growth_yoy_pct_annual_lcu,2025,annual,8.90888676102688,percent per year,derived,WB_WDI,calculated:NY.GDP.PCAP.CN:year_over_year
Bangladesh,BGD,South Asia,Lower middle income,"Population, total",population_total_annual,2025,annual,175686899.0,people,observed,WB_WDI,SP.POP.TOTL
Bangladesh,BGD,South Asia,Lower middle income,Poverty headcount ratio at $3.00 a day (2021 PPP) (% of population),poverty_headcount_at_3usd_2021_ppp_pct_annual,2022,annual,5.9,percent of population,observed,WB_WDI,SI.POV.DDAY
Bangladesh,BGD,South Asia,Lower middle income,"Unemployment, total (% of total labor force) (modeled ILO estimate)",unemployment_rate_ilo_modeled_pct_annual,2025,annual,3.778,percent of labor force,observed,WB_WDI,SL.UEM.TOTL.ZS
Bulgaria,BGR,Europe & Central Asia,High income,Consumer price index (2010 = 100),cpi_index_annual_wdi,2025,annual,162.499144809803,index points (2010=100),observed,WB_WDI,FP.CPI.TOTL
Bulgaria,BGR,Europe & Central Asia,High income,GDP (constant 2015 US$),gdp_real_constant_2015_usd_annual,2025,annual,67254858232.0129,constant 2015 US dollars,observed,WB_WDI,NY.GDP.MKTP.KD
Bulgaria,BGR,Europe & Central Asia,High income,GDP (constant LCU),gdp_real_constant_lcu_annual,2025,annual,75239522000.0,constant local currency units (source base year varies),observed,WB_WDI,NY.GDP.MKTP.KN
Bulgaria,BGR,Europe & Central Asia,High income,GDP (current LCU),gdp_nominal_current_lcu_annual,2025,annual,116018269000.0,current local currency units,observed,WB_WDI,NY.GDP.MKTP.CN
Bulgaria,BGR,Europe & Central Asia,High income,GDP (current US$),gdp_nominal_current_usd_annual,2025,annual,130777235529.606,current US dollars,observed,WB_WDI,NY.GDP.MKTP.CD
Bulgaria,BGR,Europe & Central Asia,High income,GDP growth (annual %),gdp_real_growth_yoy_pct_annual,2025,annual,3.0963663917961,percent per year,observed,WB_WDI,NY.GDP.MKTP.KD.ZG
Bulgaria,BGR,Europe & Central Asia,High income,GDP per capita (constant 2015 US$),gdp_per_capita_real_2015_usd_annual,2025,annual,10454.1739579477,constant 2015 US dollars per person,observed,WB_WDI,NY.GDP.PCAP.KD
Bulgaria,BGR,Europe & Central Asia,High income,GDP per capita (constant LCU),gdp_per_capita_real_lcu_annual,2025,annual,11695.3194487061,constant local currency units per person (source base year varies),observed,WB_WDI,NY.GDP.PCAP.KN
Bulgaria,BGR,Europe & Central Asia,High income,GDP per capita (current LCU),gdp_per_capita_nominal_lcu_annual,2025,annual,18034.0156579001,current local currency units per person,observed,WB_WDI,NY.GDP.PCAP.CN
Bulgaria,BGR,Europe & Central Asia,High income,GDP per capita (current US$),gdp_per_capita_nominal_usd_annual,2025,annual,20328.1667065538,current US dollars per person,observed,WB_WDI,NY.GDP.PCAP.CD
Bulgaria,BGR,Europe & Central Asia,High income,GDP per capita growth (annual %),gdp_per_capita_real_growth_yoy_pct_annual,2025,annual,3.22647677659302,percent per year,observed,WB_WDI,NY.GDP.PCAP.KD.ZG
Bulgaria,BGR,Europe & Central Asia,High income,"GNI per capita, PPP (current international $)",gni_per_capita_ppp_current_intl_dollar_annual,2025,annual,42170.0,current international dollars per person,observed,WB_WDI,NY.GNP.PCAP.PP.CD
Bulgaria,BGR,Europe & Central Asia,High income,"Inflation, consumer prices (annual %)",inflation_consumer_prices_yoy_pct_annual_wdi,2025,annual,4.58084355235697,percent per year,observed,WB_WDI,FP.CPI.TOTL.ZG
Bulgaria,BGR,Europe & Central Asia,High income,"Life expectancy at birth, total (years)",life_expectancy_years_annual,2024,annual,75.7609756097561,years,observed,WB_WDI,SP.DYN.LE00.IN
Bulgaria,BGR,Europe & Central Asia,High income,"Nominal GDP growth, year over year (annual)",gdp_nominal_growth_yoy_pct_annual_lcu,2025,annual,10.739090705297127,percent per year,derived,WB_WDI,calculated:NY.GDP.MKTP.CN:year_over_year
Bulgaria,BGR,Europe & Central Asia,High income,"Nominal GDP per-capita growth, year over year (annual)",gdp_per_capita_nominal_growth_yoy_pct_annual_lcu,2025,annual,10.878846413553077,percent per year,derived,WB_WDI,calculated:NY.GDP.PCAP.CN:year_over_year
Bulgaria,BGR,Europe & Central Asia,High income,"Population, total",population_total_annual,2025,annual,6433302.0,people,observed,WB_WDI,SP.POP.TOTL
Bulgaria,BGR,Europe & Central Asia,High income,Poverty headcount ratio at $3.00 a day (2021 PPP) (% of population),poverty_headcount_at_3usd_2021_ppp_pct_annual,2023,annual,1.0,percent of population,observed,WB_WDI,SI.POV.DDAY
Bulgaria,BGR,Europe & Central Asia,High income,"Unemployment, total (% of total labor force) (modeled ILO estimate)",unemployment_rate_ilo_modeled_pct_annual,2025,annual,3.536,percent of labor force,observed,WB_WDI,SL.UEM.TOTL.ZS
Bahrain,BHR,"Middle East, North Africa, Afghanistan & Pakistan",High income,Consumer price index (2010 = 100),cpi_index_annual_wdi,2025,annual,120.519661018673,index points (2010=100),observed,WB_WDI,FP.CPI.TOTL
Bahrain,BHR,"Middle East, North Africa, Afghanistan & Pakistan",High income,GDP (constant 2015 US$),gdp_real_constant_2015_usd_annual,2025,annual,42556396855.4905,constant 2015 US dollars,observed,WB_WDI,NY.GDP.MKTP.KD
Bahrain,BHR,"Middle East, North Africa, Afghanistan & Pakistan",High income,GDP (constant LCU),gdp_real_constant_lcu_annual,2025,annual,15709791500.0,constant local currency units (source base year varies),observed,WB_WDI,NY.GDP.MKTP.KN
Bahrain,BHR,"Middle East, North Africa, Afghanistan & Pakistan",High income,GDP (current LCU),gdp_nominal_current_lcu_annual,2025,annual,18411112800.0,current local currency units,observed,WB_WDI,NY.GDP.MKTP.CN
Bahrain,BHR,"Middle East, North Africa, Afghanistan & Pakistan",High income,GDP (current US$),gdp_nominal_current_usd_annual,2025,annual,48965725531.9149,current US dollars,observed,WB_WDI,NY.GDP.MKTP.CD
Bahrain,BHR,"Middle East, North Africa, Afghanistan & Pakistan",High income,GDP growth (annual %),gdp_real_growth_yoy_pct_annual,2025,annual,3.48137573668635,percent per year,observed,WB_WDI,NY.GDP.MKTP.KD.ZG
Bahrain,BHR,"Middle East, North Africa, Afghanistan & Pakistan",High income,GDP per capita (constant 2015 US$),gdp_per_capita_real_2015_usd_annual,2025,annual,26591.6651912691,constant 2015 US dollars per person,observed,WB_WDI,NY.GDP.PCAP.KD
Bahrain,BHR,"Middle East, North Africa, Afghanistan & Pakistan",High income,GDP per capita (constant LCU),gdp_per_capita_real_lcu_annual,2025,annual,9816.3741919036,constant local currency units per person (source base year varies),observed,WB_WDI,NY.GDP.PCAP.KN
Bahrain,BHR,"Middle East, North Africa, Afghanistan & Pakistan",High income,GDP per capita (current LCU),gdp_per_capita_nominal_lcu_annual,2025,annual,11504.3138881981,current local currency units per person,observed,WB_WDI,NY.GDP.PCAP.CN
Bahrain,BHR,"Middle East, North Africa, Afghanistan & Pakistan",High income,GDP per capita (current US$),gdp_per_capita_nominal_usd_annual,2025,annual,30596.5794898885,current US dollars per person,observed,WB_WDI,NY.GDP.PCAP.CD
Bahrain,BHR,"Middle East, North Africa, Afghanistan & Pakistan",High income,GDP per capita growth (annual %),gdp_per_capita_real_growth_yoy_pct_annual,2025,annual,2.72509987815381,percent per year,observed,WB_WDI,NY.GDP.PCAP.KD.ZG
Bahrain,BHR,"Middle East, North Africa, Afghanistan & Pakistan",High income,"GNI per capita, PPP (current international $)",gni_per_capita_ppp_current_intl_dollar_annual,2025,annual,65500.0,current international dollars per person,observed,WB_WDI,NY.GNP.PCAP.PP.CD
Bahrain,BHR,"Middle East, North Africa, Afghanistan & Pakistan",High income,"Inflation, consumer prices (annual %)",inflation_consumer_prices_yoy_pct_annual_wdi,2025,annual,-0.137708855447902,percent per year,observed,WB_WDI,FP.CPI.TOTL.ZG
Bahrain,BHR,"Middle East, North Africa, Afghanistan & Pakistan",High income,"Life expectancy at birth, total (years)",life_expectancy_years_annual,2024,annual,81.423,years,observed,WB_WDI,SP.DYN.LE00.IN
Bahrain,BHR,"Middle East, North Africa, Afghanistan & Pakistan",High income,"Nominal GDP growth, year over year (annual)",gdp_nominal_growth_yoy_pct_annual_lcu,2025,annual,3.7173598423613896,percent per year,derived,WB_WDI,calculated:NY.GDP.MKTP.CN:year_over_year
Bahrain,BHR,"Middle East, North Africa, Afghanistan & Pakistan",High income,"Nominal GDP per-capita growth, year over year (annual)",gdp_per_capita_nominal_growth_yoy_pct_annual_lcu,2025,annual,2.9593593345299096,percent per year,derived,WB_WDI,calculated:NY.GDP.PCAP.CN:year_over_year
Bahrain,BHR,"Middle East, North Africa, Afghanistan & Pakistan",High income,"Population, total",population_total_annual,2025,annual,1600366.0,people,observed,WB_WDI,SP.POP.TOTL
Bahrain,BHR,"Middle East, North Africa, Afghanistan & Pakistan",High income,"Unemployment, total (% of total labor force) (modeled ILO estimate)",unemployment_rate_ilo_modeled_pct_annual,2025,annual,1.102,percent of labor force,observed,WB_WDI,SL.UEM.TOTL.ZS
"Bahamas, The",BHS,Latin America & Caribbean,High income,Consumer price index (2010 = 100),cpi_index_annual_wdi,2024,annual,130.737433241932,index points (2010=100),observed,WB_WDI,FP.CPI.TOTL
"Bahamas, The",BHS,Latin America & Caribbean,High income,GDP (constant 2015 US$),gdp_real_constant_2015_usd_annual,2024,annual,13630862492.2464,constant 2015 US dollars,observed,WB_WDI,NY.GDP.MKTP.KD
"Bahamas, The",BHS,Latin America & Caribbean,High income,GDP (constant LCU),gdp_real_constant_lcu_annual,2024,annual,14108500000.0,constant local currency units (source base year varies),observed,WB_WDI,NY.GDP.MKTP.KN
"Bahamas, The",BHS,Latin America & Caribbean,High income,GDP (current LCU),gdp_nominal_current_lcu_annual,2024,annual,15832800000.0,current local currency units,observed,WB_WDI,NY.GDP.MKTP.CN
"Bahamas, The",BHS,Latin America & Caribbean,High income,GDP (current US$),gdp_nominal_current_usd_annual,2024,annual,15832800000.0,current US dollars,observed,WB_WDI,NY.GDP.MKTP.CD
"Bahamas, The",BHS,Latin America & Caribbean,High income,GDP growth (annual %),gdp_real_growth_yoy_pct_annual,2024,annual,3.37866553336166,percent per year,observed,WB_WDI,NY.GDP.MKTP.KD.ZG
"Bahamas, The",BHS,Latin America & Caribbean,High income,GDP per capita (constant 2015 US$),gdp_per_capita_real_2015_usd_annual,2024,annual,33968.2032187918,constant 2015 US dollars per person,observed,WB_WDI,NY.GDP.PCAP.KD
"Bahamas, The",BHS,Latin America & Caribbean,High income,GDP per capita (constant LCU),gdp_per_capita_real_lcu_annual,2024,annual,35158.4791780364,constant local currency units per person (source base year varies),observed,WB_WDI,NY.GDP.PCAP.KN
"Bahamas, The",BHS,Latin America & Caribbean,High income,GDP per capita (current LCU),gdp_per_capita_nominal_lcu_annual,2024,annual,39455.4466548546,current local currency units per person,observed,WB_WDI,NY.GDP.PCAP.CN
"Bahamas, The",BHS,Latin America & Caribbean,High income,GDP per capita (current US$),gdp_per_capita_nominal_usd_annual,2024,annual,39455.4466548546,current US dollars per person,observed,WB_WDI,NY.GDP.PCAP.CD
"Bahamas, The",BHS,Latin America & Caribbean,High income,GDP per capita growth (annual %),gdp_per_capita_real_growth_yoy_pct_annual,2024,annual,2.90387123462988,percent per year,observed,WB_WDI,NY.GDP.PCAP.KD.ZG
"Bahamas, The",BHS,Latin America & Caribbean,High income,"GNI per capita, PPP (current international $)",gni_per_capita_ppp_current_intl_dollar_annual,2024,annual,39610.0,current international dollars per person,observed,WB_WDI,NY.GNP.PCAP.PP.CD
"Bahamas, The",BHS,Latin America & Caribbean,High income,"Inflation, consumer prices (annual %)",inflation_consumer_prices_yoy_pct_annual_wdi,2024,annual,0.409162489083286,percent per year,observed,WB_WDI,FP.CPI.TOTL.ZG
"Bahamas, The",BHS,Latin America & Caribbean,High income,"Life expectancy at birth, total (years)",life_expectancy_years_annual,2024,annual,74.71,years,observed,WB_WDI,SP.DYN.LE00.IN
"Bahamas, The",BHS,Latin America & Caribbean,High income,"Nominal GDP growth, year over year (annual)",gdp_nominal_growth_yoy_pct_annual_lcu,2024,annual,3.6768317039151954,percent per year,derived,WB_WDI,calculated:NY.GDP.MKTP.CN:year_over_year
"Bahamas, The",BHS,Latin America & Caribbean,High income,"Nominal GDP per-capita growth, year over year (annual)",gdp_per_capita_nominal_growth_yoy_pct_annual_lcu,2024,annual,3.2006679969296403,percent per year,derived,WB_WDI,calculated:NY.GDP.PCAP.CN:year_over_year
"Bahamas, The",BHS,Latin America & Caribbean,High income,"Population, total",population_total_annual,2025,annual,403033.0,people,observed,WB_WDI,SP.POP.TOTL
"Bahamas, The",BHS,Latin America & Caribbean,High income,"Unemployment, total (% of total labor force) (modeled ILO estimate)",unemployment_rate_ilo_modeled_pct_annual,2025,annual,9.207,percent of labor force,observed,WB_WDI,SL.UEM.TOTL.ZS
Bosnia and Herzegovina,BIH,Europe & Central Asia,Upper middle income,Consumer price index (2010 = 100),cpi_index_annual_wdi,2023,annual,128.060556205188,index points (2010=100),observed,WB_WDI,FP.CPI.TOTL
Bosnia and Herzegovina,BIH,Europe & Central Asia,Upper middle income,GDP (constant 2015 US$),gdp_real_constant_2015_usd_annual,2025,annual,21803508730.6731,constant 2015 US dollars,observed,WB_WDI,NY.GDP.MKTP.KD
Bosnia and Herzegovina,BIH,Europe & Central Asia,Upper middle income,GDP (constant LCU),gdp_real_constant_lcu_annual,2025,annual,43870819000.0,constant local currency units (source base year varies),observed,WB_WDI,NY.GDP.MKTP.KN
Bosnia and Herzegovina,BIH,Europe & Central Asia,Upper middle income,GDP (current LCU),gdp_nominal_current_lcu_annual,2025,annual,56550734000.0,current local currency units,observed,WB_WDI,NY.GDP.MKTP.CN
Bosnia and Herzegovina,BIH,Europe & Central Asia,Upper middle income,GDP (current US$),gdp_nominal_current_usd_annual,2025,annual,32599982936.3931,current US dollars,observed,WB_WDI,NY.GDP.MKTP.CD
Bosnia and Herzegovina,BIH,Europe & Central Asia,Upper middle income,GDP growth (annual %),gdp_real_growth_yoy_pct_annual,2025,annual,2.12861913138053,percent per year,observed,WB_WDI,NY.GDP.MKTP.KD.ZG
Bosnia and Herzegovina,BIH,Europe & Central Asia,Upper middle income,GDP per capita (constant 2015 US$),gdp_per_capita_real_2015_usd_annual,2025,annual,6943.58251284534,constant 2015 US dollars per person,observed,WB_WDI,NY.GDP.PCAP.KD
Bosnia and Herzegovina,BIH,Europe & Central Asia,Upper middle income,GDP per capita (constant LCU),gdp_per_capita_real_lcu_annual,2025,annual,13971.1757128367,constant local currency units per person (source base year varies),observed,WB_WDI,NY.GDP.PCAP.KN
Bosnia and Herzegovina,BIH,Europe & Central Asia,Upper middle income,GDP per capita (current LCU),gdp_per_capita_nominal_lcu_annual,2025,annual,18009.243032456,current local currency units per person,observed,WB_WDI,NY.GDP.PCAP.CN
Bosnia and Herzegovina,BIH,Europe & Central Asia,Upper middle income,GDP per capita (current US$),gdp_per_capita_nominal_usd_annual,2025,annual,10381.8460703874,current US dollars per person,observed,WB_WDI,NY.GDP.PCAP.CD
Bosnia and Herzegovina,BIH,Europe & Central Asia,Upper middle income,GDP per capita growth (annual %),gdp_per_capita_real_growth_yoy_pct_annual,2025,annual,2.91433522626807,percent per year,observed,WB_WDI,NY.GDP.PCAP.KD.ZG
Bosnia and Herzegovina,BIH,Europe & Central Asia,Upper middle income,"GNI per capita, PPP (current international $)",gni_per_capita_ppp_current_intl_dollar_annual,2025,annual,25810.0,current international dollars per person,observed,WB_WDI,NY.GNP.PCAP.PP.CD
Bosnia and Herzegovina,BIH,Europe & Central Asia,Upper middle income,"Inflation, consumer prices (annual %)",inflation_consumer_prices_yoy_pct_annual_wdi,2023,annual,6.1059011284828,percent per year,observed,WB_WDI,FP.CPI.TOTL.ZG
Bosnia and Herzegovina,BIH,Europe & Central Asia,Upper middle income,"Life expectancy at birth, total (years)",life_expectancy_years_annual,2024,annual,78.044,years,observed,WB_WDI,SP.DYN.LE00.IN
Bosnia and Herzegovina,BIH,Europe & Central Asia,Upper middle income,"Nominal GDP growth, year over year (annual)",gdp_nominal_growth_yoy_pct_annual_lcu,2025,annual,5.206387230346543,percent per year,derived,WB_WDI,calculated:NY.GDP.MKTP.CN:year_over_year
Bosnia and Herzegovina,BIH,Europe & Central Asia,Upper middle income,"Nominal GDP per-capita growth, year over year (annual)",gdp_per_capita_nominal_growth_yoy_pct_annual_lcu,2025,annual,6.015781819589838,percent per year,derived,WB_WDI,calculated:NY.GDP.PCAP.CN:year_over_year
Bosnia and Herzegovina,BIH,Europe & Central Asia,Upper middle income,"Population, total",population_total_annual,2025,annual,3140095.0,people,observed,WB_WDI,SP.POP.TOTL
Bosnia and Herzegovina,BIH,Europe & Central Asia,Upper middle income,Poverty headcount ratio at $3.00 a day (2021 PPP) (% of population),poverty_headcount_at_3usd_2021_ppp_pct_annual,2021,annual,0.3,percent of population,observed,WB_WDI,SI.POV.DDAY
Bosnia and Herzegovina,BIH,Europe & Central Asia,Upper middle income,"Unemployment, total (% of total labor force) (modeled ILO estimate)",unemployment_rate_ilo_modeled_pct_annual,2025,annual,11.037,percent of labor force,observed,WB_WDI,SL.UEM.TOTL.ZS
Belarus,BLR,Europe & Central Asia,Upper middle income,Consumer price index (2010 = 100),cpi_index_annual_wdi,2025,annual,801.159917107648,index points (2010=100),observed,WB_WDI,FP.CPI.TOTL
Belarus,BLR,Europe & Central Asia,Upper middle income,GDP (constant 2015 US$),gdp_real_constant_2015_usd_annual,2025,annual,63041907030.8365,constant 2015 US dollars,observed,WB_WDI,NY.GDP.MKTP.KD
Belarus,BLR,Europe & Central Asia,Upper middle income,GDP (constant LCU),gdp_real_constant_lcu_annual,2025,annual,213247946900.0,constant local currency units (source base year varies),observed,WB_WDI,NY.GDP.MKTP.KN
Belarus,BLR,Europe & Central Asia,Upper middle income,GDP (current LCU),gdp_nominal_current_lcu_annual,2025,annual,286652400000.0,current local currency units,observed,WB_WDI,NY.GDP.MKTP.CN
Belarus,BLR,Europe & Central Asia,Upper middle income,GDP (current US$),gdp_nominal_current_usd_annual,2025,annual,93397215864.198,current US dollars,observed,WB_WDI,NY.GDP.MKTP.CD
Belarus,BLR,Europe & Central Asia,Upper middle income,GDP growth (annual %),gdp_real_growth_yoy_pct_annual,2025,annual,1.29999999999998,percent per year,observed,WB_WDI,NY.GDP.MKTP.KD.ZG
Belarus,BLR,Europe & Central Asia,Upper middle income,GDP per capita (constant 2015 US$),gdp_per_capita_real_2015_usd_annual,2025,annual,6938.36335858537,constant 2015 US dollars per person,observed,WB_WDI,NY.GDP.PCAP.KD
Belarus,BLR,Europe & Central Asia,Upper middle income,GDP per capita (constant LCU),gdp_per_capita_real_lcu_annual,2025,annual,23469.971178708,constant local currency units per person (source base year varies),observed,WB_WDI,NY.GDP.PCAP.KN
Belarus,BLR,Europe & Central Asia,Upper middle income,GDP per capita (current LCU),gdp_per_capita_nominal_lcu_annual,2025,annual,31548.8316024086,current local currency units per person,observed,WB_WDI,NY.GDP.PCAP.CN
Belarus,BLR,Europe & Central Asia,Upper middle income,GDP per capita (current US$),gdp_per_capita_nominal_usd_annual,2025,annual,10279.2547190723,current US dollars per person,observed,WB_WDI,NY.GDP.PCAP.CD
Belarus,BLR,Europe & Central Asia,Upper middle income,GDP per capita growth (annual %),gdp_per_capita_real_growth_yoy_pct_annual,2025,annual,1.819968531776,percent per year,observed,WB_WDI,NY.GDP.PCAP.KD.ZG
Belarus,BLR,Europe & Central Asia,Upper middle income,"GNI per capita, PPP (current international $)",gni_per_capita_ppp_current_intl_dollar_annual,2025,annual,34310.0,current international dollars per person,observed,WB_WDI,NY.GNP.PCAP.PP.CD
Belarus,BLR,Europe & Central Asia,Upper middle income,"Inflation, consumer prices (annual %)",inflation_consumer_prices_yoy_pct_annual_wdi,2025,annual,6.59877945951182,percent per year,observed,WB_WDI,FP.CPI.TOTL.ZG
Belarus,BLR,Europe & Central Asia,Upper middle income,"Life expectancy at birth, total (years)",life_expectancy_years_annual,2024,annual,74.3653414634147,years,observed,WB_WDI,SP.DYN.LE00.IN
Belarus,BLR,Europe & Central Asia,Upper middle income,"Nominal GDP growth, year over year (annual)",gdp_nominal_growth_yoy_pct_annual_lcu,2025,annual,12.35798093634395,percent per year,derived,WB_WDI,calculated:NY.GDP.MKTP.CN:year_over_year
Belarus,BLR,Europe & Central Asia,Upper middle income,"Nominal GDP per-capita growth, year over year (annual)",gdp_per_capita_nominal_growth_yoy_pct_annual_lcu,2025,annual,12.934709607427951,percent per year,derived,WB_WDI,calculated:NY.GDP.PCAP.CN:year_over_year
Belarus,BLR,Europe & Central Asia,Upper middle income,"Population, total",population_total_annual,2025,annual,9085991.0,people,observed,WB_WDI,SP.POP.TOTL
Belarus,BLR,Europe & Central Asia,Upper middle income,Poverty headcount ratio at $3.00 a day (2021 PPP) (% of population),poverty_headcount_at_3usd_2021_ppp_pct_annual,2020,annual,0.0,percent of population,observed,WB_WDI,SI.POV.DDAY
Belarus,BLR,Europe & Central Asia,Upper middle income,"Unemployment, total (% of total labor force) (modeled ILO estimate)",unemployment_rate_ilo_modeled_pct_annual,2025,annual,3.38,percent of labor force,observed,WB_WDI,SL.UEM.TOTL.ZS
Belize,BLZ,Latin America & Caribbean,Upper middle income,Consumer price index (2010 = 100),cpi_index_annual_wdi,2025,annual,127.07580019817,index points (2010=100),observed,WB_WDI,FP.CPI.TOTL
Belize,BLZ,Latin America & Caribbean,Upper middle income,GDP (constant 2015 US$),gdp_real_constant_2015_usd_annual,2025,annual,2695693009.71686,constant 2015 US dollars,observed,WB_WDI,NY.GDP.MKTP.KD
Belize,BLZ,Latin America & Caribbean,Upper middle income,GDP (constant LCU),gdp_real_constant_lcu_annual,2025,annual,5401632650.12259,constant local currency units (source base year varies),observed,WB_WDI,NY.GDP.MKTP.KN
Belize,BLZ,Latin America & Caribbean,Upper middle income,GDP (current LCU),gdp_nominal_current_lcu_annual,2025,annual,6653000000.0,current local currency units,observed,WB_WDI,NY.GDP.MKTP.CN
Belize,BLZ,Latin America & Caribbean,Upper middle income,GDP (current US$),gdp_nominal_current_usd_annual,2025,annual,3326500000.0,current US dollars,observed,WB_WDI,NY.GDP.MKTP.CD
Belize,BLZ,Latin America & Caribbean,Upper middle income,GDP growth (annual %),gdp_real_growth_yoy_pct_annual,2025,annual,2.74831731763744,percent per year,observed,WB_WDI,NY.GDP.MKTP.KD.ZG
Belize,BLZ,Latin America & Caribbean,Upper middle income,GDP per capita (constant 2015 US$),gdp_per_capita_real_2015_usd_annual,2025,annual,6373.94191324413,constant 2015 US dollars per person,observed,WB_WDI,NY.GDP.PCAP.KD
Belize,BLZ,Latin America & Caribbean,Upper middle income,GDP per capita (constant LCU),gdp_per_capita_real_lcu_annual,2025,annual,12772.1118927339,constant local currency units per person (source base year varies),observed,WB_WDI,NY.GDP.PCAP.KN
Belize,BLZ,Latin America & Caribbean,Upper middle income,GDP per capita (current LCU),gdp_per_capita_nominal_lcu_annual,2025,annual,15730.9587538187,current local currency units per person,observed,WB_WDI,NY.GDP.PCAP.CN
Belize,BLZ,Latin America & Caribbean,Upper middle income,GDP per capita (current US$),gdp_per_capita_nominal_usd_annual,2025,annual,7865.47937690933,current US dollars per person,observed,WB_WDI,NY.GDP.PCAP.CD
Belize,BLZ,Latin America & Caribbean,Upper middle income,GDP per capita growth (annual %),gdp_per_capita_real_growth_yoy_pct_annual,2025,annual,1.32658870222943,percent per year,observed,WB_WDI,NY.GDP.PCAP.KD.ZG
Belize,BLZ,Latin America & Caribbean,Upper middle income,"GNI per capita, PPP (current international $)",gni_per_capita_ppp_current_intl_dollar_annual,2025,annual,14230.0,current international dollars per person,observed,WB_WDI,NY.GNP.PCAP.PP.CD
Belize,BLZ,Latin America & Caribbean,Upper middle income,"Inflation, consumer prices (annual %)",inflation_consumer_prices_yoy_pct_annual_wdi,2025,annual,1.06281547952896,percent per year,observed,WB_WDI,FP.CPI.TOTL.ZG
Belize,BLZ,Latin America & Caribbean,Upper middle income,"Life expectancy at birth, total (years)",life_expectancy_years_annual,2024,annual,73.739,years,observed,WB_WDI,SP.DYN.LE00.IN
Belize,BLZ,Latin America & Caribbean,Upper middle income,"Nominal GDP growth, year over year (annual)",gdp_nominal_growth_yoy_pct_annual_lcu,2025,annual,3.835278448665669,percent per year,derived,WB_WDI,calculated:NY.GDP.MKTP.CN:year_over_year
Belize,BLZ,Latin America & Caribbean,Upper middle income,"Nominal GDP per-capita growth, year over year (annual)",gdp_per_capita_nominal_growth_yoy_pct_annual_lcu,2025,annual,2.398509550514727,percent per year,derived,WB_WDI,calculated:NY.GDP.PCAP.CN:year_over_year
Belize,BLZ,Latin America & Caribbean,Upper middle income,"Population, total",population_total_annual,2025,annual,422924.0,people,observed,WB_WDI,SP.POP.TOTL
Belize,BLZ,Latin America & Caribbean,Upper middle income,Poverty headcount ratio at $3.00 a day (2021 PPP) (% of population),poverty_headcount_at_3usd_2021_ppp_pct_annual,2018,annual,1.0,percent of population,observed,WB_WDI,SI.POV.DDAY
Belize,BLZ,Latin America & Caribbean,Upper middle income,"Unemployment, total (% of total labor force) (modeled ILO estimate)",unemployment_rate_ilo_modeled_pct_annual,2025,annual,8.856,percent of labor force,observed,WB_WDI,SL.UEM.TOTL.ZS
Bermuda,BMU,North America,High income,GDP (constant 2015 US$),gdp_real_constant_2015_usd_annual,2024,annual,7530968949.418,constant 2015 US dollars,observed,WB_WDI,NY.GDP.MKTP.KD
Bermuda,BMU,North America,High income,GDP (constant LCU),gdp_real_constant_lcu_annual,2024,annual,7101149000.0,constant local currency units (source base year varies),observed,WB_WDI,NY.GDP.MKTP.KN
Bermuda,BMU,North America,High income,GDP (current LCU),gdp_nominal_current_lcu_annual,2024,annual,9194499000.0,current local currency units,observed,WB_WDI,NY.GDP.MKTP.CN
Bermuda,BMU,North America,High income,GDP (current US$),gdp_nominal_current_usd_annual,2024,annual,9194499000.0,current US dollars,observed,WB_WDI,NY.GDP.MKTP.CD
Bermuda,BMU,North America,High income,GDP growth (annual %),gdp_real_growth_yoy_pct_annual,2024,annual,1.88822861970388,percent per year,observed,WB_WDI,NY.GDP.MKTP.KD.ZG
Bermuda,BMU,North America,High income,GDP per capita (constant 2015 US$),gdp_per_capita_real_2015_usd_annual,2024,annual,116513.536565041,constant 2015 US dollars per person,observed,WB_WDI,NY.GDP.PCAP.KD
Bermuda,BMU,North America,High income,GDP per capita (constant LCU),gdp_per_capita_real_lcu_annual,2024,annual,109863.6827774,constant local currency units per person (source base year varies),observed,WB_WDI,NY.GDP.PCAP.KN
Bermuda,BMU,North America,High income,GDP per capita (current LCU),gdp_per_capita_nominal_lcu_annual,2024,annual,142250.433195123,current local currency units per person,observed,WB_WDI,NY.GDP.PCAP.CN
Bermuda,BMU,North America,High income,GDP per capita (current US$),gdp_per_capita_nominal_usd_annual,2024,annual,142250.433195123,current US dollars per person,observed,WB_WDI,NY.GDP.PCAP.CD
Bermuda,BMU,North America,High income,GDP per capita growth (annual %),gdp_per_capita_real_growth_yoy_pct_annual,2024,annual,1.98596161949381,percent per year,observed,WB_WDI,NY.GDP.PCAP.KD.ZG
Bermuda,BMU,North America,High income,"GNI per capita, PPP (current international $)",gni_per_capita_ppp_current_intl_dollar_annual,2024,annual,122530.0,current international dollars per person,observed,WB_WDI,NY.GNP.PCAP.PP.CD
Bermuda,BMU,North America,High income,"Life expectancy at birth, total (years)",life_expectancy_years_annual,2024,annual,82.49,years,observed,WB_WDI,SP.DYN.LE00.IN
Bermuda,BMU,North America,High income,"Nominal GDP growth, year over year (annual)",gdp_nominal_growth_yoy_pct_annual_lcu,2024,annual,6.883448263034797,percent per year,derived,WB_WDI,calculated:NY.GDP.MKTP.CN:year_over_year
Bermuda,BMU,North America,High income,"Nominal GDP per-capita growth, year over year (annual)",gdp_per_capita_nominal_growth_yoy_pct_annual_lcu,2024,annual,6.98597276628834,percent per year,derived,WB_WDI,calculated:NY.GDP.PCAP.CN:year_over_year
Bermuda,BMU,North America,High income,"Population, total",population_total_annual,2025,annual,64555.0,people,observed,WB_WDI,SP.POP.TOTL
Bolivia,BOL,Latin America & Caribbean,Lower middle income,Consumer price index (2010 = 100),cpi_index_annual_wdi,2025,annual,197.719611600523,index points (2010=100),observed,WB_WDI,FP.CPI.TOTL
Bolivia,BOL,Latin America & Caribbean,Lower middle income,GDP (constant 2015 US$),gdp_real_constant_2015_usd_annual,2025,annual,37207939737.9555,constant 2015 US dollars,observed,WB_WDI,NY.GDP.MKTP.KD
Bolivia,BOL,Latin America & Caribbean,Lower middle income,GDP (constant LCU),gdp_real_constant_lcu_annual,2025,annual,329372673200.0,constant local currency units (source base year varies),observed,WB_WDI,NY.GDP.MKTP.KN
Bolivia,BOL,Latin America & Caribbean,Lower middle income,GDP (current LCU),gdp_nominal_current_lcu_annual,2025,annual,447553427400.0,current local currency units,observed,WB_WDI,NY.GDP.MKTP.CN
Bolivia,BOL,Latin America & Caribbean,Lower middle income,GDP (current US$),gdp_nominal_current_usd_annual,2025,annual,64768947525.3256,current US dollars,observed,WB_WDI,NY.GDP.MKTP.CD
Bolivia,BOL,Latin America & Caribbean,Lower middle income,GDP growth (annual %),gdp_real_growth_yoy_pct_annual,2025,annual,-1.58237567348246,percent per year,observed,WB_WDI,NY.GDP.MKTP.KD.ZG
Bolivia,BOL,Latin America & Caribbean,Lower middle income,GDP per capita (constant 2015 US$),gdp_per_capita_real_2015_usd_annual,2025,annual,2957.27261403242,constant 2015 US dollars per person,observed,WB_WDI,NY.GDP.PCAP.KD
Bolivia,BOL,Latin America & Caribbean,Lower middle income,GDP per capita (constant LCU),gdp_per_capita_real_lcu_annual,2025,annual,26178.4122723515,constant local currency units per person (source base year varies),observed,WB_WDI,NY.GDP.PCAP.KN
Bolivia,BOL,Latin America & Caribbean,Lower middle income,GDP per capita (current LCU),gdp_per_capita_nominal_lcu_annual,2025,annual,35571.3727631159,current local currency units per person,observed,WB_WDI,NY.GDP.PCAP.CN
Bolivia,BOL,Latin America & Caribbean,Lower middle income,GDP per capita (current US$),gdp_per_capita_nominal_usd_annual,2025,annual,5147.81081955367,current US dollars per person,observed,WB_WDI,NY.GDP.PCAP.CD
Bolivia,BOL,Latin America & Caribbean,Lower middle income,GDP per capita growth (annual %),gdp_per_capita_real_growth_yoy_pct_annual,2025,annual,-2.90063448441337,percent per year,observed,WB_WDI,NY.GDP.PCAP.KD.ZG
Bolivia,BOL,Latin America & Caribbean,Lower middle income,"GNI per capita, PPP (current international $)",gni_per_capita_ppp_current_intl_dollar_annual,2025,annual,12530.0,current international dollars per person,observed,WB_WDI,NY.GNP.PCAP.PP.CD
Bolivia,BOL,Latin America & Caribbean,Lower middle income,"Inflation, consumer prices (annual %)",inflation_consumer_prices_yoy_pct_annual_wdi,2025,annual,19.517120804733,percent per year,observed,WB_WDI,FP.CPI.TOTL.ZG
Bolivia,BOL,Latin America & Caribbean,Lower middle income,"Life expectancy at birth, total (years)",life_expectancy_years_annual,2024,annual,68.739,years,observed,WB_WDI,SP.DYN.LE00.IN
Bolivia,BOL,Latin America & Caribbean,Lower middle income,"Nominal GDP growth, year over year (annual)",gdp_nominal_growth_yoy_pct_annual_lcu,2025,annual,18.016364638469405,percent per year,derived,WB_WDI,calculated:NY.GDP.MKTP.CN:year_over_year
Bolivia,BOL,Latin America & Caribbean,Lower middle income,"Nominal GDP per-capita growth, year over year (annual)",gdp_per_capita_nominal_growth_yoy_pct_annual_lcu,2025,annual,16.435589715448252,percent per year,derived,WB_WDI,calculated:NY.GDP.PCAP.CN:year_over_year
Bolivia,BOL,Latin America & Caribbean,Lower middle income,"Population, total",population_total_annual,2025,annual,12581843.0,people,observed,WB_WDI,SP.POP.TOTL
Bolivia,BOL,Latin America & Caribbean,Lower middle income,Poverty headcount ratio at $3.00 a day (2021 PPP) (% of population),poverty_headcount_at_3usd_2021_ppp_pct_annual,2024,annual,2.1,percent of population,observed,WB_WDI,SI.POV.DDAY
Bolivia,BOL,Latin America & Caribbean,Lower middle income,"Unemployment, total (% of total labor force) (modeled ILO estimate)",unemployment_rate_ilo_modeled_pct_annual,2025,annual,2.967,percent of labor force,observed,WB_WDI,SL.UEM.TOTL.ZS
Brazil,BRA,Latin America & Caribbean,Upper middle income,Consumer price index (2010 = 100),cpi_index_annual_wdi,2025,annual,234.414252669968,index points (2010=100),observed,WB_WDI,FP.CPI.TOTL
Brazil,BRA,Latin America & Caribbean,Upper middle income,GDP (constant 2015 US$),gdp_real_constant_2015_usd_annual,2025,annual,2074494382804.15,constant 2015 US dollars,observed,WB_WDI,NY.GDP.MKTP.KD
Brazil,BRA,Latin America & Caribbean,Upper middle income,GDP (constant LCU),gdp_real_constant_lcu_annual,2025,annual,4733092595100.0,constant local currency units (source base year varies),observed,WB_WDI,NY.GDP.MKTP.KN
Brazil,BRA,Latin America & Caribbean,Upper middle income,GDP (current LCU),gdp_nominal_current_lcu_annual,2025,annual,12738565613900.0,current local currency units,observed,WB_WDI,NY.GDP.MKTP.CN
Brazil,BRA,Latin America & Caribbean,Upper middle income,GDP (current US$),gdp_nominal_current_usd_annual,2025,annual,2279920092492.13,current US dollars,observed,WB_WDI,NY.GDP.MKTP.CD
Brazil,BRA,Latin America & Caribbean,Upper middle income,GDP growth (annual %),gdp_real_growth_yoy_pct_annual,2025,annual,2.2857464902475,percent per year,observed,WB_WDI,NY.GDP.MKTP.KD.ZG
Brazil,BRA,Latin America & Caribbean,Upper middle income,GDP per capita (constant 2015 US$),gdp_per_capita_real_2015_usd_annual,2025,annual,9747.99557762692,constant 2015 US dollars per person,observed,WB_WDI,NY.GDP.PCAP.KD
Brazil,BRA,Latin America & Caribbean,Upper middle income,GDP per capita (constant LCU),gdp_per_capita_real_lcu_annual,2025,annual,22240.6799786883,constant local currency units per person (source base year varies),observed,WB_WDI,NY.GDP.PCAP.KN
Brazil,BRA,Latin America & Caribbean,Upper middle income,GDP per capita (current LCU),gdp_per_capita_nominal_lcu_annual,2025,annual,59858.1911327021,current local currency units per person,observed,WB_WDI,NY.GDP.PCAP.CN
Brazil,BRA,Latin America & Caribbean,Upper middle income,GDP per capita (current US$),gdp_per_capita_nominal_usd_annual,2025,annual,10713.2856869511,current US dollars per person,observed,WB_WDI,NY.GDP.PCAP.CD
Brazil,BRA,Latin America & Caribbean,Upper middle income,GDP per capita growth (annual %),gdp_per_capita_real_growth_yoy_pct_annual,2025,annual,1.89458783745351,percent per year,observed,WB_WDI,NY.GDP.PCAP.KD.ZG
Brazil,BRA,Latin America & Caribbean,Upper middle income,"GNI per capita, PPP (current international $)",gni_per_capita_ppp_current_intl_dollar_annual,2025,annual,22670.0,current international dollars per person,observed,WB_WDI,NY.GNP.PCAP.PP.CD
Brazil,BRA,Latin America & Caribbean,Upper middle income,"Inflation, consumer prices (annual %)",inflation_consumer_prices_yoy_pct_annual_wdi,2025,annual,5.01675279604836,percent per year,observed,WB_WDI,FP.CPI.TOTL.ZG
Brazil,BRA,Latin America & Caribbean,Upper middle income,"Life expectancy at birth, total (years)",life_expectancy_years_annual,2024,annual,76.023,years,observed,WB_WDI,SP.DYN.LE00.IN
Brazil,BRA,Latin America & Caribbean,Upper middle income,"Nominal GDP growth, year over year (annual)",gdp_nominal_growth_yoy_pct_annual_lcu,2025,annual,8.144109216918395,percent per year,derived,WB_WDI,calculated:NY.GDP.MKTP.CN:year_over_year
Brazil,BRA,Latin America & Caribbean,Upper middle income,"Nominal GDP per-capita growth, year over year (annual)",gdp_per_capita_nominal_growth_yoy_pct_annual_lcu,2025,annual,7.730547156510248,percent per year,derived,WB_WDI,calculated:NY.GDP.PCAP.CN:year_over_year
Brazil,BRA,Latin America & Caribbean,Upper middle income,"Population, total",population_total_annual,2025,annual,212812405.0,people,observed,WB_WDI,SP.POP.TOTL
Brazil,BRA,Latin America & Caribbean,Upper middle income,Poverty headcount ratio at $3.00 a day (2021 PPP) (% of population),poverty_headcount_at_3usd_2021_ppp_pct_annual,2024,annual,3.0,percent of population,observed,WB_WDI,SI.POV.DDAY
Brazil,BRA,Latin America & Caribbean,Upper middle income,"Unemployment, total (% of total labor force) (modeled ILO estimate)",unemployment_rate_ilo_modeled_pct_annual,2025,annual,5.97,percent of labor force,observed,WB_WDI,SL.UEM.TOTL.ZS
Barbados,BRB,Latin America & Caribbean,High income,Consumer price index (2010 = 100),cpi_index_annual_wdi,2025,annual,146.534802378454,index points (2010=100),observed,WB_WDI,FP.CPI.TOTL
Barbados,BRB,Latin America & Caribbean,High income,GDP (constant 2015 US$),gdp_real_constant_2015_usd_annual,2025,annual,6504343545.82786,constant 2015 US dollars,observed,WB_WDI,NY.GDP.MKTP.KD
Barbados,BRB,Latin America & Caribbean,High income,GDP (constant LCU),gdp_real_constant_lcu_annual,2025,annual,15336090900.0,constant local currency units (source base year varies),observed,WB_WDI,NY.GDP.MKTP.KN
Barbados,BRB,Latin America & Caribbean,High income,GDP (current LCU),gdp_nominal_current_lcu_annual,2025,annual,16033100000.0,current local currency units,observed,WB_WDI,NY.GDP.MKTP.CN
Barbados,BRB,Latin America & Caribbean,High income,GDP (current US$),gdp_nominal_current_usd_annual,2025,annual,8016550000.0,current US dollars,observed,WB_WDI,NY.GDP.MKTP.CD
Barbados,BRB,Latin America & Caribbean,High income,GDP growth (annual %),gdp_real_growth_yoy_pct_annual,2025,annual,2.70000021764021,percent per year,observed,WB_WDI,NY.GDP.MKTP.KD.ZG
Barbados,BRB,Latin America & Caribbean,High income,GDP per capita (constant 2015 US$),gdp_per_capita_real_2015_usd_annual,2025,annual,23014.2045970351,constant 2015 US dollars per person,observed,WB_WDI,NY.GDP.PCAP.KD
Barbados,BRB,Latin America & Caribbean,High income,GDP per capita (constant LCU),gdp_per_capita_real_lcu_annual,2025,annual,54263.4212360636,constant local currency units per person (source base year varies),observed,WB_WDI,NY.GDP.PCAP.KN
Barbados,BRB,Latin America & Caribbean,High income,GDP per capita (current LCU),gdp_per_capita_nominal_lcu_annual,2025,annual,56729.6362999473,current local currency units per person,observed,WB_WDI,NY.GDP.PCAP.CN
Barbados,BRB,Latin America & Caribbean,High income,GDP per capita (current US$),gdp_per_capita_nominal_usd_annual,2025,annual,28364.8181499736,current US dollars per person,observed,WB_WDI,NY.GDP.PCAP.CD
Barbados,BRB,Latin America & Caribbean,High income,GDP per capita growth (annual %),gdp_per_capita_real_growth_yoy_pct_annual,2025,annual,2.64331268678124,percent per year,observed,WB_WDI,NY.GDP.PCAP.KD.ZG
Barbados,BRB,Latin America & Caribbean,High income,"GNI per capita, PPP (current international $)",gni_per_capita_ppp_current_intl_dollar_annual,2025,annual,24840.0,current international dollars per person,observed,WB_WDI,NY.GNP.PCAP.PP.CD
Barbados,BRB,Latin America & Caribbean,High income,"Inflation, consumer prices (annual %)",inflation_consumer_prices_yoy_pct_annual_wdi,2025,annual,0.846576563196289,percent per year,observed,WB_WDI,FP.CPI.TOTL.ZG
Barbados,BRB,Latin America & Caribbean,High income,"Life expectancy at birth, total (years)",life_expectancy_years_annual,2024,annual,76.332,years,observed,WB_WDI,SP.DYN.LE00.IN
Barbados,BRB,Latin America & Caribbean,High income,"Nominal GDP growth, year over year (annual)",gdp_nominal_growth_yoy_pct_annual_lcu,2025,annual,5.514637838647762,percent per year,derived,WB_WDI,calculated:NY.GDP.MKTP.CN:year_over_year
Barbados,BRB,Latin America & Caribbean,High income,"Nominal GDP per-capita growth, year over year (annual)",gdp_per_capita_nominal_growth_yoy_pct_annual_lcu,2025,annual,5.456396706458078,percent per year,derived,WB_WDI,calculated:NY.GDP.PCAP.CN:year_over_year
Barbados,BRB,Latin America & Caribbean,High income,"Population, total",population_total_annual,2025,annual,282623.0,people,observed,WB_WDI,SP.POP.TOTL
Barbados,BRB,Latin America & Caribbean,High income,Poverty headcount ratio at $3.00 a day (2021 PPP) (% of population),poverty_headcount_at_3usd_2021_ppp_pct_annual,2016,annual,1.7,percent of population,observed,WB_WDI,SI.POV.DDAY
Barbados,BRB,Latin America & Caribbean,High income,"Unemployment, total (% of total labor force) (modeled ILO estimate)",unemployment_rate_ilo_modeled_pct_annual,2025,annual,6.524,percent of labor force,observed,WB_WDI,SL.UEM.TOTL.ZS
Brunei Darussalam,BRN,East Asia & Pacific,High income,Consumer price index (2010 = 100),cpi_index_annual_wdi,2025,annual,106.122049061729,index points (2010=100),observed,WB_WDI,FP.CPI.TOTL
Brunei Darussalam,BRN,East Asia & Pacific,High income,GDP (constant 2015 US$),gdp_real_constant_2015_usd_annual,2025,annual,13771417606.902,constant 2015 US dollars,observed,WB_WDI,NY.GDP.MKTP.KD
Brunei Darussalam,BRN,East Asia & Pacific,High income,GDP (constant LCU),gdp_real_constant_lcu_annual,2025,annual,19807130570.8058,constant local currency units (source base year varies),observed,WB_WDI,NY.GDP.MKTP.KN
Brunei Darussalam,BRN,East Asia & Pacific,High income,GDP (current LCU),gdp_nominal_current_lcu_annual,2025,annual,19655743187.996,current local currency units,observed,WB_WDI,NY.GDP.MKTP.CN
Brunei Darussalam,BRN,East Asia & Pacific,High income,GDP (current US$),gdp_nominal_current_usd_annual,2025,annual,15031980994.1121,current US dollars,observed,WB_WDI,NY.GDP.MKTP.CD
Brunei Darussalam,BRN,East Asia & Pacific,High income,GDP growth (annual %),gdp_real_growth_yoy_pct_annual,2025,annual,0.66956214816436,percent per year,observed,WB_WDI,NY.GDP.MKTP.KD.ZG
Brunei Darussalam,BRN,East Asia & Pacific,High income,GDP per capita (constant 2015 US$),gdp_per_capita_real_2015_usd_annual,2025,annual,29531.4854435743,constant 2015 US dollars per person,observed,WB_WDI,NY.GDP.PCAP.KD
Brunei Darussalam,BRN,East Asia & Pacific,High income,GDP per capita (constant LCU),gdp_per_capita_real_lcu_annual,2025,annual,42474.4935363494,constant local currency units per person (source base year varies),observed,WB_WDI,NY.GDP.PCAP.KN
Brunei Darussalam,BRN,East Asia & Pacific,High income,GDP per capita (current LCU),gdp_per_capita_nominal_lcu_annual,2025,annual,42149.8578002616,current local currency units per person,observed,WB_WDI,NY.GDP.PCAP.CN
Brunei Darussalam,BRN,East Asia & Pacific,High income,GDP per capita (current US$),gdp_per_capita_nominal_usd_annual,2025,annual,32234.6428368582,current US dollars per person,observed,WB_WDI,NY.GDP.PCAP.CD
Brunei Darussalam,BRN,East Asia & Pacific,High income,GDP per capita growth (annual %),gdp_per_capita_real_growth_yoy_pct_annual,2025,annual,-0.109535164452723,percent per year,observed,WB_WDI,NY.GDP.PCAP.KD.ZG
Brunei Darussalam,BRN,East Asia & Pacific,High income,"GNI per capita, PPP (current international $)",gni_per_capita_ppp_current_intl_dollar_annual,2025,annual,95420.0,current international dollars per person,observed,WB_WDI,NY.GNP.PCAP.PP.CD
Brunei Darussalam,BRN,East Asia & Pacific,High income,"Inflation, consumer prices (annual %)",inflation_consumer_prices_yoy_pct_annual_wdi,2025,annual,-0.302994414446762,percent per year,observed,WB_WDI,FP.CPI.TOTL.ZG
Brunei Darussalam,BRN,East Asia & Pacific,High income,"Life expectancy at birth, total (years)",life_expectancy_years_annual,2024,annual,75.501,years,observed,WB_WDI,SP.DYN.LE00.IN
Brunei Darussalam,BRN,East Asia & Pacific,High income,"Nominal GDP growth, year over year (annual)",gdp_nominal_growth_yoy_pct_annual_lcu,2025,annual,-4.098801954463305,percent per year,derived,WB_WDI,calculated:NY.GDP.MKTP.CN:year_over_year
Brunei Darussalam,BRN,East Asia & Pacific,High income,"Nominal GDP per-capita growth, year over year (annual)",gdp_per_capita_nominal_growth_yoy_pct_annual_lcu,2025,annual,-4.840996159739341,percent per year,derived,WB_WDI,calculated:NY.GDP.PCAP.CN:year_over_year
Brunei Darussalam,BRN,East Asia & Pacific,High income,"Population, total",population_total_annual,2025,annual,466330.0,people,observed,WB_WDI,SP.POP.TOTL
Brunei Darussalam,BRN,East Asia & Pacific,High income,"Unemployment, total (% of total labor force) (modeled ILO estimate)",unemployment_rate_ilo_modeled_pct_annual,2025,annual,5.277,percent of labor force,observed,WB_WDI,SL.UEM.TOTL.ZS
Bhutan,BTN,South Asia,Lower middle income,Consumer price index (2010 = 100),cpi_index_annual_wdi,2025,annual,225.791281700656,index points (2010=100),observed,WB_WDI,FP.CPI.TOTL
Bhutan,BTN,South Asia,Lower middle income,GDP (constant 2015 US$),gdp_real_constant_2015_usd_annual,2025,annual,3177790168.58628,constant 2015 US dollars,observed,WB_WDI,NY.GDP.MKTP.KD
Bhutan,BTN,South Asia,Lower middle income,GDP (constant LCU),gdp_real_constant_lcu_annual,2025,annual,221341840000.0,constant local currency units (source base year varies),observed,WB_WDI,NY.GDP.MKTP.KN
Bhutan,BTN,South Asia,Lower middle income,GDP (current LCU),gdp_nominal_current_lcu_annual,2025,annual,311967990000.0,current local currency units,observed,WB_WDI,NY.GDP.MKTP.CN
Bhutan,BTN,South Asia,Lower middle income,GDP (current US$),gdp_nominal_current_usd_annual,2025,annual,3579320145.13077,current US dollars,observed,WB_WDI,NY.GDP.MKTP.CD
Bhutan,BTN,South Asia,Lower middle income,GDP growth (annual %),gdp_real_growth_yoy_pct_annual,2025,annual,8.00502716233098,percent per year,observed,WB_WDI,NY.GDP.MKTP.KD.ZG
Bhutan,BTN,South Asia,Lower middle income,GDP per capita (constant 2015 US$),gdp_per_capita_real_2015_usd_annual,2025,annual,3988.78118067972,constant 2015 US dollars per person,observed,WB_WDI,NY.GDP.PCAP.KD
Bhutan,BTN,South Asia,Lower middle income,GDP per capita (constant LCU),gdp_per_capita_real_lcu_annual,2025,annual,277829.598258778,constant local currency units per person (source base year varies),observed,WB_WDI,NY.GDP.PCAP.KN
Bhutan,BTN,South Asia,Lower middle income,GDP per capita (current LCU),gdp_per_capita_nominal_lcu_annual,2025,annual,391584.082482094,current local currency units per person,observed,WB_WDI,NY.GDP.PCAP.CN
Bhutan,BTN,South Asia,Lower middle income,GDP per capita (current US$),gdp_per_capita_nominal_usd_annual,2025,annual,4492.78400306618,current US dollars per person,observed,WB_WDI,NY.GDP.PCAP.CD
Bhutan,BTN,South Asia,Lower middle income,GDP per capita growth (annual %),gdp_per_capita_real_growth_yoy_pct_annual,2025,annual,7.30576455805061,percent per year,observed,WB_WDI,NY.GDP.PCAP.KD.ZG
Bhutan,BTN,South Asia,Lower middle income,"GNI per capita, PPP (current international $)",gni_per_capita_ppp_current_intl_dollar_annual,2025,annual,18520.0,current international dollars per person,observed,WB_WDI,NY.GNP.PCAP.PP.CD
Bhutan,BTN,South Asia,Lower middle income,"Inflation, consumer prices (annual %)",inflation_consumer_prices_yoy_pct_annual_wdi,2025,annual,3.55513663074987,percent per year,observed,WB_WDI,FP.CPI.TOTL.ZG
Bhutan,BTN,South Asia,Lower middle income,"Life expectancy at birth, total (years)",life_expectancy_years_annual,2024,annual,73.262,years,observed,WB_WDI,SP.DYN.LE00.IN
Bhutan,BTN,South Asia,Lower middle income,"Nominal GDP growth, year over year (annual)",gdp_nominal_growth_yoy_pct_annual_lcu,2025,annual,11.413979107778305,percent per year,derived,WB_WDI,calculated:NY.GDP.MKTP.CN:year_over_year
Bhutan,BTN,South Asia,Lower middle income,"Nominal GDP per-capita growth, year over year (annual)",gdp_per_capita_nominal_growth_yoy_pct_annual_lcu,2025,annual,10.692645747368523,percent per year,derived,WB_WDI,calculated:NY.GDP.PCAP.CN:year_over_year
Bhutan,BTN,South Asia,Lower middle income,"Population, total",population_total_annual,2025,annual,796682.0,people,observed,WB_WDI,SP.POP.TOTL
Bhutan,BTN,South Asia,Lower middle income,Poverty headcount ratio at $3.00 a day (2021 PPP) (% of population),poverty_headcount_at_3usd_2021_ppp_pct_annual,2022,annual,0.0,percent of population,observed,WB_WDI,SI.POV.DDAY
Bhutan,BTN,South Asia,Lower middle income,"Unemployment, total (% of total labor force) (modeled ILO estimate)",unemployment_rate_ilo_modeled_pct_annual,2025,annual,3.227,percent of labor force,observed,WB_WDI,SL.UEM.TOTL.ZS
Botswana,BWA,Sub-Saharan Africa,Upper middle income,Consumer price index (2010 = 100),cpi_index_annual_wdi,2025,annual,202.642441604877,index points (2010=100),observed,WB_WDI,FP.CPI.TOTL
Botswana,BWA,Sub-Saharan Africa,Upper middle income,GDP (constant 2015 US$),gdp_real_constant_2015_usd_annual,2025,annual,17399198450.9626,constant 2015 US dollars,observed,WB_WDI,NY.GDP.MKTP.KD
Botswana,BWA,Sub-Saharan Africa,Upper middle income,GDP (constant LCU),gdp_real_constant_lcu_annual,2025,annual,197217036400.0,constant local currency units (source base year varies),observed,WB_WDI,NY.GDP.MKTP.KN
Botswana,BWA,Sub-Saharan Africa,Upper middle income,GDP (current LCU),gdp_nominal_current_lcu_annual,2025,annual,269081967400.0,current local currency units,observed,WB_WDI,NY.GDP.MKTP.CN
Botswana,BWA,Sub-Saharan Africa,Upper middle income,GDP (current US$),gdp_nominal_current_usd_annual,2025,annual,19928479839.4476,current US dollars,observed,WB_WDI,NY.GDP.MKTP.CD
Botswana,BWA,Sub-Saharan Africa,Upper middle income,GDP growth (annual %),gdp_real_growth_yoy_pct_annual,2025,annual,-0.733898323852287,percent per year,observed,WB_WDI,NY.GDP.MKTP.KD.ZG
Botswana,BWA,Sub-Saharan Africa,Upper middle income,GDP per capita (constant 2015 US$),gdp_per_capita_real_2015_usd_annual,2025,annual,6790.93284822604,constant 2015 US dollars per person,observed,WB_WDI,NY.GDP.PCAP.KD
Botswana,BWA,Sub-Saharan Africa,Upper middle income,GDP per capita (constant LCU),gdp_per_capita_real_lcu_annual,2025,annual,76974.1005307319,constant local currency units per person (source base year varies),observed,WB_WDI,NY.GDP.PCAP.KN
Botswana,BWA,Sub-Saharan Africa,Upper middle income,GDP per capita (current LCU),gdp_per_capita_nominal_lcu_annual,2025,annual,105023.089220576,current local currency units per person,observed,WB_WDI,NY.GDP.PCAP.CN
Botswana,BWA,Sub-Saharan Africa,Upper middle income,GDP per capita (current US$),gdp_per_capita_nominal_usd_annual,2025,annual,7778.1151090571,current US dollars per person,observed,WB_WDI,NY.GDP.PCAP.CD
Botswana,BWA,Sub-Saharan Africa,Upper middle income,GDP per capita growth (annual %),gdp_per_capita_real_growth_yoy_pct_annual,2025,annual,-2.32173162960181,percent per year,observed,WB_WDI,NY.GDP.PCAP.KD.ZG
Botswana,BWA,Sub-Saharan Africa,Upper middle income,"GNI per capita, PPP (current international $)",gni_per_capita_ppp_current_intl_dollar_annual,2025,annual,19960.0,current international dollars per person,observed,WB_WDI,NY.GNP.PCAP.PP.CD
Botswana,BWA,Sub-Saharan Africa,Upper middle income,"Inflation, consumer prices (annual %)",inflation_consumer_prices_yoy_pct_annual_wdi,2025,annual,2.6597506179431,percent per year,observed,WB_WDI,FP.CPI.TOTL.ZG
Botswana,BWA,Sub-Saharan Africa,Upper middle income,"Life expectancy at birth, total (years)",life_expectancy_years_annual,2024,annual,69.293,years,observed,WB_WDI,SP.DYN.LE00.IN
Botswana,BWA,Sub-Saharan Africa,Upper middle income,"Nominal GDP growth, year over year (annual)",gdp_nominal_growth_yoy_pct_annual_lcu,2025,annual,2.8671618977827107,percent per year,derived,WB_WDI,calculated:NY.GDP.MKTP.CN:year_over_year
Botswana,BWA,Sub-Saharan Africa,Upper middle income,"Nominal GDP per-capita growth, year over year (annual)",gdp_per_capita_nominal_growth_yoy_pct_annual_lcu,2025,annual,1.2217270215132192,percent per year,derived,WB_WDI,calculated:NY.GDP.PCAP.CN:year_over_year
Botswana,BWA,Sub-Saharan Africa,Upper middle income,"Population, total",population_total_annual,2025,annual,2562122.0,people,observed,WB_WDI,SP.POP.TOTL
Botswana,BWA,Sub-Saharan Africa,Upper middle income,Poverty headcount ratio at $3.00 a day (2021 PPP) (% of population),poverty_headcount_at_3usd_2021_ppp_pct_annual,2015,annual,21.4,percent of population,observed,WB_WDI,SI.POV.DDAY
Botswana,BWA,Sub-Saharan Africa,Upper middle income,"Unemployment, total (% of total labor force) (modeled ILO estimate)",unemployment_rate_ilo_modeled_pct_annual,2025,annual,24.477,percent of labor force,observed,WB_WDI,SL.UEM.TOTL.ZS
Central African Republic,CAF,Sub-Saharan Africa,Low income,Consumer price index (2010 = 100),cpi_index_annual_wdi,2025,annual,179.370649325771,index points (2010=100),observed,WB_WDI,FP.CPI.TOTL
Central African Republic,CAF,Sub-Saharan Africa,Low income,GDP (constant 2015 US$),gdp_real_constant_2015_usd_annual,2025,annual,2172168656.51218,constant 2015 US dollars,observed,WB_WDI,NY.GDP.MKTP.KD
Central African Republic,CAF,Sub-Saharan Africa,Low income,GDP (constant LCU),gdp_real_constant_lcu_annual,2025,annual,834815878400.0,constant local currency units (source base year varies),observed,WB_WDI,NY.GDP.MKTP.KN
Central African Republic,CAF,Sub-Saharan Africa,Low income,GDP (current LCU),gdp_nominal_current_lcu_annual,2025,annual,1784256284700.0,current local currency units,observed,WB_WDI,NY.GDP.MKTP.CN
Central African Republic,CAF,Sub-Saharan Africa,Low income,GDP (current US$),gdp_nominal_current_usd_annual,2025,annual,3066109226.40165,current US dollars,observed,WB_WDI,NY.GDP.MKTP.CD
Central African Republic,CAF,Sub-Saharan Africa,Low income,GDP growth (annual %),gdp_real_growth_yoy_pct_annual,2025,annual,4.49950000393781,percent per year,observed,WB_WDI,NY.GDP.MKTP.KD.ZG
Central African Republic,CAF,Sub-Saharan Africa,Low income,GDP per capita (constant 2015 US$),gdp_per_capita_real_2015_usd_annual,2025,annual,393.988309778491,constant 2015 US dollars per person,observed,WB_WDI,NY.GDP.PCAP.KD
Central African Republic,CAF,Sub-Saharan Africa,Low income,GDP per capita (constant LCU),gdp_per_capita_real_lcu_annual,2025,annual,151419.041942712,constant local currency units per person (source base year varies),observed,WB_WDI,NY.GDP.PCAP.KN
Central African Republic,CAF,Sub-Saharan Africa,Low income,GDP per capita (current LCU),gdp_per_capita_nominal_lcu_annual,2025,annual,323628.699692851,current local currency units per person,observed,WB_WDI,NY.GDP.PCAP.CN
Central African Republic,CAF,Sub-Saharan Africa,Low income,GDP per capita (current US$),gdp_per_capita_nominal_usd_annual,2025,annual,556.131398031455,current US dollars per person,observed,WB_WDI,NY.GDP.PCAP.CD
Central African Republic,CAF,Sub-Saharan Africa,Low income,GDP per capita growth (annual %),gdp_per_capita_real_growth_yoy_pct_annual,2025,annual,1.03862629845366,percent per year,observed,WB_WDI,NY.GDP.PCAP.KD.ZG
Central African Republic,CAF,Sub-Saharan Africa,Low income,"GNI per capita, PPP (current international $)",gni_per_capita_ppp_current_intl_dollar_annual,2025,annual,1390.0,current international dollars per person,observed,WB_WDI,NY.GNP.PCAP.PP.CD
Central African Republic,CAF,Sub-Saharan Africa,Low income,"Inflation, consumer prices (annual %)",inflation_consumer_prices_yoy_pct_annual_wdi,2025,annual,1.00198012768088,percent per year,observed,WB_WDI,FP.CPI.TOTL.ZG
Central African Republic,CAF,Sub-Saharan Africa,Low income,"Life expectancy at birth, total (years)",life_expectancy_years_annual,2024,annual,57.671,years,observed,WB_WDI,SP.DYN.LE00.IN
Central African Republic,CAF,Sub-Saharan Africa,Low income,"Nominal GDP growth, year over year (annual)",gdp_nominal_growth_yoy_pct_annual_lcu,2025,annual,6.946999999550085,percent per year,derived,WB_WDI,calculated:NY.GDP.MKTP.CN:year_over_year
Central African Republic,CAF,Sub-Saharan Africa,Low income,"Nominal GDP per-capita growth, year over year (annual)",gdp_per_capita_nominal_growth_yoy_pct_annual_lcu,2025,annual,3.405068601171002,percent per year,derived,WB_WDI,calculated:NY.GDP.PCAP.CN:year_over_year
Central African Republic,CAF,Sub-Saharan Africa,Low income,"Population, total",population_total_annual,2025,annual,5513282.0,people,observed,WB_WDI,SP.POP.TOTL
Central African Republic,CAF,Sub-Saharan Africa,Low income,Poverty headcount ratio at $3.00 a day (2021 PPP) (% of population),poverty_headcount_at_3usd_2021_ppp_pct_annual,2021,annual,71.6,percent of population,observed,WB_WDI,SI.POV.DDAY
Central African Republic,CAF,Sub-Saharan Africa,Low income,"Unemployment, total (% of total labor force) (modeled ILO estimate)",unemployment_rate_ilo_modeled_pct_annual,2025,annual,6.251,percent of labor force,observed,WB_WDI,SL.UEM.TOTL.ZS
Canada,CAN,North America,High income,Consumer price index (2010 = 100),cpi_index_annual_wdi,2025,annual,140.970234688037,index points (2010=100),observed,WB_WDI,FP.CPI.TOTL
Canada,CAN,North America,High income,GDP (constant 2015 US$),gdp_real_constant_2015_usd_annual,2025,annual,1891740160107.82,constant 2015 US dollars,observed,WB_WDI,NY.GDP.MKTP.KD
Canada,CAN,North America,High income,GDP (constant LCU),gdp_real_constant_lcu_annual,2025,annual,2607281637000.0,constant local currency units (source base year varies),observed,WB_WDI,NY.GDP.MKTP.KN
Canada,CAN,North America,High income,GDP (current LCU),gdp_nominal_current_lcu_annual,2025,annual,3243465000000.0,current local currency units,observed,WB_WDI,NY.GDP.MKTP.CN
Canada,CAN,North America,High income,GDP (current US$),gdp_nominal_current_usd_annual,2025,annual,2319899772425.92,current US dollars,observed,WB_WDI,NY.GDP.MKTP.CD
Canada,CAN,North America,High income,GDP growth (annual %),gdp_real_growth_yoy_pct_annual,2025,annual,1.74268536175708,percent per year,observed,WB_WDI,NY.GDP.MKTP.KD.ZG
Canada,CAN,North America,High income,GDP per capita (constant 2015 US$),gdp_per_capita_real_2015_usd_annual,2025,annual,45418.1292662699,constant 2015 US dollars per person,observed,WB_WDI,NY.GDP.PCAP.KD
Canada,CAN,North America,High income,GDP per capita (constant LCU),gdp_per_capita_real_lcu_annual,2025,annual,62597.3148532664,constant local currency units per person (source base year varies),observed,WB_WDI,NY.GDP.PCAP.KN
Canada,CAN,North America,High income,GDP per capita (current LCU),gdp_per_capita_nominal_lcu_annual,2025,annual,77871.2191806649,current local currency units per person,observed,WB_WDI,NY.GDP.PCAP.CN
Canada,CAN,North America,High income,GDP per capita (current US$),gdp_per_capita_nominal_usd_annual,2025,annual,55697.6639660837,current US dollars per person,observed,WB_WDI,NY.GDP.PCAP.CD
Canada,CAN,North America,High income,GDP per capita growth (annual %),gdp_per_capita_real_growth_yoy_pct_annual,2025,annual,0.791681826896635,percent per year,observed,WB_WDI,NY.GDP.PCAP.KD.ZG
Canada,CAN,North America,High income,"GNI per capita, PPP (current international $)",gni_per_capita_ppp_current_intl_dollar_annual,2025,annual,66820.0,current international dollars per person,observed,WB_WDI,NY.GNP.PCAP.PP.CD
Canada,CAN,North America,High income,"Inflation, consumer prices (annual %)",inflation_consumer_prices_yoy_pct_annual_wdi,2025,annual,2.07232411149103,percent per year,observed,WB_WDI,FP.CPI.TOTL.ZG
Canada,CAN,North America,High income,"Life expectancy at birth, total (years)",life_expectancy_years_annual,2024,annual,82.1080487804878,years,observed,WB_WDI,SP.DYN.LE00.IN
Canada,CAN,North America,High income,"Nominal GDP growth, year over year (annual)",gdp_nominal_growth_yoy_pct_annual_lcu,2025,annual,4.340092859985245,percent per year,derived,WB_WDI,calculated:NY.GDP.MKTP.CN:year_over_year
Canada,CAN,North America,High income,"Nominal GDP per-capita growth, year over year (annual)",gdp_per_capita_nominal_growth_yoy_pct_annual_lcu,2025,annual,3.364810983114186,percent per year,derived,WB_WDI,calculated:NY.GDP.PCAP.CN:year_over_year
Canada,CAN,North America,High income,"Population, total",population_total_annual,2025,annual,41651653.0,people,observed,WB_WDI,SP.POP.TOTL
Canada,CAN,North America,High income,Poverty headcount ratio at $3.00 a day (2021 PPP) (% of population),poverty_headcount_at_3usd_2021_ppp_pct_annual,2022,annual,0.3,percent of population,observed,WB_WDI,SI.POV.DDAY
Canada,CAN,North America,High income,"Unemployment, total (% of total labor force) (modeled ILO estimate)",unemployment_rate_ilo_modeled_pct_annual,2025,annual,6.907,percent of labor force,observed,WB_WDI,SL.UEM.TOTL.ZS
Switzerland,CHE,Europe & Central Asia,High income,Consumer price index (2010 = 100),cpi_index_annual_wdi,2025,annual,105.671996011192,index points (2010=100),observed,WB_WDI,FP.CPI.TOTL
Switzerland,CHE,Europe & Central Asia,High income,GDP (constant 2015 US$),gdp_real_constant_2015_usd_annual,2025,annual,848575173117.719,constant 2015 US dollars,observed,WB_WDI,NY.GDP.MKTP.KD
Switzerland,CHE,Europe & Central Asia,High income,GDP (constant LCU),gdp_real_constant_lcu_annual,2025,annual,808086657000.0,constant local currency units (source base year varies),observed,WB_WDI,NY.GDP.MKTP.KN
Switzerland,CHE,Europe & Central Asia,High income,GDP (current LCU),gdp_nominal_current_lcu_annual,2025,annual,867544669000.0,current local currency units,observed,WB_WDI,NY.GDP.MKTP.CN
Switzerland,CHE,Europe & Central Asia,High income,GDP (current US$),gdp_nominal_current_usd_annual,2025,annual,1043529899250.92,current US dollars,observed,WB_WDI,NY.GDP.MKTP.CD
Switzerland,CHE,Europe & Central Asia,High income,GDP growth (annual %),gdp_real_growth_yoy_pct_annual,2025,annual,1.30007790958307,percent per year,observed,WB_WDI,NY.GDP.MKTP.KD.ZG
Switzerland,CHE,Europe & Central Asia,High income,GDP per capita (constant 2015 US$),gdp_per_capita_real_2015_usd_annual,2025,annual,93327.5937403044,constant 2015 US dollars per person,observed,WB_WDI,NY.GDP.PCAP.KD
Switzerland,CHE,Europe & Central Asia,High income,GDP per capita (constant LCU),gdp_per_capita_real_lcu_annual,2025,annual,88874.6048913624,constant local currency units per person (source base year varies),observed,WB_WDI,NY.GDP.PCAP.KN
Switzerland,CHE,Europe & Central Asia,High income,GDP per capita (current LCU),gdp_per_capita_nominal_lcu_annual,2025,annual,95413.8878733928,current local currency units per person,observed,WB_WDI,NY.GDP.PCAP.CN
Switzerland,CHE,Europe & Central Asia,High income,GDP per capita (current US$),gdp_per_capita_nominal_usd_annual,2025,annual,114769.012314293,current US dollars per person,observed,WB_WDI,NY.GDP.PCAP.CD
Switzerland,CHE,Europe & Central Asia,High income,GDP per capita growth (annual %),gdp_per_capita_real_growth_yoy_pct_annual,2025,annual,0.332425570126517,percent per year,observed,WB_WDI,NY.GDP.PCAP.KD.ZG
Switzerland,CHE,Europe & Central Asia,High income,"GNI per capita, PPP (current international $)",gni_per_capita_ppp_current_intl_dollar_annual,2025,annual,101690.0,current international dollars per person,observed,WB_WDI,NY.GNP.PCAP.PP.CD
Switzerland,CHE,Europe & Central Asia,High income,"Inflation, consumer prices (annual %)",inflation_consumer_prices_yoy_pct_annual_wdi,2025,annual,0.154376978290185,percent per year,observed,WB_WDI,FP.CPI.TOTL.ZG
Switzerland,CHE,Europe & Central Asia,High income,"Life expectancy at birth, total (years)",life_expectancy_years_annual,2024,annual,84.4073170731707,years,observed,WB_WDI,SP.DYN.LE00.IN
Switzerland,CHE,Europe & Central Asia,High income,"Nominal GDP growth, year over year (annual)",gdp_nominal_growth_yoy_pct_annual_lcu,2025,annual,1.591143844323728,percent per year,derived,WB_WDI,calculated:NY.GDP.MKTP.CN:year_over_year
Switzerland,CHE,Europe & Central Asia,High income,"Nominal GDP per-capita growth, year over year (annual)",gdp_per_capita_nominal_growth_yoy_pct_annual_lcu,2025,annual,0.6207111453798264,percent per year,derived,WB_WDI,calculated:NY.GDP.PCAP.CN:year_over_year
Switzerland,CHE,Europe & Central Asia,High income,"Population, total",population_total_annual,2025,annual,9092436.0,people,observed,WB_WDI,SP.POP.TOTL
Switzerland,CHE,Europe & Central Asia,High income,Poverty headcount ratio at $3.00 a day (2021 PPP) (% of population),poverty_headcount_at_3usd_2021_ppp_pct_annual,2022,annual,0.2,percent of population,observed,WB_WDI,SI.POV.DDAY
Switzerland,CHE,Europe & Central Asia,High income,"Unemployment, total (% of total labor force) (modeled ILO estimate)",unemployment_rate_ilo_modeled_pct_annual,2025,annual,4.873,percent of labor force,observed,WB_WDI,SL.UEM.TOTL.ZS
Channel Islands,CHI,Europe & Central Asia,High income,GDP (constant 2015 US$),gdp_real_constant_2015_usd_annual,2023,annual,11707875863.1821,constant 2015 US dollars,observed,WB_WDI,NY.GDP.MKTP.KD
Channel Islands,CHI,Europe & Central Asia,High income,GDP (constant LCU),gdp_real_constant_lcu_annual,2023,annual,10062441800.0,constant local currency units (source base year varies),observed,WB_WDI,NY.GDP.MKTP.KN
Channel Islands,CHI,Europe & Central Asia,High income,GDP (current LCU),gdp_nominal_current_lcu_annual,2023,annual,10062627400.0,current local currency units,observed,WB_WDI,NY.GDP.MKTP.CN
Channel Islands,CHI,Europe & Central Asia,High income,GDP (current US$),gdp_nominal_current_usd_annual,2023,annual,12507320838.3932,current US dollars,observed,WB_WDI,NY.GDP.MKTP.CD
Channel Islands,CHI,Europe & Central Asia,High income,GDP growth (annual %),gdp_real_growth_yoy_pct_annual,2023,annual,3.71500590367266,percent per year,observed,WB_WDI,NY.GDP.MKTP.KD.ZG
Channel Islands,CHI,Europe & Central Asia,High income,GDP per capita (constant 2015 US$),gdp_per_capita_real_2015_usd_annual,2023,annual,69818.1528119104,constant 2015 US dollars per person,observed,WB_WDI,NY.GDP.PCAP.KD
Channel Islands,CHI,Europe & Central Asia,High income,GDP per capita (constant LCU),gdp_per_capita_real_lcu_annual,2023,annual,60005.854816299,constant local currency units per person (source base year varies),observed,WB_WDI,NY.GDP.PCAP.KN
Channel Islands,CHI,Europe & Central Asia,High income,GDP per capita (current LCU),gdp_per_capita_nominal_lcu_annual,2023,annual,60006.9616139208,current local currency units per person,observed,WB_WDI,NY.GDP.PCAP.CN
Channel Islands,CHI,Europe & Central Asia,High income,GDP per capita (current US$),gdp_per_capita_nominal_usd_annual,2023,annual,74585.5224096294,current US dollars per person,observed,WB_WDI,NY.GDP.PCAP.CD
Channel Islands,CHI,Europe & Central Asia,High income,GDP per capita growth (annual %),gdp_per_capita_real_growth_yoy_pct_annual,2023,annual,3.42060523333167,percent per year,observed,WB_WDI,NY.GDP.PCAP.KD.ZG
Channel Islands,CHI,Europe & Central Asia,High income,"Life expectancy at birth, total (years)",life_expectancy_years_annual,2024,annual,81.2,years,observed,WB_WDI,SP.DYN.LE00.IN
Channel Islands,CHI,Europe & Central Asia,High income,"Nominal GDP growth, year over year (annual)",gdp_nominal_growth_yoy_pct_annual_lcu,2023,annual,9.681297597742411,percent per year,derived,WB_WDI,calculated:NY.GDP.MKTP.CN:year_over_year
Channel Islands,CHI,Europe & Central Asia,High income,"Nominal GDP per-capita growth, year over year (annual)",gdp_per_capita_nominal_growth_yoy_pct_annual_lcu,2023,annual,9.369961284782558,percent per year,derived,WB_WDI,calculated:NY.GDP.PCAP.CN:year_over_year
Channel Islands,CHI,Europe & Central Asia,High income,"Population, total",population_total_annual,2025,annual,168466.0,people,observed,WB_WDI,SP.POP.TOTL
Channel Islands,CHI,Europe & Central Asia,High income,"Unemployment, total (% of total labor force) (modeled ILO estimate)",unemployment_rate_ilo_modeled_pct_annual,2025,annual,6.169,percent of labor force,observed,WB_WDI,SL.UEM.TOTL.ZS
Chile,CHL,Latin America & Caribbean,High income,Consumer price index (2010 = 100),cpi_index_annual_wdi,2025,annual,185.483870325878,index points (2010=100),observed,WB_WDI,FP.CPI.TOTL
Chile,CHL,Latin America & Caribbean,High income,GDP (constant 2015 US$),gdp_real_constant_2015_usd_annual,2025,annual,296005043455.575,constant 2015 US dollars,observed,WB_WDI,NY.GDP.MKTP.KD
Chile,CHL,Latin America & Caribbean,High income,GDP (constant LCU),gdp_real_constant_lcu_annual,2025,annual,215645493568200.0,constant local currency units (source base year varies),observed,WB_WDI,NY.GDP.MKTP.KN
Chile,CHL,Latin America & Caribbean,High income,GDP (current LCU),gdp_nominal_current_lcu_annual,2025,annual,339977710113700.0,current local currency units,observed,WB_WDI,NY.GDP.MKTP.CN
Chile,CHL,Latin America & Caribbean,High income,GDP (current US$),gdp_nominal_current_usd_annual,2025,annual,357371159574.862,current US dollars,observed,WB_WDI,NY.GDP.MKTP.CD
Chile,CHL,Latin America & Caribbean,High income,GDP growth (annual %),gdp_real_growth_yoy_pct_annual,2025,annual,2.45925474781374,percent per year,observed,WB_WDI,NY.GDP.MKTP.KD.ZG
Chile,CHL,Latin America & Caribbean,High income,GDP per capita (constant 2015 US$),gdp_per_capita_real_2015_usd_annual,2025,annual,14904.6435509776,constant 2015 US dollars per person,observed,WB_WDI,NY.GDP.PCAP.KD
Chile,CHL,Latin America & Caribbean,High income,GDP per capita (constant LCU),gdp_per_capita_real_lcu_annual,2025,annual,10858325.8497453,constant local currency units per person (source base year varies),observed,WB_WDI,NY.GDP.PCAP.KN
Chile,CHL,Latin America & Caribbean,High income,GDP per capita (current LCU),gdp_per_capita_nominal_lcu_annual,2025,annual,17118784.6172047,current local currency units per person,observed,WB_WDI,NY.GDP.PCAP.CN
Chile,CHL,Latin America & Caribbean,High income,GDP per capita (current US$),gdp_per_capita_nominal_usd_annual,2025,annual,17994.5911957485,current US dollars per person,observed,WB_WDI,NY.GDP.PCAP.CD
Chile,CHL,Latin America & Caribbean,High income,GDP per capita growth (annual %),gdp_per_capita_real_growth_yoy_pct_annual,2025,annual,1.96836668792395,percent per year,observed,WB_WDI,NY.GDP.PCAP.KD.ZG
Chile,CHL,Latin America & Caribbean,High income,"GNI per capita, PPP (current international $)",gni_per_capita_ppp_current_intl_dollar_annual,2025,annual,35730.0,current international dollars per person,observed,WB_WDI,NY.GNP.PCAP.PP.CD
Chile,CHL,Latin America & Caribbean,High income,"Inflation, consumer prices (annual %)",inflation_consumer_prices_yoy_pct_annual_wdi,2025,annual,4.21293601694293,percent per year,observed,WB_WDI,FP.CPI.TOTL.ZG
Chile,CHL,Latin America & Caribbean,High income,"Life expectancy at birth, total (years)",life_expectancy_years_annual,2024,annual,81.359,years,observed,WB_WDI,SP.DYN.LE00.IN
Chile,CHL,Latin America & Caribbean,High income,"Nominal GDP growth, year over year (annual)",gdp_nominal_growth_yoy_pct_annual_lcu,2025,annual,9.42977667429814,percent per year,derived,WB_WDI,calculated:NY.GDP.MKTP.CN:year_over_year
Chile,CHL,Latin America & Caribbean,High income,"Nominal GDP per-capita growth, year over year (annual)",gdp_per_capita_nominal_growth_yoy_pct_annual_lcu,2025,annual,8.905492451286424,percent per year,derived,WB_WDI,calculated:NY.GDP.PCAP.CN:year_over_year
Chile,CHL,Latin America & Caribbean,High income,"Population, total",population_total_annual,2025,annual,19859921.0,people,observed,WB_WDI,SP.POP.TOTL
Chile,CHL,Latin America & Caribbean,High income,Poverty headcount ratio at $3.00 a day (2021 PPP) (% of population),poverty_headcount_at_3usd_2021_ppp_pct_annual,2024,annual,0.4,percent of population,observed,WB_WDI,SI.POV.DDAY
Chile,CHL,Latin America & Caribbean,High income,"Unemployment, total (% of total labor force) (modeled ILO estimate)",unemployment_rate_ilo_modeled_pct_annual,2025,annual,8.974,percent of labor force,observed,WB_WDI,SL.UEM.TOTL.ZS
China,CHN,East Asia & Pacific,Upper middle income,Consumer price index (2010 = 100),cpi_index_annual_wdi,2025,annual,132.596515636861,index points (2010=100),observed,WB_WDI,FP.CPI.TOTL
China,CHN,East Asia & Pacific,Upper middle income,GDP (constant 2015 US$),gdp_real_constant_2015_usd_annual,2025,annual,19401316126585.1,constant 2015 US dollars,observed,WB_WDI,NY.GDP.MKTP.KD
China,CHN,East Asia & Pacific,Upper middle income,GDP (constant LCU),gdp_real_constant_lcu_annual,2025,annual,134568798262700.0,constant local currency units (source base year varies),observed,WB_WDI,NY.GDP.MKTP.KN
China,CHN,East Asia & Pacific,Upper middle income,GDP (current LCU),gdp_nominal_current_lcu_annual,2025,annual,140187920000000.0,current local currency units,observed,WB_WDI,NY.GDP.MKTP.CN
China,CHN,East Asia & Pacific,Upper middle income,GDP (current US$),gdp_nominal_current_usd_annual,2025,annual,19498039388042.6,current US dollars,observed,WB_WDI,NY.GDP.MKTP.CD
China,CHN,East Asia & Pacific,Upper middle income,GDP growth (annual %),gdp_real_growth_yoy_pct_annual,2025,annual,4.95994886240992,percent per year,observed,WB_WDI,NY.GDP.MKTP.KD.ZG
China,CHN,East Asia & Pacific,Upper middle income,GDP per capita (constant 2015 US$),gdp_per_capita_real_2015_usd_annual,2025,annual,13793.2056196996,constant 2015 US dollars per person,observed,WB_WDI,NY.GDP.PCAP.KD
China,CHN,East Asia & Pacific,Upper middle income,GDP per capita (constant LCU),gdp_per_capita_real_lcu_annual,2025,annual,95670.5767960699,constant local currency units per person (source base year varies),observed,WB_WDI,NY.GDP.PCAP.KN
China,CHN,East Asia & Pacific,Upper middle income,GDP per capita (current LCU),gdp_per_capita_nominal_lcu_annual,2025,annual,99665.4450317613,current local currency units per person,observed,WB_WDI,NY.GDP.PCAP.CN
China,CHN,East Asia & Pacific,Upper middle income,GDP per capita (current US$),gdp_per_capita_nominal_usd_annual,2025,annual,13861.970224368,current US dollars per person,observed,WB_WDI,NY.GDP.PCAP.CD
China,CHN,East Asia & Pacific,Upper middle income,GDP per capita growth (annual %),gdp_per_capita_real_growth_yoy_pct_annual,2025,annual,5.13829164139675,percent per year,observed,WB_WDI,NY.GDP.PCAP.KD.ZG
China,CHN,East Asia & Pacific,Upper middle income,"GNI per capita, PPP (current international $)",gni_per_capita_ppp_current_intl_dollar_annual,2025,annual,29160.0,current international dollars per person,observed,WB_WDI,NY.GNP.PCAP.PP.CD
China,CHN,East Asia & Pacific,Upper middle income,"Inflation, consumer prices (annual %)",inflation_consumer_prices_yoy_pct_annual_wdi,2025,annual,0.0595646916565403,percent per year,observed,WB_WDI,FP.CPI.TOTL.ZG
China,CHN,East Asia & Pacific,Upper middle income,"Life expectancy at birth, total (years)",life_expectancy_years_annual,2024,annual,78.017,years,observed,WB_WDI,SP.DYN.LE00.IN
China,CHN,East Asia & Pacific,Upper middle income,"Nominal GDP growth, year over year (annual)",gdp_nominal_growth_yoy_pct_annual_lcu,2025,annual,3.991866274816469,percent per year,derived,WB_WDI,calculated:NY.GDP.MKTP.CN:year_over_year
China,CHN,East Asia & Pacific,Upper middle income,"Nominal GDP per-capita growth, year over year (annual)",gdp_per_capita_nominal_growth_yoy_pct_annual_lcu,2025,annual,4.168564135519381,percent per year,derived,WB_WDI,calculated:NY.GDP.PCAP.CN:year_over_year
China,CHN,East Asia & Pacific,Upper middle income,"Population, total",population_total_annual,2025,annual,1406585000.0,people,observed,WB_WDI,SP.POP.TOTL
China,CHN,East Asia & Pacific,Upper middle income,Poverty headcount ratio at $3.00 a day (2021 PPP) (% of population),poverty_headcount_at_3usd_2021_ppp_pct_annual,2022,annual,0.0,percent of population,observed,WB_WDI,SI.POV.DDAY
China,CHN,East Asia & Pacific,Upper middle income,"Unemployment, total (% of total labor force) (modeled ILO estimate)",unemployment_rate_ilo_modeled_pct_annual,2025,annual,4.615,percent of labor force,observed,WB_WDI,SL.UEM.TOTL.ZS
Cote d'Ivoire,CIV,Sub-Saharan Africa,Lower middle income,Consumer price index (2010 = 100),cpi_index_annual_wdi,2025,annual,138.096394599599,index points (2010=100),observed,WB_WDI,FP.CPI.TOTL
Cote d'Ivoire,CIV,Sub-Saharan Africa,Lower middle income,GDP (constant 2015 US$),gdp_real_constant_2015_usd_annual,2025,annual,81476260434.278,constant 2015 US dollars,observed,WB_WDI,NY.GDP.MKTP.KD
Cote d'Ivoire,CIV,Sub-Saharan Africa,Lower middle income,GDP (constant LCU),gdp_real_constant_lcu_annual,2025,annual,48169718278039.7,constant local currency units (source base year varies),observed,WB_WDI,NY.GDP.MKTP.KN
Cote d'Ivoire,CIV,Sub-Saharan Africa,Lower middle income,GDP (current LCU),gdp_nominal_current_lcu_annual,2025,annual,58061073692800.0,current local currency units,observed,WB_WDI,NY.GDP.MKTP.CN
Cote d'Ivoire,CIV,Sub-Saharan Africa,Lower middle income,GDP (current US$),gdp_nominal_current_usd_annual,2025,annual,99773555666.1988,current US dollars,observed,WB_WDI,NY.GDP.MKTP.CD
Cote d'Ivoire,CIV,Sub-Saharan Africa,Lower middle income,GDP growth (annual %),gdp_real_growth_yoy_pct_annual,2025,annual,6.4999999999999,percent per year,observed,WB_WDI,NY.GDP.MKTP.KD.ZG
Cote d'Ivoire,CIV,Sub-Saharan Africa,Lower middle income,GDP per capita (constant 2015 US$),gdp_per_capita_real_2015_usd_annual,2025,annual,2490.74922791875,constant 2015 US dollars per person,observed,WB_WDI,NY.GDP.PCAP.KD
Cote d'Ivoire,CIV,Sub-Saharan Africa,Lower middle income,GDP per capita (constant LCU),gdp_per_capita_real_lcu_annual,2025,annual,1472560.08033003,constant local currency units per person (source base year varies),observed,WB_WDI,NY.GDP.PCAP.KN
Cote d'Ivoire,CIV,Sub-Saharan Africa,Lower middle income,GDP per capita (current LCU),gdp_per_capita_nominal_lcu_annual,2025,annual,1774941.23689106,current local currency units per person,observed,WB_WDI,NY.GDP.PCAP.CN
Cote d'Ivoire,CIV,Sub-Saharan Africa,Lower middle income,GDP per capita (current US$),gdp_per_capita_nominal_usd_annual,2025,annual,3050.10202257321,current US dollars per person,observed,WB_WDI,NY.GDP.PCAP.CD
Cote d'Ivoire,CIV,Sub-Saharan Africa,Lower middle income,GDP per capita growth (annual %),gdp_per_capita_real_growth_yoy_pct_annual,2025,annual,3.96926488985672,percent per year,observed,WB_WDI,NY.GDP.PCAP.KD.ZG
Cote d'Ivoire,CIV,Sub-Saharan Africa,Lower middle income,"GNI per capita, PPP (current international $)",gni_per_capita_ppp_current_intl_dollar_annual,2025,annual,7750.0,current international dollars per person,observed,WB_WDI,NY.GNP.PCAP.PP.CD
Cote d'Ivoire,CIV,Sub-Saharan Africa,Lower middle income,"Inflation, consumer prices (annual %)",inflation_consumer_prices_yoy_pct_annual_wdi,2025,annual,0.125038772593104,percent per year,observed,WB_WDI,FP.CPI.TOTL.ZG
Cote d'Ivoire,CIV,Sub-Saharan Africa,Lower middle income,"Life expectancy at birth, total (years)",life_expectancy_years_annual,2024,annual,62.11,years,observed,WB_WDI,SP.DYN.LE00.IN
Cote d'Ivoire,CIV,Sub-Saharan Africa,Lower middle income,"Nominal GDP growth, year over year (annual)",gdp_nominal_growth_yoy_pct_annual_lcu,2025,annual,9.92113023556036,percent per year,derived,WB_WDI,calculated:NY.GDP.MKTP.CN:year_over_year
Cote d'Ivoire,CIV,Sub-Saharan Africa,Lower middle income,"Nominal GDP per-capita growth, year over year (annual)",gdp_per_capita_nominal_growth_yoy_pct_annual_lcu,2025,annual,7.309099591112278,percent per year,derived,WB_WDI,calculated:NY.GDP.PCAP.CN:year_over_year
Cote d'Ivoire,CIV,Sub-Saharan Africa,Lower middle income,"Population, total",population_total_annual,2025,annual,32711547.0,people,observed,WB_WDI,SP.POP.TOTL
Cote d'Ivoire,CIV,Sub-Saharan Africa,Lower middle income,Poverty headcount ratio at $3.00 a day (2021 PPP) (% of population),poverty_headcount_at_3usd_2021_ppp_pct_annual,2021,annual,20.8,percent of population,observed,WB_WDI,SI.POV.DDAY
Cote d'Ivoire,CIV,Sub-Saharan Africa,Lower middle income,"Unemployment, total (% of total labor force) (modeled ILO estimate)",unemployment_rate_ilo_modeled_pct_annual,2025,annual,2.323,percent of labor force,observed,WB_WDI,SL.UEM.TOTL.ZS
Cameroon,CMR,Sub-Saharan Africa,Lower middle income,Consumer price index (2010 = 100),cpi_index_annual_wdi,2025,annual,153.293350615657,index points (2010=100),observed,WB_WDI,FP.CPI.TOTL
Cameroon,CMR,Sub-Saharan Africa,Lower middle income,GDP (constant 2015 US$),gdp_real_constant_2015_usd_annual,2025,annual,44504411650.8349,constant 2015 US dollars,observed,WB_WDI,NY.GDP.MKTP.KD
Cameroon,CMR,Sub-Saharan Africa,Lower middle income,GDP (constant LCU),gdp_real_constant_lcu_annual,2025,annual,26485660840077.9,constant local currency units (source base year varies),observed,WB_WDI,NY.GDP.MKTP.KN
Cameroon,CMR,Sub-Saharan Africa,Lower middle income,GDP (current LCU),gdp_nominal_current_lcu_annual,2025,annual,34295055321937.7,current local currency units,observed,WB_WDI,NY.GDP.MKTP.CN
Cameroon,CMR,Sub-Saharan Africa,Lower middle income,GDP (current US$),gdp_nominal_current_usd_annual,2025,annual,58933453923.761,current US dollars,observed,WB_WDI,NY.GDP.MKTP.CD
Cameroon,CMR,Sub-Saharan Africa,Lower middle income,GDP growth (annual %),gdp_real_growth_yoy_pct_annual,2025,annual,3.20000015616144,percent per year,observed,WB_WDI,NY.GDP.MKTP.KD.ZG
Cameroon,CMR,Sub-Saharan Africa,Lower middle income,GDP per capita (constant 2015 US$),gdp_per_capita_real_2015_usd_annual,2025,annual,1489.47119043622,constant 2015 US dollars per person,observed,WB_WDI,NY.GDP.PCAP.KD
Cameroon,CMR,Sub-Saharan Africa,Lower middle income,GDP per capita (constant LCU),gdp_per_capita_real_lcu_annual,2025,annual,886420.633767004,constant local currency units per person (source base year varies),observed,WB_WDI,NY.GDP.PCAP.KN
Cameroon,CMR,Sub-Saharan Africa,Lower middle income,GDP per capita (current LCU),gdp_per_capita_nominal_lcu_annual,2025,annual,1147785.01684752,current local currency units per person,observed,WB_WDI,NY.GDP.PCAP.CN
Cameroon,CMR,Sub-Saharan Africa,Lower middle income,GDP per capita (current US$),gdp_per_capita_nominal_usd_annual,2025,annual,1972.3815800786,current US dollars per person,observed,WB_WDI,NY.GDP.PCAP.CD
Cameroon,CMR,Sub-Saharan Africa,Lower middle income,GDP per capita growth (annual %),gdp_per_capita_real_growth_yoy_pct_annual,2025,annual,0.590263610869485,percent per year,observed,WB_WDI,NY.GDP.PCAP.KD.ZG
Cameroon,CMR,Sub-Saharan Africa,Lower middle income,"GNI per capita, PPP (current international $)",gni_per_capita_ppp_current_intl_dollar_annual,2025,annual,5700.0,current international dollars per person,observed,WB_WDI,NY.GNP.PCAP.PP.CD
Cameroon,CMR,Sub-Saharan Africa,Lower middle income,"Inflation, consumer prices (annual %)",inflation_consumer_prices_yoy_pct_annual_wdi,2025,annual,3.40373458279055,percent per year,observed,WB_WDI,FP.CPI.TOTL.ZG
Cameroon,CMR,Sub-Saharan Africa,Lower middle income,"Life expectancy at birth, total (years)",life_expectancy_years_annual,2024,annual,63.968,years,observed,WB_WDI,SP.DYN.LE00.IN
Cameroon,CMR,Sub-Saharan Africa,Lower middle income,"Nominal GDP growth, year over year (annual)",gdp_nominal_growth_yoy_pct_annual_lcu,2025,annual,6.123415877911698,percent per year,derived,WB_WDI,calculated:NY.GDP.MKTP.CN:year_over_year
Cameroon,CMR,Sub-Saharan Africa,Lower middle income,"Nominal GDP per-capita growth, year over year (annual)",gdp_per_capita_nominal_growth_yoy_pct_annual_lcu,2025,annual,3.439751572594929,percent per year,derived,WB_WDI,calculated:NY.GDP.PCAP.CN:year_over_year
Cameroon,CMR,Sub-Saharan Africa,Lower middle income,"Population, total",population_total_annual,2025,annual,29879337.0,people,observed,WB_WDI,SP.POP.TOTL
Cameroon,CMR,Sub-Saharan Africa,Lower middle income,Poverty headcount ratio at $3.00 a day (2021 PPP) (% of population),poverty_headcount_at_3usd_2021_ppp_pct_annual,2021,annual,26.7,percent of population,observed,WB_WDI,SI.POV.DDAY
Cameroon,CMR,Sub-Saharan Africa,Lower middle income,"Unemployment, total (% of total labor force) (modeled ILO estimate)",unemployment_rate_ilo_modeled_pct_annual,2025,annual,3.602,percent of labor force,observed,WB_WDI,SL.UEM.TOTL.ZS
"Congo, Dem. Rep.",COD,Sub-Saharan Africa,Low income,Consumer price index (2010 = 100),cpi_index_annual_wdi,2016,annual,133.850926577035,index points (2010=100),observed,WB_WDI,FP.CPI.TOTL
"Congo, Dem. Rep.",COD,Sub-Saharan Africa,Low income,GDP (constant 2015 US$),gdp_real_constant_2015_usd_annual,2025,annual,64039235049.4082,constant 2015 US dollars,observed,WB_WDI,NY.GDP.MKTP.KD
"Congo, Dem. Rep.",COD,Sub-Saharan Africa,Low income,GDP (constant LCU),gdp_real_constant_lcu_annual,2025,annual,18512500631400.0,constant local currency units (source base year varies),observed,WB_WDI,NY.GDP.MKTP.KN
"Congo, Dem. Rep.",COD,Sub-Saharan Africa,Low income,GDP (current LCU),gdp_nominal_current_lcu_annual,2025,annual,243664050226300.0,current local currency units,observed,WB_WDI,NY.GDP.MKTP.CN
"Congo, Dem. Rep.",COD,Sub-Saharan Africa,Low income,GDP (current US$),gdp_nominal_current_usd_annual,2025,annual,91030531316.9936,current US dollars,observed,WB_WDI,NY.GDP.MKTP.CD
"Congo, Dem. Rep.",COD,Sub-Saharan Africa,Low income,GDP growth (annual %),gdp_real_growth_yoy_pct_annual,2025,annual,5.75924471639999,percent per year,observed,WB_WDI,NY.GDP.MKTP.KD.ZG
"Congo, Dem. Rep.",COD,Sub-Saharan Africa,Low income,GDP per capita (constant 2015 US$),gdp_per_capita_real_2015_usd_annual,2025,annual,567.560325026362,constant 2015 US dollars per person,observed,WB_WDI,NY.GDP.PCAP.KD
"Congo, Dem. Rep.",COD,Sub-Saharan Africa,Low income,GDP per capita (constant LCU),gdp_per_capita_real_lcu_annual,2025,annual,164070.680533608,constant local currency units per person (source base year varies),observed,WB_WDI,NY.GDP.PCAP.KN
"Congo, Dem. Rep.",COD,Sub-Saharan Africa,Low income,GDP per capita (current LCU),gdp_per_capita_nominal_lcu_annual,2025,annual,2159520.60384514,current local currency units per person,observed,WB_WDI,NY.GDP.PCAP.CN
"Congo, Dem. Rep.",COD,Sub-Saharan Africa,Low income,GDP per capita (current US$),gdp_per_capita_nominal_usd_annual,2025,annual,806.776000708534,current US dollars per person,observed,WB_WDI,NY.GDP.PCAP.CD
"Congo, Dem. Rep.",COD,Sub-Saharan Africa,Low income,GDP per capita growth (annual %),gdp_per_capita_real_growth_yoy_pct_annual,2025,annual,2.42596784907103,percent per year,observed,WB_WDI,NY.GDP.PCAP.KD.ZG
"Congo, Dem. Rep.",COD,Sub-Saharan Africa,Low income,"GNI per capita, PPP (current international $)",gni_per_capita_ppp_current_intl_dollar_annual,2025,annual,1850.0,current international dollars per person,observed,WB_WDI,NY.GNP.PCAP.PP.CD
"Congo, Dem. Rep.",COD,Sub-Saharan Africa,Low income,"Inflation, consumer prices (annual %)",inflation_consumer_prices_yoy_pct_annual_wdi,2016,annual,2.88585107289988,percent per year,observed,WB_WDI,FP.CPI.TOTL.ZG
"Congo, Dem. Rep.",COD,Sub-Saharan Africa,Low income,"Life expectancy at birth, total (years)",life_expectancy_years_annual,2024,annual,62.074,years,observed,WB_WDI,SP.DYN.LE00.IN
"Congo, Dem. Rep.",COD,Sub-Saharan Africa,Low income,"Nominal GDP growth, year over year (annual)",gdp_nominal_growth_yoy_pct_annual_lcu,2025,annual,14.01085353724354,percent per year,derived,WB_WDI,calculated:NY.GDP.MKTP.CN:year_over_year
"Congo, Dem. Rep.",COD,Sub-Saharan Africa,Low income,"Nominal GDP per-capita growth, year over year (annual)",gdp_per_capita_nominal_growth_yoy_pct_annual_lcu,2025,annual,10.417505818666829,percent per year,derived,WB_WDI,calculated:NY.GDP.PCAP.CN:year_over_year
"Congo, Dem. Rep.",COD,Sub-Saharan Africa,Low income,"Population, total",population_total_annual,2025,annual,112832473.0,people,observed,WB_WDI,SP.POP.TOTL
"Congo, Dem. Rep.",COD,Sub-Saharan Africa,Low income,Poverty headcount ratio at $3.00 a day (2021 PPP) (% of population),poverty_headcount_at_3usd_2021_ppp_pct_annual,2020,annual,85.3,percent of population,observed,WB_WDI,SI.POV.DDAY
"Congo, Dem. Rep.",COD,Sub-Saharan Africa,Low income,"Unemployment, total (% of total labor force) (modeled ILO estimate)",unemployment_rate_ilo_modeled_pct_annual,2025,annual,4.434,percent of labor force,observed,WB_WDI,SL.UEM.TOTL.ZS
"Congo, Rep.",COG,Sub-Saharan Africa,Lower middle income,Consumer price index (2010 = 100),cpi_index_annual_wdi,2025,annual,146.541517056582,index points (2010=100),observed,WB_WDI,FP.CPI.TOTL
"Congo, Rep.",COG,Sub-Saharan Africa,Lower middle income,GDP (constant 2015 US$),gdp_real_constant_2015_usd_annual,2025,annual,10913368247.3216,constant 2015 US dollars,observed,WB_WDI,NY.GDP.MKTP.KD
"Congo, Rep.",COG,Sub-Saharan Africa,Lower middle income,GDP (constant LCU),gdp_real_constant_lcu_annual,2025,annual,4837318112800.0,constant local currency units (source base year varies),observed,WB_WDI,NY.GDP.MKTP.KN
"Congo, Rep.",COG,Sub-Saharan Africa,Lower middle income,GDP (current LCU),gdp_nominal_current_lcu_annual,2025,annual,9489294625100.0,current local currency units,observed,WB_WDI,NY.GDP.MKTP.CN
"Congo, Rep.",COG,Sub-Saharan Africa,Lower middle income,GDP (current US$),gdp_nominal_current_usd_annual,2025,annual,16306633778.765,current US dollars,observed,WB_WDI,NY.GDP.MKTP.CD
"Congo, Rep.",COG,Sub-Saharan Africa,Lower middle income,GDP growth (annual %),gdp_real_growth_yoy_pct_annual,2025,annual,3.08292728120063,percent per year,observed,WB_WDI,NY.GDP.MKTP.KD.ZG
"Congo, Rep.",COG,Sub-Saharan Africa,Lower middle income,GDP per capita (constant 2015 US$),gdp_per_capita_real_2015_usd_annual,2025,annual,1683.00937264433,constant 2015 US dollars per person,observed,WB_WDI,NY.GDP.PCAP.KD
"Congo, Rep.",COG,Sub-Saharan Africa,Lower middle income,GDP per capita (constant LCU),gdp_per_capita_real_lcu_annual,2025,annual,745988.913578773,constant local currency units per person (source base year varies),observed,WB_WDI,NY.GDP.PCAP.KN
"Congo, Rep.",COG,Sub-Saharan Africa,Lower middle income,GDP per capita (current LCU),gdp_per_capita_nominal_lcu_annual,2025,annual,1463395.29940687,current local currency units per person,observed,WB_WDI,NY.GDP.PCAP.CN
"Congo, Rep.",COG,Sub-Saharan Africa,Lower middle income,GDP per capita (current US$),gdp_per_capita_nominal_usd_annual,2025,annual,2514.73393584747,current US dollars per person,observed,WB_WDI,NY.GDP.PCAP.CD
"Congo, Rep.",COG,Sub-Saharan Africa,Lower middle income,GDP per capita growth (annual %),gdp_per_capita_real_growth_yoy_pct_annual,2025,annual,0.674917226843235,percent per year,observed,WB_WDI,NY.GDP.PCAP.KD.ZG
"Congo, Rep.",COG,Sub-Saharan Africa,Lower middle income,"GNI per capita, PPP (current international $)",gni_per_capita_ppp_current_intl_dollar_annual,2025,annual,6490.0,current international dollars per person,observed,WB_WDI,NY.GNP.PCAP.PP.CD
"Congo, Rep.",COG,Sub-Saharan Africa,Lower middle income,"Inflation, consumer prices (annual %)",inflation_consumer_prices_yoy_pct_annual_wdi,2025,annual,2.40069559361747,percent per year,observed,WB_WDI,FP.CPI.TOTL.ZG
"Congo, Rep.",COG,Sub-Saharan Africa,Lower middle income,"Life expectancy at birth, total (years)",life_expectancy_years_annual,2024,annual,66.001,years,observed,WB_WDI,SP.DYN.LE00.IN
"Congo, Rep.",COG,Sub-Saharan Africa,Lower middle income,"Nominal GDP growth, year over year (annual)",gdp_nominal_growth_yoy_pct_annual_lcu,2025,annual,-0.44530189339291315,percent per year,derived,WB_WDI,calculated:NY.GDP.MKTP.CN:year_over_year
"Congo, Rep.",COG,Sub-Saharan Africa,Lower middle income,"Nominal GDP per-capita growth, year over year (annual)",gdp_per_capita_nominal_growth_yoy_pct_annual_lcu,2025,annual,-2.770892758166421,percent per year,derived,WB_WDI,calculated:NY.GDP.PCAP.CN:year_over_year
"Congo, Rep.",COG,Sub-Saharan Africa,Lower middle income,"Population, total",population_total_annual,2025,annual,6484437.0,people,observed,WB_WDI,SP.POP.TOTL
"Congo, Rep.",COG,Sub-Saharan Africa,Lower middle income,Poverty headcount ratio at $3.00 a day (2021 PPP) (% of population),poverty_headcount_at_3usd_2021_ppp_pct_annual,2011,annual,39.2,percent of population,observed,WB_WDI,SI.POV.DDAY
"Congo, Rep.",COG,Sub-Saharan Africa,Lower middle income,"Unemployment, total (% of total labor force) (modeled ILO estimate)",unemployment_rate_ilo_modeled_pct_annual,2025,annual,19.876,percent of labor force,observed,WB_WDI,SL.UEM.TOTL.ZS
Colombia,COL,Latin America & Caribbean,Upper middle income,Consumer price index (2010 = 100),cpi_index_annual_wdi,2025,annual,206.381503773576,index points (2010=100),observed,WB_WDI,FP.CPI.TOTL
Colombia,COL,Latin America & Caribbean,Upper middle income,GDP (constant 2015 US$),gdp_real_constant_2015_usd_annual,2025,annual,372674094475.955,constant 2015 US dollars,observed,WB_WDI,NY.GDP.MKTP.KD
Colombia,COL,Latin America & Caribbean,Upper middle income,GDP (constant LCU),gdp_real_constant_lcu_annual,2025,annual,1021791000000000.0,constant local currency units (source base year varies),observed,WB_WDI,NY.GDP.MKTP.KN
Colombia,COL,Latin America & Caribbean,Upper middle income,GDP (current LCU),gdp_nominal_current_lcu_annual,2025,annual,1853945000000000.0,current local currency units,observed,WB_WDI,NY.GDP.MKTP.CN
Colombia,COL,Latin America & Caribbean,Upper middle income,GDP (current US$),gdp_nominal_current_usd_annual,2025,annual,457410034202.523,current US dollars,observed,WB_WDI,NY.GDP.MKTP.CD
Colombia,COL,Latin America & Caribbean,Upper middle income,GDP growth (annual %),gdp_real_growth_yoy_pct_annual,2025,annual,2.64201548985928,percent per year,observed,WB_WDI,NY.GDP.MKTP.KD.ZG
Colombia,COL,Latin America & Caribbean,Upper middle income,GDP per capita (constant 2015 US$),gdp_per_capita_real_2015_usd_annual,2025,annual,6975.56696286259,constant 2015 US dollars per person,observed,WB_WDI,NY.GDP.PCAP.KD
Colombia,COL,Latin America & Caribbean,Upper middle income,GDP per capita (constant LCU),gdp_per_capita_real_lcu_annual,2025,annual,19125481.6157075,constant local currency units per person (source base year varies),observed,WB_WDI,NY.GDP.PCAP.KN
Colombia,COL,Latin America & Caribbean,Upper middle income,GDP per capita (current LCU),gdp_per_capita_nominal_lcu_annual,2025,annual,34701412.533515,current local currency units per person,observed,WB_WDI,NY.GDP.PCAP.CN
Colombia,COL,Latin America & Caribbean,Upper middle income,GDP per capita (current US$),gdp_per_capita_nominal_usd_annual,2025,annual,8561.62091854449,current US dollars per person,observed,WB_WDI,NY.GDP.PCAP.CD
Colombia,COL,Latin America & Caribbean,Upper middle income,GDP per capita growth (annual %),gdp_per_capita_real_growth_yoy_pct_annual,2025,annual,1.60595920382266,percent per year,observed,WB_WDI,NY.GDP.PCAP.KD.ZG
Colombia,COL,Latin America & Caribbean,Upper middle income,"GNI per capita, PPP (current international $)",gni_per_capita_ppp_current_intl_dollar_annual,2025,annual,22250.0,current international dollars per person,observed,WB_WDI,NY.GNP.PCAP.PP.CD
Colombia,COL,Latin America & Caribbean,Upper middle income,"Inflation, consumer prices (annual %)",inflation_consumer_prices_yoy_pct_annual_wdi,2025,annual,5.14222911946201,percent per year,observed,WB_WDI,FP.CPI.TOTL.ZG
Colombia,COL,Latin America & Caribbean,Upper middle income,"Life expectancy at birth, total (years)",life_expectancy_years_annual,2024,annual,77.913,years,observed,WB_WDI,SP.DYN.LE00.IN
Colombia,COL,Latin America & Caribbean,Upper middle income,"Nominal GDP growth, year over year (annual)",gdp_nominal_growth_yoy_pct_annual_lcu,2025,annual,8.208001326083458,percent per year,derived,WB_WDI,calculated:NY.GDP.MKTP.CN:year_over_year
Colombia,COL,Latin America & Caribbean,Upper middle income,"Nominal GDP per-capita growth, year over year (annual)",gdp_per_capita_nominal_growth_yoy_pct_annual_lcu,2025,annual,7.115762641580559,percent per year,derived,WB_WDI,calculated:NY.GDP.PCAP.CN:year_over_year
Colombia,COL,Latin America & Caribbean,Upper middle income,"Population, total",population_total_annual,2025,annual,53425635.0,people,observed,WB_WDI,SP.POP.TOTL
Colombia,COL,Latin America & Caribbean,Upper middle income,Poverty headcount ratio at $3.00 a day (2021 PPP) (% of population),poverty_headcount_at_3usd_2021_ppp_pct_annual,2024,annual,8.5,percent of population,observed,WB_WDI,SI.POV.DDAY
Colombia,COL,Latin America & Caribbean,Upper middle income,"Unemployment, total (% of total labor force) (modeled ILO estimate)",unemployment_rate_ilo_modeled_pct_annual,2025,annual,8.29,percent of labor force,observed,WB_WDI,SL.UEM.TOTL.ZS
Comoros,COM,Sub-Saharan Africa,Lower middle income,Consumer price index (2010 = 100),cpi_index_annual_wdi,2025,annual,157.896194928863,index points (2010=100),observed,WB_WDI,FP.CPI.TOTL
Comoros,COM,Sub-Saharan Africa,Lower middle income,GDP (constant 2015 US$),gdp_real_constant_2015_usd_annual,2025,annual,1261102493.64924,constant 2015 US dollars,observed,WB_WDI,NY.GDP.MKTP.KD
Comoros,COM,Sub-Saharan Africa,Lower middle income,GDP (constant LCU),gdp_real_constant_lcu_annual,2025,annual,481463866264.707,constant local currency units (source base year varies),observed,WB_WDI,NY.GDP.MKTP.KN
Comoros,COM,Sub-Saharan Africa,Lower middle income,GDP (current LCU),gdp_nominal_current_lcu_annual,2025,annual,791984275549.0,current local currency units,observed,WB_WDI,NY.GDP.MKTP.CN
Comoros,COM,Sub-Saharan Africa,Lower middle income,GDP (current US$),gdp_nominal_current_usd_annual,2025,annual,1814920856.27026,current US dollars,observed,WB_WDI,NY.GDP.MKTP.CD
Comoros,COM,Sub-Saharan Africa,Lower middle income,GDP growth (annual %),gdp_real_growth_yoy_pct_annual,2025,annual,3.7544428489181,percent per year,observed,WB_WDI,NY.GDP.MKTP.KD.ZG
Comoros,COM,Sub-Saharan Africa,Lower middle income,GDP per capita (constant 2015 US$),gdp_per_capita_real_2015_usd_annual,2025,annual,1428.44965622497,constant 2015 US dollars per person,observed,WB_WDI,NY.GDP.PCAP.KD
Comoros,COM,Sub-Saharan Africa,Lower middle income,GDP per capita (constant LCU),gdp_per_capita_real_lcu_annual,2025,annual,545353.686725681,constant local currency units per person (source base year varies),observed,WB_WDI,NY.GDP.PCAP.KN
Comoros,COM,Sub-Saharan Africa,Lower middle income,GDP per capita (current LCU),gdp_per_capita_nominal_lcu_annual,2025,annual,897079.874031401,current local currency units per person,observed,WB_WDI,NY.GDP.PCAP.CN
Comoros,COM,Sub-Saharan Africa,Lower middle income,GDP per capita (current US$),gdp_per_capita_nominal_usd_annual,2025,annual,2055.75921566281,current US dollars per person,observed,WB_WDI,NY.GDP.PCAP.CD
Comoros,COM,Sub-Saharan Africa,Lower middle income,GDP per capita growth (annual %),gdp_per_capita_real_growth_yoy_pct_annual,2025,annual,1.84834438727457,percent per year,observed,WB_WDI,NY.GDP.PCAP.KD.ZG
Comoros,COM,Sub-Saharan Africa,Lower middle income,"GNI per capita, PPP (current international $)",gni_per_capita_ppp_current_intl_dollar_annual,2025,annual,4260.0,current international dollars per person,observed,WB_WDI,NY.GNP.PCAP.PP.CD
Comoros,COM,Sub-Saharan Africa,Lower middle income,"Inflation, consumer prices (annual %)",inflation_consumer_prices_yoy_pct_annual_wdi,2025,annual,3.24909332306433,percent per year,observed,WB_WDI,FP.CPI.TOTL.ZG
Comoros,COM,Sub-Saharan Africa,Lower middle income,"Life expectancy at birth, total (years)",life_expectancy_years_annual,2024,annual,67.023,years,observed,WB_WDI,SP.DYN.LE00.IN
Comoros,COM,Sub-Saharan Africa,Lower middle income,"Nominal GDP growth, year over year (annual)",gdp_nominal_growth_yoy_pct_annual_lcu,2025,annual,8.221037049907022,percent per year,derived,WB_WDI,calculated:NY.GDP.MKTP.CN:year_over_year
Comoros,COM,Sub-Saharan Africa,Lower middle income,"Nominal GDP per-capita growth, year over year (annual)",gdp_per_capita_nominal_growth_yoy_pct_annual_lcu,2025,annual,6.232881684467273,percent per year,derived,WB_WDI,calculated:NY.GDP.PCAP.CN:year_over_year
Comoros,COM,Sub-Saharan Africa,Lower middle income,"Population, total",population_total_annual,2025,annual,882847.0,people,observed,WB_WDI,SP.POP.TOTL
Comoros,COM,Sub-Saharan Africa,Lower middle income,Poverty headcount ratio at $3.00 a day (2021 PPP) (% of population),poverty_headcount_at_3usd_2021_ppp_pct_annual,2024,annual,5.1,percent of population,observed,WB_WDI,SI.POV.DDAY
Comoros,COM,Sub-Saharan Africa,Lower middle income,"Unemployment, total (% of total labor force) (modeled ILO estimate)",unemployment_rate_ilo_modeled_pct_annual,2025,annual,3.819,percent of labor force,observed,WB_WDI,SL.UEM.TOTL.ZS
Cabo Verde,CPV,Sub-Saharan Africa,Upper middle income,Consumer price index (2010 = 100),cpi_index_annual_wdi,2025,annual,131.104990158647,index points (2010=100),observed,WB_WDI,FP.CPI.TOTL
Cabo Verde,CPV,Sub-Saharan Africa,Upper middle income,GDP (constant 2015 US$),gdp_real_constant_2015_usd_annual,2025,annual,2476302510.90263,constant 2015 US dollars,observed,WB_WDI,NY.GDP.MKTP.KD
Cabo Verde,CPV,Sub-Saharan Africa,Upper middle income,GDP (constant LCU),gdp_real_constant_lcu_annual,2025,annual,246109043600.0,constant local currency units (source base year varies),observed,WB_WDI,NY.GDP.MKTP.KN
Cabo Verde,CPV,Sub-Saharan Africa,Upper middle income,GDP (current LCU),gdp_nominal_current_lcu_annual,2025,annual,299131488900.0,current local currency units,observed,WB_WDI,NY.GDP.MKTP.CN
Cabo Verde,CPV,Sub-Saharan Africa,Upper middle income,GDP (current US$),gdp_nominal_current_usd_annual,2025,annual,3056630435.32463,current US dollars,observed,WB_WDI,NY.GDP.MKTP.CD
Cabo Verde,CPV,Sub-Saharan Africa,Upper middle income,GDP growth (annual %),gdp_real_growth_yoy_pct_annual,2025,annual,6.29698518253096,percent per year,observed,WB_WDI,NY.GDP.MKTP.KD.ZG
Cabo Verde,CPV,Sub-Saharan Africa,Upper middle income,GDP per capita (constant 2015 US$),gdp_per_capita_real_2015_usd_annual,2025,annual,4695.96134251417,constant 2015 US dollars per person,observed,WB_WDI,NY.GDP.PCAP.KD
Cabo Verde,CPV,Sub-Saharan Africa,Upper middle income,GDP per capita (constant LCU),gdp_per_capita_real_lcu_annual,2025,annual,466711.377022942,constant local currency units per person (source base year varies),observed,WB_WDI,NY.GDP.PCAP.KN
Cabo Verde,CPV,Sub-Saharan Africa,Upper middle income,GDP per capita (current LCU),gdp_per_capita_nominal_lcu_annual,2025,annual,567261.028092679,current local currency units per person,observed,WB_WDI,NY.GDP.PCAP.CN
Cabo Verde,CPV,Sub-Saharan Africa,Upper middle income,GDP per capita (current US$),gdp_per_capita_nominal_usd_annual,2025,annual,5796.47207860911,current US dollars per person,observed,WB_WDI,NY.GDP.PCAP.CD
Cabo Verde,CPV,Sub-Saharan Africa,Upper middle income,GDP per capita growth (annual %),gdp_per_capita_real_growth_yoy_pct_annual,2025,annual,5.80332221747327,percent per year,observed,WB_WDI,NY.GDP.PCAP.KD.ZG
Cabo Verde,CPV,Sub-Saharan Africa,Upper middle income,"GNI per capita, PPP (current international $)",gni_per_capita_ppp_current_intl_dollar_annual,2025,annual,12010.0,current international dollars per person,observed,WB_WDI,NY.GNP.PCAP.PP.CD
Cabo Verde,CPV,Sub-Saharan Africa,Upper middle income,"Inflation, consumer prices (annual %)",inflation_consumer_prices_yoy_pct_annual_wdi,2025,annual,2.34333897365163,percent per year,observed,WB_WDI,FP.CPI.TOTL.ZG
Cabo Verde,CPV,Sub-Saharan Africa,Upper middle income,"Life expectancy at birth, total (years)",life_expectancy_years_annual,2024,annual,76.224,years,observed,WB_WDI,SP.DYN.LE00.IN
Cabo Verde,CPV,Sub-Saharan Africa,Upper middle income,"Nominal GDP growth, year over year (annual)",gdp_nominal_growth_yoy_pct_annual_lcu,2025,annual,8.150570811663126,percent per year,derived,WB_WDI,calculated:NY.GDP.MKTP.CN:year_over_year
Cabo Verde,CPV,Sub-Saharan Africa,Upper middle income,"Nominal GDP per-capita growth, year over year (annual)",gdp_per_capita_nominal_growth_yoy_pct_annual_lcu,2025,annual,7.648299450270346,percent per year,derived,WB_WDI,calculated:NY.GDP.PCAP.CN:year_over_year
Cabo Verde,CPV,Sub-Saharan Africa,Upper middle income,"Population, total",population_total_annual,2025,annual,527326.0,people,observed,WB_WDI,SP.POP.TOTL
Cabo Verde,CPV,Sub-Saharan Africa,Upper middle income,Poverty headcount ratio at $3.00 a day (2021 PPP) (% of population),poverty_headcount_at_3usd_2021_ppp_pct_annual,2015,annual,14.6,percent of population,observed,WB_WDI,SI.POV.DDAY
Cabo Verde,CPV,Sub-Saharan Africa,Upper middle income,"Unemployment, total (% of total labor force) (modeled ILO estimate)",unemployment_rate_ilo_modeled_pct_annual,2025,annual,11.939,percent of labor force,observed,WB_WDI,SL.UEM.TOTL.ZS
Costa Rica,CRI,Latin America & Caribbean,High income,Consumer price index (2010 = 100),cpi_index_annual_wdi,2025,annual,142.996828522388,index points (2010=100),observed,WB_WDI,FP.CPI.TOTL
Costa Rica,CRI,Latin America & Caribbean,High income,GDP (constant 2015 US$),gdp_real_constant_2015_usd_annual,2025,annual,80741594727.0308,constant 2015 US dollars,observed,WB_WDI,NY.GDP.MKTP.KD
Costa Rica,CRI,Latin America & Caribbean,High income,GDP (constant LCU),gdp_real_constant_lcu_annual,2025,annual,52400491800000.0,constant local currency units (source base year varies),observed,WB_WDI,NY.GDP.MKTP.KN
Costa Rica,CRI,Latin America & Caribbean,High income,GDP (current LCU),gdp_nominal_current_lcu_annual,2025,annual,51812301800000.0,current local currency units,observed,WB_WDI,NY.GDP.MKTP.CN
Costa Rica,CRI,Latin America & Caribbean,High income,GDP (current US$),gdp_nominal_current_usd_annual,2025,annual,102904921157.478,current US dollars,observed,WB_WDI,NY.GDP.MKTP.CD
Costa Rica,CRI,Latin America & Caribbean,High income,GDP growth (annual %),gdp_real_growth_yoy_pct_annual,2025,annual,4.56033547844829,percent per year,observed,WB_WDI,NY.GDP.MKTP.KD.ZG
Costa Rica,CRI,Latin America & Caribbean,High income,GDP per capita (constant 2015 US$),gdp_per_capita_real_2015_usd_annual,2025,annual,15669.0041096907,constant 2015 US dollars per person,observed,WB_WDI,NY.GDP.PCAP.KD
Costa Rica,CRI,Latin America & Caribbean,High income,GDP per capita (constant LCU),gdp_per_capita_real_lcu_annual,2025,annual,10169027.7996099,constant local currency units per person (source base year varies),observed,WB_WDI,NY.GDP.PCAP.KN
Costa Rica,CRI,Latin America & Caribbean,High income,GDP per capita (current LCU),gdp_per_capita_nominal_lcu_annual,2025,annual,10054881.5338787,current local currency units per person,observed,WB_WDI,NY.GDP.PCAP.CN
Costa Rica,CRI,Latin America & Caribbean,High income,GDP per capita (current US$),gdp_per_capita_nominal_usd_annual,2025,annual,19970.0989059622,current US dollars per person,observed,WB_WDI,NY.GDP.PCAP.CD
Costa Rica,CRI,Latin America & Caribbean,High income,GDP per capita growth (annual %),gdp_per_capita_real_growth_yoy_pct_annual,2025,annual,4.09282266939263,percent per year,observed,WB_WDI,NY.GDP.PCAP.KD.ZG
Costa Rica,CRI,Latin America & Caribbean,High income,"GNI per capita, PPP (current international $)",gni_per_capita_ppp_current_intl_dollar_annual,2025,annual,30760.0,current international dollars per person,observed,WB_WDI,NY.GNP.PCAP.PP.CD
Costa Rica,CRI,Latin America & Caribbean,High income,"Inflation, consumer prices (annual %)",inflation_consumer_prices_yoy_pct_annual_wdi,2025,annual,-0.073671440596217,percent per year,observed,WB_WDI,FP.CPI.TOTL.ZG
Costa Rica,CRI,Latin America & Caribbean,High income,"Life expectancy at birth, total (years)",life_expectancy_years_annual,2024,annual,80.996,years,observed,WB_WDI,SP.DYN.LE00.IN
Costa Rica,CRI,Latin America & Caribbean,High income,"Nominal GDP growth, year over year (annual)",gdp_nominal_growth_yoy_pct_annual_lcu,2025,annual,4.000725343225531,percent per year,derived,WB_WDI,calculated:NY.GDP.MKTP.CN:year_over_year
Costa Rica,CRI,Latin America & Caribbean,High income,"Nominal GDP per-capita growth, year over year (annual)",gdp_per_capita_nominal_growth_yoy_pct_annual_lcu,2025,annual,3.5357146771205716,percent per year,derived,WB_WDI,calculated:NY.GDP.PCAP.CN:year_over_year
Costa Rica,CRI,Latin America & Caribbean,High income,"Population, total",population_total_annual,2025,annual,5152950.0,people,observed,WB_WDI,SP.POP.TOTL
Costa Rica,CRI,Latin America & Caribbean,High income,Poverty headcount ratio at $3.00 a day (2021 PPP) (% of population),poverty_headcount_at_3usd_2021_ppp_pct_annual,2025,annual,0.8,percent of population,observed,WB_WDI,SI.POV.DDAY
Costa Rica,CRI,Latin America & Caribbean,High income,"Unemployment, total (% of total labor force) (modeled ILO estimate)",unemployment_rate_ilo_modeled_pct_annual,2025,annual,6.843,percent of labor force,observed,WB_WDI,SL.UEM.TOTL.ZS
Cuba,CUB,Latin America & Caribbean,Upper middle income,GDP (constant 2015 US$),gdp_real_constant_2015_usd_annual,2024,annual,81046145427.2561,constant 2015 US dollars,observed,WB_WDI,NY.GDP.MKTP.KD
Cuba,CUB,Latin America & Caribbean,Upper middle income,GDP (constant LCU),gdp_real_constant_lcu_annual,2024,annual,50693000000.0,constant local currency units (source base year varies),observed,WB_WDI,NY.GDP.MKTP.KN
Cuba,CUB,Latin America & Caribbean,Upper middle income,GDP (current LCU),gdp_nominal_current_lcu_annual,2024,annual,1084738000000.0,current local currency units,observed,WB_WDI,NY.GDP.MKTP.CN
Cuba,CUB,Latin America & Caribbean,Upper middle income,GDP (current US$),gdp_nominal_current_usd_annual,2020,annual,107352000000.0,current US dollars,observed,WB_WDI,NY.GDP.MKTP.CD
Cuba,CUB,Latin America & Caribbean,Upper middle income,GDP growth (annual %),gdp_real_growth_yoy_pct_annual,2024,annual,-1.06173273220524,percent per year,observed,WB_WDI,NY.GDP.MKTP.KD.ZG
Cuba,CUB,Latin America & Caribbean,Upper middle income,GDP per capita (constant 2015 US$),gdp_per_capita_real_2015_usd_annual,2024,annual,7381.39774048869,constant 2015 US dollars per person,observed,WB_WDI,NY.GDP.PCAP.KD
Cuba,CUB,Latin America & Caribbean,Upper middle income,GDP per capita (constant LCU),gdp_per_capita_real_lcu_annual,2024,annual,4616.94006156588,constant local currency units per person (source base year varies),observed,WB_WDI,NY.GDP.PCAP.KN
Cuba,CUB,Latin America & Caribbean,Upper middle income,GDP per capita (current LCU),gdp_per_capita_nominal_lcu_annual,2024,annual,98794.120065943,current local currency units per person,observed,WB_WDI,NY.GDP.PCAP.CN
Cuba,CUB,Latin America & Caribbean,Upper middle income,GDP per capita (current US$),gdp_per_capita_nominal_usd_annual,2020,annual,9605.27914559614,current US dollars per person,observed,WB_WDI,NY.GDP.PCAP.CD
Cuba,CUB,Latin America & Caribbean,Upper middle income,GDP per capita growth (annual %),gdp_per_capita_real_growth_yoy_pct_annual,2024,annual,-0.699961142159495,percent per year,observed,WB_WDI,NY.GDP.PCAP.KD.ZG
Cuba,CUB,Latin America & Caribbean,Upper middle income,"Life expectancy at birth, total (years)",life_expectancy_years_annual,2024,annual,78.264,years,observed,WB_WDI,SP.DYN.LE00.IN
Cuba,CUB,Latin America & Caribbean,Upper middle income,"Nominal GDP growth, year over year (annual)",gdp_nominal_growth_yoy_pct_annual_lcu,2024,annual,30.815047967053168,percent per year,derived,WB_WDI,calculated:NY.GDP.MKTP.CN:year_over_year
Cuba,CUB,Latin America & Caribbean,Upper middle income,"Nominal GDP per-capita growth, year over year (annual)",gdp_per_capita_nominal_growth_yoy_pct_annual_lcu,2024,annual,31.293378235126855,percent per year,derived,WB_WDI,calculated:NY.GDP.PCAP.CN:year_over_year
Cuba,CUB,Latin America & Caribbean,Upper middle income,"Population, total",population_total_annual,2025,annual,10937203.0,people,observed,WB_WDI,SP.POP.TOTL
Cuba,CUB,Latin America & Caribbean,Upper middle income,"Unemployment, total (% of total labor force) (modeled ILO estimate)",unemployment_rate_ilo_modeled_pct_annual,2025,annual,1.746,percent of labor force,observed,WB_WDI,SL.UEM.TOTL.ZS
Curacao,CUW,Latin America & Caribbean,High income,Consumer price index (2010 = 100),cpi_index_annual_wdi,2019,annual,115.533202128435,index points (2010=100),observed,WB_WDI,FP.CPI.TOTL
Curacao,CUW,Latin America & Caribbean,High income,GDP (constant 2015 US$),gdp_real_constant_2015_usd_annual,2024,annual,2814389433.23231,constant 2015 US dollars,observed,WB_WDI,NY.GDP.MKTP.KD
Curacao,CUW,Latin America & Caribbean,High income,GDP (constant LCU),gdp_real_constant_lcu_annual,2024,annual,4769697000.0,constant local currency units (source base year varies),observed,WB_WDI,NY.GDP.MKTP.KN
Curacao,CUW,Latin America & Caribbean,High income,GDP (current LCU),gdp_nominal_current_lcu_annual,2024,annual,6374509000.0,current local currency units,observed,WB_WDI,NY.GDP.MKTP.CN
Curacao,CUW,Latin America & Caribbean,High income,GDP (current US$),gdp_nominal_current_usd_annual,2024,annual,3561178212.2905,current US dollars,observed,WB_WDI,NY.GDP.MKTP.CD
Curacao,CUW,Latin America & Caribbean,High income,GDP growth (annual %),gdp_real_growth_yoy_pct_annual,2024,annual,5.02690015475606,percent per year,observed,WB_WDI,NY.GDP.MKTP.KD.ZG
Curacao,CUW,Latin America & Caribbean,High income,GDP per capita (constant 2015 US$),gdp_per_capita_real_2015_usd_annual,2024,annual,18044.7750692923,constant 2015 US dollars per person,observed,WB_WDI,NY.GDP.PCAP.KD
Curacao,CUW,Latin America & Caribbean,High income,GDP per capita (constant LCU),gdp_per_capita_real_lcu_annual,2024,annual,30581.4499220989,constant local currency units per person (source base year varies),observed,WB_WDI,NY.GDP.PCAP.KN
Curacao,CUW,Latin America & Caribbean,High income,GDP per capita (current LCU),gdp_per_capita_nominal_lcu_annual,2024,annual,40870.8829431867,current local currency units per person,observed,WB_WDI,NY.GDP.PCAP.CN
Curacao,CUW,Latin America & Caribbean,High income,GDP per capita (current US$),gdp_per_capita_nominal_usd_annual,2024,annual,22832.895498987,current US dollars per person,observed,WB_WDI,NY.GDP.PCAP.CD
Curacao,CUW,Latin America & Caribbean,High income,GDP per capita growth (annual %),gdp_per_capita_real_growth_yoy_pct_annual,2024,annual,4.14273671054548,percent per year,observed,WB_WDI,NY.GDP.PCAP.KD.ZG
Curacao,CUW,Latin America & Caribbean,High income,"GNI per capita, PPP (current international $)",gni_per_capita_ppp_current_intl_dollar_annual,2024,annual,33330.0,current international dollars per person,observed,WB_WDI,NY.GNP.PCAP.PP.CD
Curacao,CUW,Latin America & Caribbean,High income,"Inflation, consumer prices (annual %)",inflation_consumer_prices_yoy_pct_annual_wdi,2019,annual,2.62220783425059,percent per year,observed,WB_WDI,FP.CPI.TOTL.ZG
Curacao,CUW,Latin America & Caribbean,High income,"Life expectancy at birth, total (years)",life_expectancy_years_annual,2024,annual,76.989,years,observed,WB_WDI,SP.DYN.LE00.IN
Curacao,CUW,Latin America & Caribbean,High income,"Nominal GDP growth, year over year (annual)",gdp_nominal_growth_yoy_pct_annual_lcu,2024,annual,8.525545033432369,percent per year,derived,WB_WDI,calculated:NY.GDP.MKTP.CN:year_over_year
Curacao,CUW,Latin America & Caribbean,High income,"Nominal GDP per-capita growth, year over year (annual)",gdp_per_capita_nominal_growth_yoy_pct_annual_lcu,2024,annual,7.611928431017234,percent per year,derived,WB_WDI,calculated:NY.GDP.PCAP.CN:year_over_year
Curacao,CUW,Latin America & Caribbean,High income,"Population, total",population_total_annual,2025,annual,156263.0,people,observed,WB_WDI,SP.POP.TOTL
Cayman Islands,CYM,Latin America & Caribbean,High income,Consumer price index (2010 = 100),cpi_index_annual_wdi,2016,annual,102.941899128965,index points (2010=100),observed,WB_WDI,FP.CPI.TOTL
Cayman Islands,CYM,Latin America & Caribbean,High income,GDP (constant 2015 US$),gdp_real_constant_2015_usd_annual,2024,annual,6282791345.88668,constant 2015 US dollars,observed,WB_WDI,NY.GDP.MKTP.KD
Cayman Islands,CYM,Latin America & Caribbean,High income,GDP (constant LCU),gdp_real_constant_lcu_annual,2024,annual,5235638512.26775,constant local currency units (source base year varies),observed,WB_WDI,NY.GDP.MKTP.KN
Cayman Islands,CYM,Latin America & Caribbean,High income,GDP (current LCU),gdp_nominal_current_lcu_annual,2024,annual,6471087869.99764,current local currency units,observed,WB_WDI,NY.GDP.MKTP.CN
Cayman Islands,CYM,Latin America & Caribbean,High income,GDP (current US$),gdp_nominal_current_usd_annual,2024,annual,7765336505.34319,current US dollars,observed,WB_WDI,NY.GDP.MKTP.CD
Cayman Islands,CYM,Latin America & Caribbean,High income,GDP growth (annual %),gdp_real_growth_yoy_pct_annual,2024,annual,3.75641197192778,percent per year,observed,WB_WDI,NY.GDP.MKTP.KD.ZG
Cayman Islands,CYM,Latin America & Caribbean,High income,GDP per capita (constant 2015 US$),gdp_per_capita_real_2015_usd_annual,2024,annual,84381.4731440521,constant 2015 US dollars per person,observed,WB_WDI,NY.GDP.PCAP.KD
Cayman Islands,CYM,Latin America & Caribbean,High income,GDP per capita (constant LCU),gdp_per_capita_real_lcu_annual,2024,annual,70317.6130151329,constant local currency units per person (source base year varies),observed,WB_WDI,NY.GDP.PCAP.KN
Cayman Islands,CYM,Latin America & Caribbean,High income,GDP per capita (current LCU),gdp_per_capita_nominal_lcu_annual,2024,annual,86910.4029170883,current local currency units per person,observed,WB_WDI,NY.GDP.PCAP.CN
Cayman Islands,CYM,Latin America & Caribbean,High income,GDP per capita (current US$),gdp_per_capita_nominal_usd_annual,2024,annual,104292.900672109,current US dollars per person,observed,WB_WDI,NY.GDP.PCAP.CD
Cayman Islands,CYM,Latin America & Caribbean,High income,GDP per capita growth (annual %),gdp_per_capita_real_growth_yoy_pct_annual,2024,annual,1.77902437118955,percent per year,observed,WB_WDI,NY.GDP.PCAP.KD.ZG
Cayman Islands,CYM,Latin America & Caribbean,High income,"GNI per capita, PPP (current international $)",gni_per_capita_ppp_current_intl_dollar_annual,2024,annual,74470.0,current international dollars per person,observed,WB_WDI,NY.GNP.PCAP.PP.CD
Cayman Islands,CYM,Latin America & Caribbean,High income,"Inflation, consumer prices (annual %)",inflation_consumer_prices_yoy_pct_annual_wdi,2016,annual,-0.62525835861814,percent per year,observed,WB_WDI,FP.CPI.TOTL.ZG
Cayman Islands,CYM,Latin America & Caribbean,High income,"Life expectancy at birth, total (years)",life_expectancy_years_annual,2024,annual,80.54,years,observed,WB_WDI,SP.DYN.LE00.IN
Cayman Islands,CYM,Latin America & Caribbean,High income,"Nominal GDP growth, year over year (annual)",gdp_nominal_growth_yoy_pct_annual_lcu,2024,annual,6.249817634859456,percent per year,derived,WB_WDI,calculated:NY.GDP.MKTP.CN:year_over_year
Cayman Islands,CYM,Latin America & Caribbean,High income,"Nominal GDP per-capita growth, year over year (annual)",gdp_per_capita_nominal_growth_yoy_pct_annual_lcu,2024,annual,4.224910759429812,percent per year,derived,WB_WDI,calculated:NY.GDP.PCAP.CN:year_over_year
Cayman Islands,CYM,Latin America & Caribbean,High income,"Population, total",population_total_annual,2025,annual,75844.0,people,observed,WB_WDI,SP.POP.TOTL
Cyprus,CYP,Europe & Central Asia,High income,Consumer price index (2010 = 100),cpi_index_annual_wdi,2025,annual,119.373296971181,index points (2010=100),observed,WB_WDI,FP.CPI.TOTL
Cyprus,CYP,Europe & Central Asia,High income,GDP (constant 2015 US$),gdp_real_constant_2015_usd_annual,2025,annual,33079649143.5759,constant 2015 US dollars,observed,WB_WDI,NY.GDP.MKTP.KD
Cyprus,CYP,Europe & Central Asia,High income,GDP (constant LCU),gdp_real_constant_lcu_annual,2025,annual,30661300000.0,constant local currency units (source base year varies),observed,WB_WDI,NY.GDP.MKTP.KN
Cyprus,CYP,Europe & Central Asia,High income,GDP (current LCU),gdp_nominal_current_lcu_annual,2025,annual,36483542000.0,current local currency units,observed,WB_WDI,NY.GDP.MKTP.CN
Cyprus,CYP,Europe & Central Asia,High income,GDP (current US$),gdp_nominal_current_usd_annual,2025,annual,41225787247.3309,current US dollars,observed,WB_WDI,NY.GDP.MKTP.CD
Cyprus,CYP,Europe & Central Asia,High income,GDP growth (annual %),gdp_real_growth_yoy_pct_annual,2025,annual,3.77325347982725,percent per year,observed,WB_WDI,NY.GDP.MKTP.KD.ZG
Cyprus,CYP,Europe & Central Asia,High income,GDP per capita (constant 2015 US$),gdp_per_capita_real_2015_usd_annual,2025,annual,33526.828125,constant 2015 US dollars per person,observed,WB_WDI,NY.GDP.PCAP.KD
Cyprus,CYP,Europe & Central Asia,High income,GDP per capita (constant LCU),gdp_per_capita_real_lcu_annual,2025,annual,31075.7890625,constant local currency units per person (source base year varies),observed,WB_WDI,NY.GDP.PCAP.KN
Cyprus,CYP,Europe & Central Asia,High income,GDP per capita (current LCU),gdp_per_capita_nominal_lcu_annual,2025,annual,36976.73828125,current local currency units per person,observed,WB_WDI,NY.GDP.PCAP.CN
Cyprus,CYP,Europe & Central Asia,High income,GDP per capita (current US$),gdp_per_capita_nominal_usd_annual,2025,annual,41783.08984375,current US dollars per person,observed,WB_WDI,NY.GDP.PCAP.CD
Cyprus,CYP,Europe & Central Asia,High income,GDP per capita growth (annual %),gdp_per_capita_real_growth_yoy_pct_annual,2025,annual,2.3484337138903,percent per year,observed,WB_WDI,NY.GDP.PCAP.KD.ZG
Cyprus,CYP,Europe & Central Asia,High income,"GNI per capita, PPP (current international $)",gni_per_capita_ppp_current_intl_dollar_annual,2025,annual,57390.0,current international dollars per person,observed,WB_WDI,NY.GNP.PCAP.PP.CD
Cyprus,CYP,Europe & Central Asia,High income,"Inflation, consumer prices (annual %)",inflation_consumer_prices_yoy_pct_annual_wdi,2025,annual,0.126528851920189,percent per year,observed,WB_WDI,FP.CPI.TOTL.ZG
Cyprus,CYP,Europe & Central Asia,High income,"Life expectancy at birth, total (years)",life_expectancy_years_annual,2024,annual,81.821,years,observed,WB_WDI,SP.DYN.LE00.IN
Cyprus,CYP,Europe & Central Asia,High income,"Nominal GDP growth, year over year (annual)",gdp_nominal_growth_yoy_pct_annual_lcu,2025,annual,4.927709727266505,percent per year,derived,WB_WDI,calculated:NY.GDP.MKTP.CN:year_over_year
Cyprus,CYP,Europe & Central Asia,High income,"Nominal GDP per-capita growth, year over year (annual)",gdp_per_capita_nominal_growth_yoy_pct_annual_lcu,2025,annual,3.4870351564536994,percent per year,derived,WB_WDI,calculated:NY.GDP.PCAP.CN:year_over_year
Cyprus,CYP,Europe & Central Asia,High income,"Population, total",population_total_annual,2025,annual,1370754.0,people,observed,WB_WDI,SP.POP.TOTL
Cyprus,CYP,Europe & Central Asia,High income,Poverty headcount ratio at $3.00 a day (2021 PPP) (% of population),poverty_headcount_at_3usd_2021_ppp_pct_annual,2023,annual,0.0,percent of population,observed,WB_WDI,SI.POV.DDAY
Cyprus,CYP,Europe & Central Asia,High income,"Unemployment, total (% of total labor force) (modeled ILO estimate)",unemployment_rate_ilo_modeled_pct_annual,2025,annual,4.924,percent of labor force,observed,WB_WDI,SL.UEM.TOTL.ZS
Czechia,CZE,Europe & Central Asia,High income,Consumer price index (2010 = 100),cpi_index_annual_wdi,2025,annual,166.798064862928,index points (2010=100),observed,WB_WDI,FP.CPI.TOTL
Czechia,CZE,Europe & Central Asia,High income,GDP (constant 2015 US$),gdp_real_constant_2015_usd_annual,2025,annual,228752549524.494,constant 2015 US dollars,observed,WB_WDI,NY.GDP.MKTP.KD
Czechia,CZE,Europe & Central Asia,High income,GDP (constant LCU),gdp_real_constant_lcu_annual,2025,annual,6479806000000.0,constant local currency units (source base year varies),observed,WB_WDI,NY.GDP.MKTP.KN
Czechia,CZE,Europe & Central Asia,High income,GDP (current LCU),gdp_nominal_current_lcu_annual,2025,annual,8556452000000.0,current local currency units,observed,WB_WDI,NY.GDP.MKTP.CN
Czechia,CZE,Europe & Central Asia,High income,GDP (current US$),gdp_nominal_current_usd_annual,2025,annual,391026962800.475,current US dollars,observed,WB_WDI,NY.GDP.MKTP.CD
Czechia,CZE,Europe & Central Asia,High income,GDP growth (annual %),gdp_real_growth_yoy_pct_annual,2025,annual,2.58046673293437,percent per year,observed,WB_WDI,NY.GDP.MKTP.KD.ZG
Czechia,CZE,Europe & Central Asia,High income,GDP per capita (constant 2015 US$),gdp_per_capita_real_2015_usd_annual,2025,annual,21011.7675172345,constant 2015 US dollars per person,observed,WB_WDI,NY.GDP.PCAP.KD
Czechia,CZE,Europe & Central Asia,High income,GDP per capita (constant LCU),gdp_per_capita_real_lcu_annual,2025,annual,595194.141056784,constant local currency units per person (source base year varies),observed,WB_WDI,NY.GDP.PCAP.KN
Czechia,CZE,Europe & Central Asia,High income,GDP per capita (current LCU),gdp_per_capita_nominal_lcu_annual,2025,annual,785941.7548355,current local currency units per person,observed,WB_WDI,NY.GDP.PCAP.CN
Czechia,CZE,Europe & Central Asia,High income,GDP per capita (current US$),gdp_per_capita_nominal_usd_annual,2025,annual,35917.2724081665,current US dollars per person,observed,WB_WDI,NY.GDP.PCAP.CD
Czechia,CZE,Europe & Central Asia,High income,GDP per capita growth (annual %),gdp_per_capita_real_growth_yoy_pct_annual,2025,annual,2.75148320535214,percent per year,observed,WB_WDI,NY.GDP.PCAP.KD.ZG
Czechia,CZE,Europe & Central Asia,High income,"GNI per capita, PPP (current international $)",gni_per_capita_ppp_current_intl_dollar_annual,2025,annual,57870.0,current international dollars per person,observed,WB_WDI,NY.GNP.PCAP.PP.CD
Czechia,CZE,Europe & Central Asia,High income,"Inflation, consumer prices (annual %)",inflation_consumer_prices_yoy_pct_annual_wdi,2025,annual,2.45996367838865,percent per year,observed,WB_WDI,FP.CPI.TOTL.ZG
Czechia,CZE,Europe & Central Asia,High income,"Life expectancy at birth, total (years)",life_expectancy_years_annual,2024,annual,79.9780487804878,years,observed,WB_WDI,SP.DYN.LE00.IN
Czechia,CZE,Europe & Central Asia,High income,"Nominal GDP growth, year over year (annual)",gdp_nominal_growth_yoy_pct_annual_lcu,2025,annual,6.183720895023415,percent per year,derived,WB_WDI,calculated:NY.GDP.MKTP.CN:year_over_year
Czechia,CZE,Europe & Central Asia,High income,"Nominal GDP per-capita growth, year over year (annual)",gdp_per_capita_nominal_growth_yoy_pct_annual_lcu,2025,annual,6.360744513203409,percent per year,derived,WB_WDI,calculated:NY.GDP.PCAP.CN:year_over_year
Czechia,CZE,Europe & Central Asia,High income,"Population, total",population_total_annual,2025,annual,10886878.0,people,observed,WB_WDI,SP.POP.TOTL
Czechia,CZE,Europe & Central Asia,High income,Poverty headcount ratio at $3.00 a day (2021 PPP) (% of population),poverty_headcount_at_3usd_2021_ppp_pct_annual,2023,annual,0.0,percent of population,observed,WB_WDI,SI.POV.DDAY
Czechia,CZE,Europe & Central Asia,High income,"Unemployment, total (% of total labor force) (modeled ILO estimate)",unemployment_rate_ilo_modeled_pct_annual,2025,annual,2.825,percent of labor force,observed,WB_WDI,SL.UEM.TOTL.ZS
Germany,DEU,Europe & Central Asia,High income,Consumer price index (2010 = 100),cpi_index_annual_wdi,2025,annual,137.797658505945,index points (2010=100),observed,WB_WDI,FP.CPI.TOTL
Germany,DEU,Europe & Central Asia,High income,GDP (constant 2015 US$),gdp_real_constant_2015_usd_annual,2025,annual,3685858188650.63,constant 2015 US dollars,observed,WB_WDI,NY.GDP.MKTP.KD
Germany,DEU,Europe & Central Asia,High income,GDP (constant LCU),gdp_real_constant_lcu_annual,2025,annual,3609453120000.0,constant local currency units (source base year varies),observed,WB_WDI,NY.GDP.MKTP.KN
Germany,DEU,Europe & Central Asia,High income,GDP (current LCU),gdp_nominal_current_lcu_annual,2025,annual,4469910000000.0,current local currency units,observed,WB_WDI,NY.GDP.MKTP.CN
Germany,DEU,Europe & Central Asia,High income,GDP (current US$),gdp_nominal_current_usd_annual,2025,annual,5050922925047.05,current US dollars,observed,WB_WDI,NY.GDP.MKTP.CD
Germany,DEU,Europe & Central Asia,High income,GDP growth (annual %),gdp_real_growth_yoy_pct_annual,2025,annual,0.239578342117881,percent per year,observed,WB_WDI,NY.GDP.MKTP.KD.ZG
Germany,DEU,Europe & Central Asia,High income,GDP per capita (constant 2015 US$),gdp_per_capita_real_2015_usd_annual,2025,annual,44146.6409090446,constant 2015 US dollars per person,observed,WB_WDI,NY.GDP.PCAP.KD
Germany,DEU,Europe & Central Asia,High income,GDP per capita (constant LCU),gdp_per_capita_real_lcu_annual,2025,annual,43231.5142392947,constant local currency units per person (source base year varies),observed,WB_WDI,NY.GDP.PCAP.KN
Germany,DEU,Europe & Central Asia,High income,GDP per capita (current LCU),gdp_per_capita_nominal_lcu_annual,2025,annual,53537.4671422151,current local currency units per person,observed,WB_WDI,NY.GDP.PCAP.CN
Germany,DEU,Europe & Central Asia,High income,GDP per capita (current US$),gdp_per_capita_nominal_usd_annual,2025,annual,60496.4350820414,current US dollars per person,observed,WB_WDI,NY.GDP.PCAP.CD
Germany,DEU,Europe & Central Asia,High income,GDP per capita growth (annual %),gdp_per_capita_real_growth_yoy_pct_annual,2025,annual,0.270006343901656,percent per year,observed,WB_WDI,NY.GDP.PCAP.KD.ZG
Germany,DEU,Europe & Central Asia,High income,"GNI per capita, PPP (current international $)",gni_per_capita_ppp_current_intl_dollar_annual,2025,annual,78140.0,current international dollars per person,observed,WB_WDI,NY.GNP.PCAP.PP.CD
Germany,DEU,Europe & Central Asia,High income,"Inflation, consumer prices (annual %)",inflation_consumer_prices_yoy_pct_annual_wdi,2025,annual,2.17178770949721,percent per year,observed,WB_WDI,FP.CPI.TOTL.ZG
Germany,DEU,Europe & Central Asia,High income,"Life expectancy at birth, total (years)",life_expectancy_years_annual,2024,annual,80.7926829268293,years,observed,WB_WDI,SP.DYN.LE00.IN
Germany,DEU,Europe & Central Asia,High income,"Nominal GDP growth, year over year (annual)",gdp_nominal_growth_yoy_pct_annual_lcu,2025,annual,3.2557398180167674,percent per year,derived,WB_WDI,calculated:NY.GDP.MKTP.CN:year_over_year
Germany,DEU,Europe & Central Asia,High income,"Nominal GDP per-capita growth, year over year (annual)",gdp_per_capita_nominal_growth_yoy_pct_annual_lcu,2025,annual,3.2870833839748315,percent per year,derived,WB_WDI,calculated:NY.GDP.PCAP.CN:year_over_year
Germany,DEU,Europe & Central Asia,High income,"Population, total",population_total_annual,2025,annual,83491249.0,people,observed,WB_WDI,SP.POP.TOTL
Germany,DEU,Europe & Central Asia,High income,Poverty headcount ratio at $3.00 a day (2021 PPP) (% of population),poverty_headcount_at_3usd_2021_ppp_pct_annual,2022,annual,0.7,percent of population,observed,WB_WDI,SI.POV.DDAY
Germany,DEU,Europe & Central Asia,High income,"Unemployment, total (% of total labor force) (modeled ILO estimate)",unemployment_rate_ilo_modeled_pct_annual,2025,annual,3.711,percent of labor force,observed,WB_WDI,SL.UEM.TOTL.ZS
Djibouti,DJI,"Middle East, North Africa, Afghanistan & Pakistan",Lower middle income,Consumer price index (2010 = 100),cpi_index_annual_wdi,2025,annual,134.492914689335,index points (2010=100),observed,WB_WDI,FP.CPI.TOTL
Djibouti,DJI,"Middle East, North Africa, Afghanistan & Pakistan",Lower middle income,GDP (constant 2015 US$),gdp_real_constant_2015_usd_annual,2025,annual,4095380799.70674,constant 2015 US dollars,observed,WB_WDI,NY.GDP.MKTP.KD
Djibouti,DJI,"Middle East, North Africa, Afghanistan & Pakistan",Lower middle income,GDP (constant LCU),gdp_real_constant_lcu_annual,2025,annual,706004000000.0,constant local currency units (source base year varies),observed,WB_WDI,NY.GDP.MKTP.KN
Djibouti,DJI,"Middle East, North Africa, Afghanistan & Pakistan",Lower middle income,GDP (current LCU),gdp_nominal_current_lcu_annual,2025,annual,821876645700.0,current local currency units,observed,WB_WDI,NY.GDP.MKTP.CN
Djibouti,DJI,"Middle East, North Africa, Afghanistan & Pakistan",Lower middle income,GDP (current US$),gdp_nominal_current_usd_annual,2025,annual,4624533092.31886,current US dollars,observed,WB_WDI,NY.GDP.MKTP.CD
Djibouti,DJI,"Middle East, North Africa, Afghanistan & Pakistan",Lower middle income,GDP growth (annual %),gdp_real_growth_yoy_pct_annual,2025,annual,6.4954610524268,percent per year,observed,WB_WDI,NY.GDP.MKTP.KD.ZG
Djibouti,DJI,"Middle East, North Africa, Afghanistan & Pakistan",Lower middle income,GDP per capita (constant 2015 US$),gdp_per_capita_real_2015_usd_annual,2025,annual,3458.71447416107,constant 2015 US dollars per person,observed,WB_WDI,NY.GDP.PCAP.KD
Djibouti,DJI,"Middle East, North Africa, Afghanistan & Pakistan",Lower middle income,GDP per capita (constant LCU),gdp_per_capita_real_lcu_annual,2025,annual,596248.889429395,constant local currency units per person (source base year varies),observed,WB_WDI,NY.GDP.PCAP.KN
Djibouti,DJI,"Middle East, North Africa, Afghanistan & Pakistan",Lower middle income,GDP per capita (current LCU),gdp_per_capita_nominal_lcu_annual,2025,annual,694108.018150862,current local currency units per person,observed,WB_WDI,NY.GDP.PCAP.CN
Djibouti,DJI,"Middle East, North Africa, Afghanistan & Pakistan",Lower middle income,GDP per capita (current US$),gdp_per_capita_nominal_usd_annual,2025,annual,3905.604954681,current US dollars per person,observed,WB_WDI,NY.GDP.PCAP.CD
Djibouti,DJI,"Middle East, North Africa, Afghanistan & Pakistan",Lower middle income,GDP per capita growth (annual %),gdp_per_capita_real_growth_yoy_pct_annual,2025,annual,5.11452662845488,percent per year,observed,WB_WDI,NY.GDP.PCAP.KD.ZG
Djibouti,DJI,"Middle East, North Africa, Afghanistan & Pakistan",Lower middle income,"GNI per capita, PPP (current international $)",gni_per_capita_ppp_current_intl_dollar_annual,2025,annual,8660.0,current international dollars per person,observed,WB_WDI,NY.GNP.PCAP.PP.CD
Djibouti,DJI,"Middle East, North Africa, Afghanistan & Pakistan",Lower middle income,"Inflation, consumer prices (annual %)",inflation_consumer_prices_yoy_pct_annual_wdi,2025,annual,-0.313731799533481,percent per year,observed,WB_WDI,FP.CPI.TOTL.ZG
Djibouti,DJI,"Middle East, North Africa, Afghanistan & Pakistan",Lower middle income,"Life expectancy at birth, total (years)",life_expectancy_years_annual,2024,annual,66.202,years,observed,WB_WDI,SP.DYN.LE00.IN
Djibouti,DJI,"Middle East, North Africa, Afghanistan & Pakistan",Lower middle income,"Nominal GDP growth, year over year (annual)",gdp_nominal_growth_yoy_pct_annual_lcu,2025,annual,11.376940000717584,percent per year,derived,WB_WDI,calculated:NY.GDP.MKTP.CN:year_over_year
Djibouti,DJI,"Middle East, North Africa, Afghanistan & Pakistan",Lower middle income,"Nominal GDP per-capita growth, year over year (annual)",gdp_per_capita_nominal_growth_yoy_pct_annual_lcu,2025,annual,9.932707082584734,percent per year,derived,WB_WDI,calculated:NY.GDP.PCAP.CN:year_over_year
Djibouti,DJI,"Middle East, North Africa, Afghanistan & Pakistan",Lower middle income,"Population, total",population_total_annual,2025,annual,1184076.0,people,observed,WB_WDI,SP.POP.TOTL
Djibouti,DJI,"Middle East, North Africa, Afghanistan & Pakistan",Lower middle income,Poverty headcount ratio at $3.00 a day (2021 PPP) (% of population),poverty_headcount_at_3usd_2021_ppp_pct_annual,2017,annual,25.4,percent of population,observed,WB_WDI,SI.POV.DDAY
Djibouti,DJI,"Middle East, North Africa, Afghanistan & Pakistan",Lower middle income,"Unemployment, total (% of total labor force) (modeled ILO estimate)",unemployment_rate_ilo_modeled_pct_annual,2025,annual,26.015,percent of labor force,observed,WB_WDI,SL.UEM.TOTL.ZS
Dominica,DMA,Latin America & Caribbean,Upper middle income,Consumer price index (2010 = 100),cpi_index_annual_wdi,2025,annual,124.252783750442,index points (2010=100),observed,WB_WDI,FP.CPI.TOTL
Dominica,DMA,Latin America & Caribbean,Upper middle income,GDP (constant 2015 US$),gdp_real_constant_2015_usd_annual,2025,annual,625816120.233098,constant 2015 US dollars,observed,WB_WDI,NY.GDP.MKTP.KD
Dominica,DMA,Latin America & Caribbean,Upper middle income,GDP (constant LCU),gdp_real_constant_lcu_annual,2025,annual,1884860000.0,constant local currency units (source base year varies),observed,WB_WDI,NY.GDP.MKTP.KN
Dominica,DMA,Latin America & Caribbean,Upper middle income,GDP (current LCU),gdp_nominal_current_lcu_annual,2025,annual,1954420000.0,current local currency units,observed,WB_WDI,NY.GDP.MKTP.CN
Dominica,DMA,Latin America & Caribbean,Upper middle income,GDP (current US$),gdp_nominal_current_usd_annual,2025,annual,723859259.259259,current US dollars,observed,WB_WDI,NY.GDP.MKTP.CD
Dominica,DMA,Latin America & Caribbean,Upper middle income,GDP growth (annual %),gdp_real_growth_yoy_pct_annual,2025,annual,3.05243763087539,percent per year,observed,WB_WDI,NY.GDP.MKTP.KD.ZG
Dominica,DMA,Latin America & Caribbean,Upper middle income,GDP per capita (constant 2015 US$),gdp_per_capita_real_2015_usd_annual,2025,annual,9500.63184456131,constant 2015 US dollars per person,observed,WB_WDI,NY.GDP.PCAP.KD
Dominica,DMA,Latin America & Caribbean,Upper middle income,GDP per capita (constant LCU),gdp_per_capita_real_lcu_annual,2025,annual,28614.4130193864,constant local currency units per person (source base year varies),observed,WB_WDI,NY.GDP.PCAP.KN
Dominica,DMA,Latin America & Caribbean,Upper middle income,GDP per capita (current LCU),gdp_per_capita_nominal_lcu_annual,2025,annual,29670.4164199724,current local currency units per person,observed,WB_WDI,NY.GDP.PCAP.CN
Dominica,DMA,Latin America & Caribbean,Upper middle income,GDP per capita (current US$),gdp_per_capita_nominal_usd_annual,2025,annual,10989.0431185083,current US dollars per person,observed,WB_WDI,NY.GDP.PCAP.CD
Dominica,DMA,Latin America & Caribbean,Upper middle income,GDP per capita growth (annual %),gdp_per_capita_real_growth_yoy_pct_annual,2025,annual,3.57496672818243,percent per year,observed,WB_WDI,NY.GDP.PCAP.KD.ZG
Dominica,DMA,Latin America & Caribbean,Upper middle income,"GNI per capita, PPP (current international $)",gni_per_capita_ppp_current_intl_dollar_annual,2025,annual,22130.0,current international dollars per person,observed,WB_WDI,NY.GNP.PCAP.PP.CD
Dominica,DMA,Latin America & Caribbean,Upper middle income,"Inflation, consumer prices (annual %)",inflation_consumer_prices_yoy_pct_annual_wdi,2025,annual,2.53385126107135,percent per year,observed,WB_WDI,FP.CPI.TOTL.ZG
Dominica,DMA,Latin America & Caribbean,Upper middle income,"Life expectancy at birth, total (years)",life_expectancy_years_annual,2024,annual,71.294,years,observed,WB_WDI,SP.DYN.LE00.IN
Dominica,DMA,Latin America & Caribbean,Upper middle income,"Nominal GDP growth, year over year (annual)",gdp_nominal_growth_yoy_pct_annual_lcu,2025,annual,5.0774739513328,percent per year,derived,WB_WDI,calculated:NY.GDP.MKTP.CN:year_over_year
Dominica,DMA,Latin America & Caribbean,Upper middle income,"Nominal GDP per-capita growth, year over year (annual)",gdp_per_capita_nominal_growth_yoy_pct_annual_lcu,2025,annual,5.610271028950575,percent per year,derived,WB_WDI,calculated:NY.GDP.PCAP.CN:year_over_year
Dominica,DMA,Latin America & Caribbean,Upper middle income,"Population, total",population_total_annual,2025,annual,65871.0,people,observed,WB_WDI,SP.POP.TOTL
Denmark,DNK,Europe & Central Asia,High income,Consumer price index (2010 = 100),cpi_index_annual_wdi,2025,annual,129.702705115615,index points (2010=100),observed,WB_WDI,FP.CPI.TOTL
Denmark,DNK,Europe & Central Asia,High income,GDP (constant 2015 US$),gdp_real_constant_2015_usd_annual,2025,annual,373876120004.794,constant 2015 US dollars,observed,WB_WDI,NY.GDP.MKTP.KD
Denmark,DNK,Europe & Central Asia,High income,GDP (constant LCU),gdp_real_constant_lcu_annual,2025,annual,2666826035000.0,constant local currency units (source base year varies),observed,WB_WDI,NY.GDP.MKTP.KN
Denmark,DNK,Europe & Central Asia,High income,GDP (current LCU),gdp_nominal_current_lcu_annual,2025,annual,3062770642000.0,current local currency units,observed,WB_WDI,NY.GDP.MKTP.CN
Denmark,DNK,Europe & Central Asia,High income,GDP (current US$),gdp_nominal_current_usd_annual,2025,annual,462526660468.393,current US dollars,observed,WB_WDI,NY.GDP.MKTP.CD
Denmark,DNK,Europe & Central Asia,High income,GDP growth (annual %),gdp_real_growth_yoy_pct_annual,2025,annual,2.92843280014236,percent per year,observed,WB_WDI,NY.GDP.MKTP.KD.ZG
Denmark,DNK,Europe & Central Asia,High income,GDP per capita (constant 2015 US$),gdp_per_capita_real_2015_usd_annual,2025,annual,62217.6077931564,constant 2015 US dollars per person,observed,WB_WDI,NY.GDP.PCAP.KD
Denmark,DNK,Europe & Central Asia,High income,GDP per capita (constant LCU),gdp_per_capita_real_lcu_annual,2025,annual,443792.816444337,constant local currency units per person (source base year varies),observed,WB_WDI,NY.GDP.PCAP.KN
Denmark,DNK,Europe & Central Asia,High income,GDP per capita (current LCU),gdp_per_capita_nominal_lcu_annual,2025,annual,509682.893258619,current local currency units per person,observed,WB_WDI,NY.GDP.PCAP.CN
Denmark,DNK,Europe & Central Asia,High income,GDP per capita (current US$),gdp_per_capita_nominal_usd_annual,2025,annual,76970.1535217919,current US dollars per person,observed,WB_WDI,NY.GDP.PCAP.CD
Denmark,DNK,Europe & Central Asia,High income,GDP per capita growth (annual %),gdp_per_capita_real_growth_yoy_pct_annual,2025,annual,2.3772870123953,percent per year,observed,WB_WDI,NY.GDP.PCAP.KD.ZG
Denmark,DNK,Europe & Central Asia,High income,"GNI per capita, PPP (current international $)",gni_per_capita_ppp_current_intl_dollar_annual,2025,annual,85460.0,current international dollars per person,observed,WB_WDI,NY.GNP.PCAP.PP.CD
Denmark,DNK,Europe & Central Asia,High income,"Inflation, consumer prices (annual %)",inflation_consumer_prices_yoy_pct_annual_wdi,2025,annual,1.89367372703044,percent per year,observed,WB_WDI,FP.CPI.TOTL.ZG
Denmark,DNK,Europe & Central Asia,High income,"Life expectancy at birth, total (years)",life_expectancy_years_annual,2024,annual,82.2536585365854,years,observed,WB_WDI,SP.DYN.LE00.IN
Denmark,DNK,Europe & Central Asia,High income,"Nominal GDP growth, year over year (annual)",gdp_nominal_growth_yoy_pct_annual_lcu,2025,annual,4.642928197241281,percent per year,derived,WB_WDI,calculated:NY.GDP.MKTP.CN:year_over_year
Denmark,DNK,Europe & Central Asia,High income,"Nominal GDP per-capita growth, year over year (annual)",gdp_per_capita_nominal_growth_yoy_pct_annual_lcu,2025,annual,4.0826018857990976,percent per year,derived,WB_WDI,calculated:NY.GDP.PCAP.CN:year_over_year
Denmark,DNK,Europe & Central Asia,High income,"Population, total",population_total_annual,2025,annual,6009169.0,people,observed,WB_WDI,SP.POP.TOTL
Denmark,DNK,Europe & Central Asia,High income,Poverty headcount ratio at $3.00 a day (2021 PPP) (% of population),poverty_headcount_at_3usd_2021_ppp_pct_annual,2023,annual,0.4,percent of population,observed,WB_WDI,SI.POV.DDAY
Denmark,DNK,Europe & Central Asia,High income,"Unemployment, total (% of total labor force) (modeled ILO estimate)",unemployment_rate_ilo_modeled_pct_annual,2025,annual,5.529,percent of labor force,observed,WB_WDI,SL.UEM.TOTL.ZS
Dominican Republic,DOM,Latin America & Caribbean,Upper middle income,Consumer price index (2010 = 100),cpi_index_annual_wdi,2025,annual,181.654330992449,index points (2010=100),observed,WB_WDI,FP.CPI.TOTL
Dominican Republic,DOM,Latin America & Caribbean,Upper middle income,GDP (constant 2015 US$),gdp_real_constant_2015_usd_annual,2025,annual,106991487756.082,constant 2015 US dollars,observed,WB_WDI,NY.GDP.MKTP.KD
Dominican Republic,DOM,Latin America & Caribbean,Upper middle income,GDP (constant LCU),gdp_real_constant_lcu_annual,2025,annual,5340694782600.0,constant local currency units (source base year varies),observed,WB_WDI,NY.GDP.MKTP.KN
Dominican Republic,DOM,Latin America & Caribbean,Upper middle income,GDP (current LCU),gdp_nominal_current_lcu_annual,2025,annual,7897551288600.0,current local currency units,observed,WB_WDI,NY.GDP.MKTP.CN
Dominican Republic,DOM,Latin America & Caribbean,Upper middle income,GDP (current US$),gdp_nominal_current_usd_annual,2025,annual,127407463759.043,current US dollars,observed,WB_WDI,NY.GDP.MKTP.CD
Dominican Republic,DOM,Latin America & Caribbean,Upper middle income,GDP growth (annual %),gdp_real_growth_yoy_pct_annual,2025,annual,2.11739113534632,percent per year,observed,WB_WDI,NY.GDP.MKTP.KD.ZG
Dominican Republic,DOM,Latin America & Caribbean,Upper middle income,GDP per capita (constant 2015 US$),gdp_per_capita_real_2015_usd_annual,2025,annual,9287.06293024608,constant 2015 US dollars per person,observed,WB_WDI,NY.GDP.PCAP.KD
Dominican Republic,DOM,Latin America & Caribbean,Upper middle income,GDP per capita (constant LCU),gdp_per_capita_real_lcu_annual,2025,annual,463582.380033066,constant local currency units per person (source base year varies),observed,WB_WDI,NY.GDP.PCAP.KN
Dominican Republic,DOM,Latin America & Caribbean,Upper middle income,GDP per capita (current LCU),gdp_per_capita_nominal_lcu_annual,2025,annual,685522.347154248,current local currency units per person,observed,WB_WDI,NY.GDP.PCAP.CN
Dominican Republic,DOM,Latin America & Caribbean,Upper middle income,GDP per capita (current US$),gdp_per_capita_nominal_usd_annual,2025,annual,11059.2081531834,current US dollars per person,observed,WB_WDI,NY.GDP.PCAP.CD
Dominican Republic,DOM,Latin America & Caribbean,Upper middle income,GDP per capita growth (annual %),gdp_per_capita_real_growth_yoy_pct_annual,2025,annual,1.293661274082,percent per year,observed,WB_WDI,NY.GDP.PCAP.KD.ZG
Dominican Republic,DOM,Latin America & Caribbean,Upper middle income,"GNI per capita, PPP (current international $)",gni_per_capita_ppp_current_intl_dollar_annual,2025,annual,26980.0,current international dollars per person,observed,WB_WDI,NY.GNP.PCAP.PP.CD
Dominican Republic,DOM,Latin America & Caribbean,Upper middle income,"Inflation, consumer prices (annual %)",inflation_consumer_prices_yoy_pct_annual_wdi,2025,annual,3.8731176804813,percent per year,observed,WB_WDI,FP.CPI.TOTL.ZG
Dominican Republic,DOM,Latin America & Caribbean,Upper middle income,"Life expectancy at birth, total (years)",life_expectancy_years_annual,2024,annual,73.868,years,observed,WB_WDI,SP.DYN.LE00.IN
Dominican Republic,DOM,Latin America & Caribbean,Upper middle income,"Nominal GDP growth, year over year (annual)",gdp_nominal_growth_yoy_pct_annual_lcu,2025,annual,6.682024161263289,percent per year,derived,WB_WDI,calculated:NY.GDP.MKTP.CN:year_over_year
Dominican Republic,DOM,Latin America & Caribbean,Upper middle income,"Nominal GDP per-capita growth, year over year (annual)",gdp_per_capita_nominal_growth_yoy_pct_annual_lcu,2025,annual,5.82147369101782,percent per year,derived,WB_WDI,calculated:NY.GDP.PCAP.CN:year_over_year
Dominican Republic,DOM,Latin America & Caribbean,Upper middle income,"Population, total",population_total_annual,2025,annual,11520487.0,people,observed,WB_WDI,SP.POP.TOTL
Dominican Republic,DOM,Latin America & Caribbean,Upper middle income,Poverty headcount ratio at $3.00 a day (2021 PPP) (% of population),poverty_headcount_at_3usd_2021_ppp_pct_annual,2024,annual,0.8,percent of population,observed,WB_WDI,SI.POV.DDAY
Dominican Republic,DOM,Latin America & Caribbean,Upper middle income,"Unemployment, total (% of total labor force) (modeled ILO estimate)",unemployment_rate_ilo_modeled_pct_annual,2025,annual,5.092,percent of labor force,observed,WB_WDI,SL.UEM.TOTL.ZS
Algeria,DZA,"Middle East, North Africa, Afghanistan & Pakistan",Upper middle income,Consumer price index (2010 = 100),cpi_index_annual_wdi,2025,annual,209.51454647777,index points (2010=100),observed,WB_WDI,FP.CPI.TOTL
Algeria,DZA,"Middle East, North Africa, Afghanistan & Pakistan",Upper middle income,GDP (constant 2015 US$),gdp_real_constant_2015_usd_annual,2025,annual,231616947638.689,constant 2015 US dollars,observed,WB_WDI,NY.GDP.MKTP.KD
Algeria,DZA,"Middle East, North Africa, Afghanistan & Pakistan",Upper middle income,GDP (constant LCU),gdp_real_constant_lcu_annual,2025,annual,9394448505431.96,constant local currency units (source base year varies),observed,WB_WDI,NY.GDP.MKTP.KN
Algeria,DZA,"Middle East, North Africa, Afghanistan & Pakistan",Upper middle income,GDP (current LCU),gdp_nominal_current_lcu_annual,2025,annual,37775010000000.0,current local currency units,observed,WB_WDI,NY.GDP.MKTP.CN
Algeria,DZA,"Middle East, North Africa, Afghanistan & Pakistan",Upper middle income,GDP (current US$),gdp_nominal_current_usd_annual,2025,annual,287031225987.736,current US dollars,observed,WB_WDI,NY.GDP.MKTP.CD
Algeria,DZA,"Middle East, North Africa, Afghanistan & Pakistan",Upper middle income,GDP growth (annual %),gdp_real_growth_yoy_pct_annual,2025,annual,3.815543719231,percent per year,observed,WB_WDI,NY.GDP.MKTP.KD.ZG
Algeria,DZA,"Middle East, North Africa, Afghanistan & Pakistan",Upper middle income,GDP per capita (constant 2015 US$),gdp_per_capita_real_2015_usd_annual,2025,annual,4882.79591454336,constant 2015 US dollars per person,observed,WB_WDI,NY.GDP.PCAP.KD
Algeria,DZA,"Middle East, North Africa, Afghanistan & Pakistan",Upper middle income,GDP per capita (constant LCU),gdp_per_capita_real_lcu_annual,2025,annual,198047.574883284,constant local currency units per person (source base year varies),observed,WB_WDI,NY.GDP.PCAP.KN
Algeria,DZA,"Middle East, North Africa, Afghanistan & Pakistan",Upper middle income,GDP per capita (current LCU),gdp_per_capita_nominal_lcu_annual,2025,annual,796347.876872824,current local currency units per person,observed,WB_WDI,NY.GDP.PCAP.CN
Algeria,DZA,"Middle East, North Africa, Afghanistan & Pakistan",Upper middle income,GDP per capita (current US$),gdp_per_capita_nominal_usd_annual,2025,annual,6051.00322704182,current US dollars per person,observed,WB_WDI,NY.GDP.PCAP.CD
Algeria,DZA,"Middle East, North Africa, Afghanistan & Pakistan",Upper middle income,GDP per capita growth (annual %),gdp_per_capita_real_growth_yoy_pct_annual,2025,annual,2.45643243285815,percent per year,observed,WB_WDI,NY.GDP.PCAP.KD.ZG
Algeria,DZA,"Middle East, North Africa, Afghanistan & Pakistan",Upper middle income,"GNI per capita, PPP (current international $)",gni_per_capita_ppp_current_intl_dollar_annual,2025,annual,18240.0,current international dollars per person,observed,WB_WDI,NY.GNP.PCAP.PP.CD
Algeria,DZA,"Middle East, North Africa, Afghanistan & Pakistan",Upper middle income,"Inflation, consumer prices (annual %)",inflation_consumer_prices_yoy_pct_annual_wdi,2025,annual,1.41835151429016,percent per year,observed,WB_WDI,FP.CPI.TOTL.ZG
Algeria,DZA,"Middle East, North Africa, Afghanistan & Pakistan",Upper middle income,"Life expectancy at birth, total (years)",life_expectancy_years_annual,2024,annual,76.475,years,observed,WB_WDI,SP.DYN.LE00.IN
Algeria,DZA,"Middle East, North Africa, Afghanistan & Pakistan",Upper middle income,"Nominal GDP growth, year over year (annual)",gdp_nominal_growth_yoy_pct_annual_lcu,2025,annual,4.629700285498428,percent per year,derived,WB_WDI,calculated:NY.GDP.MKTP.CN:year_over_year
Algeria,DZA,"Middle East, North Africa, Afghanistan & Pakistan",Upper middle income,"Nominal GDP per-capita growth, year over year (annual)",gdp_per_capita_nominal_growth_yoy_pct_annual_lcu,2025,annual,3.2599303892637765,percent per year,derived,WB_WDI,calculated:NY.GDP.PCAP.CN:year_over_year
Algeria,DZA,"Middle East, North Africa, Afghanistan & Pakistan",Upper middle income,"Population, total",population_total_annual,2025,annual,47435312.0,people,observed,WB_WDI,SP.POP.TOTL
Algeria,DZA,"Middle East, North Africa, Afghanistan & Pakistan",Upper middle income,Poverty headcount ratio at $3.00 a day (2021 PPP) (% of population),poverty_headcount_at_3usd_2021_ppp_pct_annual,2011,annual,0.0,percent of population,observed,WB_WDI,SI.POV.DDAY
Algeria,DZA,"Middle East, North Africa, Afghanistan & Pakistan",Upper middle income,"Unemployment, total (% of total labor force) (modeled ILO estimate)",unemployment_rate_ilo_modeled_pct_annual,2025,annual,11.633,percent of labor force,observed,WB_WDI,SL.UEM.TOTL.ZS
Ecuador,ECU,Latin America & Caribbean,Upper middle income,Consumer price index (2010 = 100),cpi_index_annual_wdi,2025,annual,133.99365934474,index points (2010=100),observed,WB_WDI,FP.CPI.TOTL
Ecuador,ECU,Latin America & Caribbean,Upper middle income,GDP (constant 2015 US$),gdp_real_constant_2015_usd_annual,2025,annual,112749552668.283,constant 2015 US dollars,observed,WB_WDI,NY.GDP.MKTP.KD
Ecuador,ECU,Latin America & Caribbean,Upper middle income,GDP (constant LCU),gdp_real_constant_lcu_annual,2025,annual,117227910800.0,constant local currency units (source base year varies),observed,WB_WDI,NY.GDP.MKTP.KN
Ecuador,ECU,Latin America & Caribbean,Upper middle income,GDP (current LCU),gdp_nominal_current_lcu_annual,2025,annual,130320560400.0,current local currency units,observed,WB_WDI,NY.GDP.MKTP.CN
Ecuador,ECU,Latin America & Caribbean,Upper middle income,GDP (current US$),gdp_nominal_current_usd_annual,2025,annual,130320560400.0,current US dollars,observed,WB_WDI,NY.GDP.MKTP.CD
Ecuador,ECU,Latin America & Caribbean,Upper middle income,GDP growth (annual %),gdp_real_growth_yoy_pct_annual,2025,annual,3.72594857272087,percent per year,observed,WB_WDI,NY.GDP.MKTP.KD.ZG
Ecuador,ECU,Latin America & Caribbean,Upper middle income,GDP per capita (constant 2015 US$),gdp_per_capita_real_2015_usd_annual,2025,annual,6164.58139883809,constant 2015 US dollars per person,observed,WB_WDI,NY.GDP.PCAP.KD
Ecuador,ECU,Latin America & Caribbean,Upper middle income,GDP per capita (constant LCU),gdp_per_capita_real_lcu_annual,2025,annual,6409.43561406801,constant local currency units per person (source base year varies),observed,WB_WDI,NY.GDP.PCAP.KN
Ecuador,ECU,Latin America & Caribbean,Upper middle income,GDP per capita (current LCU),gdp_per_capita_nominal_lcu_annual,2025,annual,7125.27618527738,current local currency units per person,observed,WB_WDI,NY.GDP.PCAP.CN
Ecuador,ECU,Latin America & Caribbean,Upper middle income,GDP per capita (current US$),gdp_per_capita_nominal_usd_annual,2025,annual,7125.27618527738,current US dollars per person,observed,WB_WDI,NY.GDP.PCAP.CD
Ecuador,ECU,Latin America & Caribbean,Upper middle income,GDP per capita growth (annual %),gdp_per_capita_real_growth_yoy_pct_annual,2025,annual,2.85021075952048,percent per year,observed,WB_WDI,NY.GDP.PCAP.KD.ZG
Ecuador,ECU,Latin America & Caribbean,Upper middle income,"GNI per capita, PPP (current international $)",gni_per_capita_ppp_current_intl_dollar_annual,2025,annual,16290.0,current international dollars per person,observed,WB_WDI,NY.GNP.PCAP.PP.CD
Ecuador,ECU,Latin America & Caribbean,Upper middle income,"Inflation, consumer prices (annual %)",inflation_consumer_prices_yoy_pct_annual_wdi,2025,annual,0.710469324989076,percent per year,observed,WB_WDI,FP.CPI.TOTL.ZG
Ecuador,ECU,Latin America & Caribbean,Upper middle income,"Life expectancy at birth, total (years)",life_expectancy_years_annual,2024,annual,77.579,years,observed,WB_WDI,SP.DYN.LE00.IN
Ecuador,ECU,Latin America & Caribbean,Upper middle income,"Nominal GDP growth, year over year (annual)",gdp_nominal_growth_yoy_pct_annual_lcu,2025,annual,5.264993060633882,percent per year,derived,WB_WDI,calculated:NY.GDP.MKTP.CN:year_over_year
Ecuador,ECU,Latin America & Caribbean,Upper middle income,"Nominal GDP per-capita growth, year over year (annual)",gdp_per_capita_nominal_growth_yoy_pct_annual_lcu,2025,annual,4.376261397072945,percent per year,derived,WB_WDI,calculated:NY.GDP.PCAP.CN:year_over_year
Ecuador,ECU,Latin America & Caribbean,Upper middle income,"Population, total",population_total_annual,2025,annual,18289896.0,people,observed,WB_WDI,SP.POP.TOTL
Ecuador,ECU,Latin America & Caribbean,Upper middle income,Poverty headcount ratio at $3.00 a day (2021 PPP) (% of population),poverty_headcount_at_3usd_2021_ppp_pct_annual,2025,annual,3.4,percent of population,observed,WB_WDI,SI.POV.DDAY
Ecuador,ECU,Latin America & Caribbean,Upper middle income,"Unemployment, total (% of total labor force) (modeled ILO estimate)",unemployment_rate_ilo_modeled_pct_annual,2025,annual,3.308,percent of labor force,observed,WB_WDI,SL.UEM.TOTL.ZS
"Egypt, Arab Rep.",EGY,"Middle East, North Africa, Afghanistan & Pakistan",Lower middle income,Consumer price index (2010 = 100),cpi_index_annual_wdi,2025,annual,711.63038970895,index points (2010=100),observed,WB_WDI,FP.CPI.TOTL
"Egypt, Arab Rep.",EGY,"Middle East, North Africa, Afghanistan & Pakistan",Lower middle income,GDP (constant 2015 US$),gdp_real_constant_2015_usd_annual,2025,annual,503367605841.295,constant 2015 US dollars,observed,WB_WDI,NY.GDP.MKTP.KD
"Egypt, Arab Rep.",EGY,"Middle East, North Africa, Afghanistan & Pakistan",Lower middle income,GDP (constant LCU),gdp_real_constant_lcu_annual,2025,annual,8698600000000.0,constant local currency units (source base year varies),observed,WB_WDI,NY.GDP.MKTP.KN
"Egypt, Arab Rep.",EGY,"Middle East, North Africa, Afghanistan & Pakistan",Lower middle income,GDP (current LCU),gdp_nominal_current_lcu_annual,2025,annual,18136200000000.0,current local currency units,observed,WB_WDI,NY.GDP.MKTP.CN
"Egypt, Arab Rep.",EGY,"Middle East, North Africa, Afghanistan & Pakistan",Lower middle income,GDP (current US$),gdp_nominal_current_usd_annual,2025,annual,365254630179.737,current US dollars,observed,WB_WDI,NY.GDP.MKTP.CD
"Egypt, Arab Rep.",EGY,"Middle East, North Africa, Afghanistan & Pakistan",Lower middle income,GDP growth (annual %),gdp_real_growth_yoy_pct_annual,2025,annual,4.39201068570188,percent per year,observed,WB_WDI,NY.GDP.MKTP.KD.ZG
"Egypt, Arab Rep.",EGY,"Middle East, North Africa, Afghanistan & Pakistan",Lower middle income,GDP per capita (constant 2015 US$),gdp_per_capita_real_2015_usd_annual,2025,annual,4252.63696588953,constant 2015 US dollars per person,observed,WB_WDI,NY.GDP.PCAP.KD
"Egypt, Arab Rep.",EGY,"Middle East, North Africa, Afghanistan & Pakistan",Lower middle income,GDP per capita (constant LCU),gdp_per_capita_real_lcu_annual,2025,annual,73489.0117723422,constant local currency units per person (source base year varies),observed,WB_WDI,NY.GDP.PCAP.KN
"Egypt, Arab Rep.",EGY,"Middle East, North Africa, Afghanistan & Pakistan",Lower middle income,GDP per capita (current LCU),gdp_per_capita_nominal_lcu_annual,2025,annual,153221.370715466,current local currency units per person,observed,WB_WDI,NY.GDP.PCAP.CN
"Egypt, Arab Rep.",EGY,"Middle East, North Africa, Afghanistan & Pakistan",Lower middle income,GDP per capita (current US$),gdp_per_capita_nominal_usd_annual,2025,annual,3085.80712036204,current US dollars per person,observed,WB_WDI,NY.GDP.PCAP.CD
"Egypt, Arab Rep.",EGY,"Middle East, North Africa, Afghanistan & Pakistan",Lower middle income,GDP per capita growth (annual %),gdp_per_capita_real_growth_yoy_pct_annual,2025,annual,2.78005160543854,percent per year,observed,WB_WDI,NY.GDP.PCAP.KD.ZG
"Egypt, Arab Rep.",EGY,"Middle East, North Africa, Afghanistan & Pakistan",Lower middle income,"GNI per capita, PPP (current international $)",gni_per_capita_ppp_current_intl_dollar_annual,2025,annual,19330.0,current international dollars per person,observed,WB_WDI,NY.GNP.PCAP.PP.CD
"Egypt, Arab Rep.",EGY,"Middle East, North Africa, Afghanistan & Pakistan",Lower middle income,"Inflation, consumer prices (annual %)",inflation_consumer_prices_yoy_pct_annual_wdi,2025,annual,14.0735136645934,percent per year,observed,WB_WDI,FP.CPI.TOTL.ZG
"Egypt, Arab Rep.",EGY,"Middle East, North Africa, Afghanistan & Pakistan",Lower middle income,"Life expectancy at birth, total (years)",life_expectancy_years_annual,2024,annual,71.806,years,observed,WB_WDI,SP.DYN.LE00.IN
"Egypt, Arab Rep.",EGY,"Middle East, North Africa, Afghanistan & Pakistan",Lower middle income,"Nominal GDP growth, year over year (annual)",gdp_nominal_growth_yoy_pct_annual_lcu,2025,annual,30.451482596111234,percent per year,derived,WB_WDI,calculated:NY.GDP.MKTP.CN:year_over_year
"Egypt, Arab Rep.",EGY,"Middle East, North Africa, Afghanistan & Pakistan",Lower middle income,"Nominal GDP per-capita growth, year over year (annual)",gdp_per_capita_nominal_growth_yoy_pct_annual_lcu,2025,annual,28.43712871478119,percent per year,derived,WB_WDI,calculated:NY.GDP.PCAP.CN:year_over_year
"Egypt, Arab Rep.",EGY,"Middle East, North Africa, Afghanistan & Pakistan",Lower middle income,"Population, total",population_total_annual,2025,annual,118365995.0,people,observed,WB_WDI,SP.POP.TOTL
"Egypt, Arab Rep.",EGY,"Middle East, North Africa, Afghanistan & Pakistan",Lower middle income,Poverty headcount ratio at $3.00 a day (2021 PPP) (% of population),poverty_headcount_at_3usd_2021_ppp_pct_annual,2021,annual,1.4,percent of population,observed,WB_WDI,SI.POV.DDAY
"Egypt, Arab Rep.",EGY,"Middle East, North Africa, Afghanistan & Pakistan",Lower middle income,"Unemployment, total (% of total labor force) (modeled ILO estimate)",unemployment_rate_ilo_modeled_pct_annual,2025,annual,6.781,percent of labor force,observed,WB_WDI,SL.UEM.TOTL.ZS
Eritrea,ERI,Sub-Saharan Africa,Low income,GDP (constant 2015 US$),gdp_real_constant_2015_usd_annual,2011,annual,2252986366.41081,constant 2015 US dollars,observed,WB_WDI,NY.GDP.MKTP.KD
Eritrea,ERI,Sub-Saharan Africa,Low income,GDP (constant LCU),gdp_real_constant_lcu_annual,2011,annual,31749400000.0,constant local currency units (source base year varies),observed,WB_WDI,NY.GDP.MKTP.KN
Eritrea,ERI,Sub-Saharan Africa,Low income,GDP (current LCU),gdp_nominal_current_lcu_annual,2011,annual,31749400000.0,current local currency units,observed,WB_WDI,NY.GDP.MKTP.CN
Eritrea,ERI,Sub-Saharan Africa,Low income,GDP (current US$),gdp_nominal_current_usd_annual,2011,annual,2065001626.01626,current US dollars,observed,WB_WDI,NY.GDP.MKTP.CD
Eritrea,ERI,Sub-Saharan Africa,Low income,GDP growth (annual %),gdp_real_growth_yoy_pct_annual,2011,annual,8.67980010138049,percent per year,observed,WB_WDI,NY.GDP.MKTP.KD.ZG
Eritrea,ERI,Sub-Saharan Africa,Low income,GDP per capita (constant 2015 US$),gdp_per_capita_real_2015_usd_annual,2011,annual,751.374899794668,constant 2015 US dollars per person,observed,WB_WDI,NY.GDP.PCAP.KD
Eritrea,ERI,Sub-Saharan Africa,Low income,GDP per capita (constant LCU),gdp_per_capita_real_lcu_annual,2011,annual,10588.4805159939,constant local currency units per person (source base year varies),observed,WB_WDI,NY.GDP.PCAP.KN
Eritrea,ERI,Sub-Saharan Africa,Low income,GDP per capita (current LCU),gdp_per_capita_nominal_lcu_annual,2011,annual,10588.4805159939,current local currency units per person,observed,WB_WDI,NY.GDP.PCAP.CN
Eritrea,ERI,Sub-Saharan Africa,Low income,GDP per capita (current US$),gdp_per_capita_nominal_usd_annual,2011,annual,688.68165957684,current US dollars per person,observed,WB_WDI,NY.GDP.PCAP.CD
Eritrea,ERI,Sub-Saharan Africa,Low income,GDP per capita growth (annual %),gdp_per_capita_real_growth_yoy_pct_annual,2011,annual,6.74798297853228,percent per year,observed,WB_WDI,NY.GDP.PCAP.KD.ZG
Eritrea,ERI,Sub-Saharan Africa,Low income,"GNI per capita, PPP (current international $)",gni_per_capita_ppp_current_intl_dollar_annual,2011,annual,1720.0,current international dollars per person,observed,WB_WDI,NY.GNP.PCAP.PP.CD
Eritrea,ERI,Sub-Saharan Africa,Low income,"Life expectancy at birth, total (years)",life_expectancy_years_annual,2024,annual,68.893,years,observed,WB_WDI,SP.DYN.LE00.IN
Eritrea,ERI,Sub-Saharan Africa,Low income,"Nominal GDP growth, year over year (annual)",gdp_nominal_growth_yoy_pct_annual_lcu,2011,annual,29.913907393161686,percent per year,derived,WB_WDI,calculated:NY.GDP.MKTP.CN:year_over_year
Eritrea,ERI,Sub-Saharan Africa,Low income,"Nominal GDP per-capita growth, year over year (annual)",gdp_per_capita_nominal_growth_yoy_pct_annual_lcu,2011,annual,27.604647433499217,percent per year,derived,WB_WDI,calculated:NY.GDP.PCAP.CN:year_over_year
Eritrea,ERI,Sub-Saharan Africa,Low income,"Population, total",population_total_annual,2025,annual,3607003.0,people,observed,WB_WDI,SP.POP.TOTL
Eritrea,ERI,Sub-Saharan Africa,Low income,"Unemployment, total (% of total labor force) (modeled ILO estimate)",unemployment_rate_ilo_modeled_pct_annual,2025,annual,5.978,percent of labor force,observed,WB_WDI,SL.UEM.TOTL.ZS
Spain,ESP,Europe & Central Asia,High income,Consumer price index (2010 = 100),cpi_index_annual_wdi,2025,annual,135.022287004932,index points (2010=100),observed,WB_WDI,FP.CPI.TOTL
Spain,ESP,Europe & Central Asia,High income,GDP (constant 2015 US$),gdp_real_constant_2015_usd_annual,2025,annual,1468952188359.05,constant 2015 US dollars,observed,WB_WDI,NY.GDP.MKTP.KD
Spain,ESP,Europe & Central Asia,High income,GDP (constant LCU),gdp_real_constant_lcu_annual,2025,annual,1396695000000.0,constant local currency units (source base year varies),observed,WB_WDI,NY.GDP.MKTP.KN
Spain,ESP,Europe & Central Asia,High income,GDP (current LCU),gdp_nominal_current_lcu_annual,2025,annual,1687152000000.0,current local currency units,observed,WB_WDI,NY.GDP.MKTP.CN
Spain,ESP,Europe & Central Asia,High income,GDP (current US$),gdp_nominal_current_usd_annual,2025,annual,1906453309985.88,current US dollars,observed,WB_WDI,NY.GDP.MKTP.CD
Spain,ESP,Europe & Central Asia,High income,GDP growth (annual %),gdp_real_growth_yoy_pct_annual,2025,annual,2.82495400578509,percent per year,observed,WB_WDI,NY.GDP.MKTP.KD.ZG
Spain,ESP,Europe & Central Asia,High income,GDP per capita (constant 2015 US$),gdp_per_capita_real_2015_usd_annual,2025,annual,29762.9000560093,constant 2015 US dollars per person,observed,WB_WDI,NY.GDP.PCAP.KD
Spain,ESP,Europe & Central Asia,High income,GDP per capita (constant LCU),gdp_per_capita_real_lcu_annual,2025,annual,28298.8745468735,constant local currency units per person (source base year varies),observed,WB_WDI,NY.GDP.PCAP.KN
Spain,ESP,Europe & Central Asia,High income,GDP per capita (current LCU),gdp_per_capita_nominal_lcu_annual,2025,annual,34183.9147340734,current local currency units per person,observed,WB_WDI,NY.GDP.PCAP.CN
Spain,ESP,Europe & Central Asia,High income,GDP per capita (current US$),gdp_per_capita_nominal_usd_annual,2025,annual,38627.2472148623,current US dollars per person,observed,WB_WDI,NY.GDP.PCAP.CD
Spain,ESP,Europe & Central Asia,High income,GDP per capita growth (annual %),gdp_per_capita_real_growth_yoy_pct_annual,2025,annual,1.77013824549053,percent per year,observed,WB_WDI,NY.GDP.PCAP.KD.ZG
Spain,ESP,Europe & Central Asia,High income,"GNI per capita, PPP (current international $)",gni_per_capita_ppp_current_intl_dollar_annual,2025,annual,59830.0,current international dollars per person,observed,WB_WDI,NY.GNP.PCAP.PP.CD
Spain,ESP,Europe & Central Asia,High income,"Inflation, consumer prices (annual %)",inflation_consumer_prices_yoy_pct_annual_wdi,2025,annual,2.699932857627,percent per year,observed,WB_WDI,FP.CPI.TOTL.ZG
Spain,ESP,Europe & Central Asia,High income,"Life expectancy at birth, total (years)",life_expectancy_years_annual,2024,annual,83.8878048780488,years,observed,WB_WDI,SP.DYN.LE00.IN
Spain,ESP,Europe & Central Asia,High income,"Nominal GDP growth, year over year (annual)",gdp_nominal_growth_yoy_pct_annual_lcu,2025,annual,5.82200673637201,percent per year,derived,WB_WDI,calculated:NY.GDP.MKTP.CN:year_over_year
Spain,ESP,Europe & Central Asia,High income,"Nominal GDP per-capita growth, year over year (annual)",gdp_per_capita_nominal_growth_yoy_pct_annual_lcu,2025,annual,4.73644611958588,percent per year,derived,WB_WDI,calculated:NY.GDP.PCAP.CN:year_over_year
Spain,ESP,Europe & Central Asia,High income,"Population, total",population_total_annual,2025,annual,49355143.0,people,observed,WB_WDI,SP.POP.TOTL
Spain,ESP,Europe & Central Asia,High income,Poverty headcount ratio at $3.00 a day (2021 PPP) (% of population),poverty_headcount_at_3usd_2021_ppp_pct_annual,2023,annual,0.8,percent of population,observed,WB_WDI,SI.POV.DDAY
Spain,ESP,Europe & Central Asia,High income,"Unemployment, total (% of total labor force) (modeled ILO estimate)",unemployment_rate_ilo_modeled_pct_annual,2025,annual,10.376,percent of labor force,observed,WB_WDI,SL.UEM.TOTL.ZS
Estonia,EST,Europe & Central Asia,High income,Consumer price index (2010 = 100),cpi_index_annual_wdi,2025,annual,179.989093160602,index points (2010=100),observed,WB_WDI,FP.CPI.TOTL
Estonia,EST,Europe & Central Asia,High income,GDP (constant 2015 US$),gdp_real_constant_2015_usd_annual,2025,annual,27715055071.5067,constant 2015 US dollars,observed,WB_WDI,NY.GDP.MKTP.KD
Estonia,EST,Europe & Central Asia,High income,GDP (constant LCU),gdp_real_constant_lcu_annual,2025,annual,29114802000.0,constant local currency units (source base year varies),observed,WB_WDI,NY.GDP.MKTP.KN
Estonia,EST,Europe & Central Asia,High income,GDP (current LCU),gdp_nominal_current_lcu_annual,2025,annual,41620828000.0,current local currency units,observed,WB_WDI,NY.GDP.MKTP.CN
Estonia,EST,Europe & Central Asia,High income,GDP (current US$),gdp_nominal_current_usd_annual,2025,annual,47030833798.5866,current US dollars,observed,WB_WDI,NY.GDP.MKTP.CD
Estonia,EST,Europe & Central Asia,High income,GDP growth (annual %),gdp_real_growth_yoy_pct_annual,2025,annual,0.584308464789387,percent per year,observed,WB_WDI,NY.GDP.MKTP.KD.ZG
Estonia,EST,Europe & Central Asia,High income,GDP per capita (constant 2015 US$),gdp_per_capita_real_2015_usd_annual,2025,annual,20282.1530371991,constant 2015 US dollars per person,observed,WB_WDI,NY.GDP.PCAP.KD
Estonia,EST,Europe & Central Asia,High income,GDP per capita (constant LCU),gdp_per_capita_real_lcu_annual,2025,annual,21306.5017654915,constant local currency units per person (source base year varies),observed,WB_WDI,NY.GDP.PCAP.KN
Estonia,EST,Europe & Central Asia,High income,GDP per capita (current LCU),gdp_per_capita_nominal_lcu_annual,2025,annual,30458.5360141971,current local currency units per person,observed,WB_WDI,NY.GDP.PCAP.CN
Estonia,EST,Europe & Central Asia,High income,GDP per capita (current US$),gdp_per_capita_nominal_usd_annual,2025,annual,34417.6320815138,current US dollars per person,observed,WB_WDI,NY.GDP.PCAP.CD
Estonia,EST,Europe & Central Asia,High income,GDP per capita growth (annual %),gdp_per_capita_real_growth_yoy_pct_annual,2025,annual,1.01609649856567,percent per year,observed,WB_WDI,NY.GDP.PCAP.KD.ZG
Estonia,EST,Europe & Central Asia,High income,"GNI per capita, PPP (current international $)",gni_per_capita_ppp_current_intl_dollar_annual,2025,annual,51370.0,current international dollars per person,observed,WB_WDI,NY.GNP.PCAP.PP.CD
Estonia,EST,Europe & Central Asia,High income,"Inflation, consumer prices (annual %)",inflation_consumer_prices_yoy_pct_annual_wdi,2025,annual,4.82920753628342,percent per year,observed,WB_WDI,FP.CPI.TOTL.ZG
Estonia,EST,Europe & Central Asia,High income,"Life expectancy at birth, total (years)",life_expectancy_years_annual,2024,annual,79.2951219512195,years,observed,WB_WDI,SP.DYN.LE00.IN
Estonia,EST,Europe & Central Asia,High income,"Nominal GDP growth, year over year (annual)",gdp_nominal_growth_yoy_pct_annual_lcu,2025,annual,4.449647136861756,percent per year,derived,WB_WDI,calculated:NY.GDP.MKTP.CN:year_over_year
Estonia,EST,Europe & Central Asia,High income,"Nominal GDP per-capita growth, year over year (annual)",gdp_per_capita_nominal_growth_yoy_pct_annual_lcu,2025,annual,4.898028285514333,percent per year,derived,WB_WDI,calculated:NY.GDP.PCAP.CN:year_over_year
Estonia,EST,Europe & Central Asia,High income,"Population, total",population_total_annual,2025,annual,1366475.0,people,observed,WB_WDI,SP.POP.TOTL
Estonia,EST,Europe & Central Asia,High income,Poverty headcount ratio at $3.00 a day (2021 PPP) (% of population),poverty_headcount_at_3usd_2021_ppp_pct_annual,2023,annual,0.3,percent of population,observed,WB_WDI,SI.POV.DDAY
Estonia,EST,Europe & Central Asia,High income,"Unemployment, total (% of total labor force) (modeled ILO estimate)",unemployment_rate_ilo_modeled_pct_annual,2025,annual,8.313,percent of labor force,observed,WB_WDI,SL.UEM.TOTL.ZS
Ethiopia,ETH,Sub-Saharan Africa,Low income,Consumer price index (2010 = 100),cpi_index_annual_wdi,2025,annual,1176.47456071671,index points (2010=100),observed,WB_WDI,FP.CPI.TOTL
Ethiopia,ETH,Sub-Saharan Africa,Low income,GDP (constant 2015 US$),gdp_real_constant_2015_usd_annual,2025,annual,128069700729.493,constant 2015 US dollars,observed,WB_WDI,NY.GDP.MKTP.KD
Ethiopia,ETH,Sub-Saharan Africa,Low income,GDP (constant LCU),gdp_real_constant_lcu_annual,2025,annual,2954974369856.37,constant local currency units (source base year varies),observed,WB_WDI,NY.GDP.MKTP.KN
Ethiopia,ETH,Sub-Saharan Africa,Low income,GDP (current LCU),gdp_nominal_current_lcu_annual,2025,annual,15094419030534.4,current local currency units,observed,WB_WDI,NY.GDP.MKTP.CN
Ethiopia,ETH,Sub-Saharan Africa,Low income,GDP (current US$),gdp_nominal_current_usd_annual,2025,annual,126358758448.356,current US dollars,observed,WB_WDI,NY.GDP.MKTP.CD
Ethiopia,ETH,Sub-Saharan Africa,Low income,GDP growth (annual %),gdp_real_growth_yoy_pct_annual,2025,annual,9.7715182202934,percent per year,observed,WB_WDI,NY.GDP.MKTP.KD.ZG
Ethiopia,ETH,Sub-Saharan Africa,Low income,GDP per capita (constant 2015 US$),gdp_per_capita_real_2015_usd_annual,2025,annual,945.358838108184,constant 2015 US dollars per person,observed,WB_WDI,NY.GDP.PCAP.KD
Ethiopia,ETH,Sub-Saharan Africa,Low income,GDP per capita (constant LCU),gdp_per_capita_real_lcu_annual,2025,annual,21812.4280841985,constant local currency units per person (source base year varies),observed,WB_WDI,NY.GDP.PCAP.KN
Ethiopia,ETH,Sub-Saharan Africa,Low income,GDP per capita (current LCU),gdp_per_capita_nominal_lcu_annual,2025,annual,111420.90873441,current local currency units per person,observed,WB_WDI,NY.GDP.PCAP.CN
Ethiopia,ETH,Sub-Saharan Africa,Low income,GDP per capita (current US$),gdp_per_capita_nominal_usd_annual,2025,annual,932.729352775179,current US dollars per person,observed,WB_WDI,NY.GDP.PCAP.CD
Ethiopia,ETH,Sub-Saharan Africa,Low income,GDP per capita growth (annual %),gdp_per_capita_real_growth_yoy_pct_annual,2025,annual,7.00658189199632,percent per year,observed,WB_WDI,NY.GDP.PCAP.KD.ZG
Ethiopia,ETH,Sub-Saharan Africa,Low income,"GNI per capita, PPP (current international $)",gni_per_capita_ppp_current_intl_dollar_annual,2025,annual,3620.0,current international dollars per person,observed,WB_WDI,NY.GNP.PCAP.PP.CD
Ethiopia,ETH,Sub-Saharan Africa,Low income,"Inflation, consumer prices (annual %)",inflation_consumer_prices_yoy_pct_annual_wdi,2025,annual,13.2296432836809,percent per year,observed,WB_WDI,FP.CPI.TOTL.ZG
Ethiopia,ETH,Sub-Saharan Africa,Low income,"Life expectancy at birth, total (years)",life_expectancy_years_annual,2024,annual,67.603,years,observed,WB_WDI,SP.DYN.LE00.IN
Ethiopia,ETH,Sub-Saharan Africa,Low income,"Nominal GDP growth, year over year (annual)",gdp_nominal_growth_yoy_pct_annual_lcu,2025,annual,28.086387398022005,percent per year,derived,WB_WDI,calculated:NY.GDP.MKTP.CN:year_over_year
Ethiopia,ETH,Sub-Saharan Africa,Low income,"Nominal GDP per-capita growth, year over year (annual)",gdp_per_capita_nominal_growth_yoy_pct_annual_lcu,2025,annual,24.86013425495748,percent per year,derived,WB_WDI,calculated:NY.GDP.PCAP.CN:year_over_year
Ethiopia,ETH,Sub-Saharan Africa,Low income,"Population, total",population_total_annual,2025,annual,135472051.0,people,observed,WB_WDI,SP.POP.TOTL
Ethiopia,ETH,Sub-Saharan Africa,Low income,Poverty headcount ratio at $3.00 a day (2021 PPP) (% of population),poverty_headcount_at_3usd_2021_ppp_pct_annual,2021,annual,38.6,percent of population,observed,WB_WDI,SI.POV.DDAY
Ethiopia,ETH,Sub-Saharan Africa,Low income,"Unemployment, total (% of total labor force) (modeled ILO estimate)",unemployment_rate_ilo_modeled_pct_annual,2025,annual,3.323,percent of labor force,observed,WB_WDI,SL.UEM.TOTL.ZS
Finland,FIN,Europe & Central Asia,High income,Consumer price index (2010 = 100),cpi_index_annual_wdi,2025,annual,133.542197914767,index points (2010=100),observed,WB_WDI,FP.CPI.TOTL
Finland,FIN,Europe & Central Asia,High income,GDP (constant 2015 US$),gdp_real_constant_2015_usd_annual,2025,annual,253757802164.372,constant 2015 US dollars,observed,WB_WDI,NY.GDP.MKTP.KD
Finland,FIN,Europe & Central Asia,High income,GDP (constant LCU),gdp_real_constant_lcu_annual,2025,annual,242735823000.0,constant local currency units (source base year varies),observed,WB_WDI,NY.GDP.MKTP.KN
Finland,FIN,Europe & Central Asia,High income,GDP (current LCU),gdp_nominal_current_lcu_annual,2025,annual,280570000000.0,current local currency units,observed,WB_WDI,NY.GDP.MKTP.CN
Finland,FIN,Europe & Central Asia,High income,GDP (current US$),gdp_nominal_current_usd_annual,2025,annual,317039368819.607,current US dollars,observed,WB_WDI,NY.GDP.MKTP.CD
Finland,FIN,Europe & Central Asia,High income,GDP growth (annual %),gdp_real_growth_yoy_pct_annual,2025,annual,0.173444509584499,percent per year,observed,WB_WDI,NY.GDP.MKTP.KD.ZG
Finland,FIN,Europe & Central Asia,High income,GDP per capita (constant 2015 US$),gdp_per_capita_real_2015_usd_annual,2025,annual,44941.2341102195,constant 2015 US dollars per person,observed,WB_WDI,NY.GDP.PCAP.KD
Finland,FIN,Europe & Central Asia,High income,GDP per capita (constant LCU),gdp_per_capita_real_lcu_annual,2025,annual,42989.2100078705,constant local currency units per person (source base year varies),observed,WB_WDI,NY.GDP.PCAP.KN
Finland,FIN,Europe & Central Asia,High income,GDP per capita (current LCU),gdp_per_capita_nominal_lcu_annual,2025,annual,49689.7511988093,current local currency units per person,observed,WB_WDI,NY.GDP.PCAP.CN
Finland,FIN,Europe & Central Asia,High income,GDP per capita (current US$),gdp_per_capita_nominal_usd_annual,2025,annual,56148.580949046,current US dollars per person,observed,WB_WDI,NY.GDP.PCAP.CD
Finland,FIN,Europe & Central Asia,High income,GDP per capita growth (annual %),gdp_per_capita_real_growth_yoy_pct_annual,2025,annual,-0.297135625498385,percent per year,observed,WB_WDI,NY.GDP.PCAP.KD.ZG
Finland,FIN,Europe & Central Asia,High income,"GNI per capita, PPP (current international $)",gni_per_capita_ppp_current_intl_dollar_annual,2025,annual,66300.0,current international dollars per person,observed,WB_WDI,NY.GNP.PCAP.PP.CD
Finland,FIN,Europe & Central Asia,High income,"Inflation, consumer prices (annual %)",inflation_consumer_prices_yoy_pct_annual_wdi,2025,annual,0.337874659400574,percent per year,observed,WB_WDI,FP.CPI.TOTL.ZG
Finland,FIN,Europe & Central Asia,High income,"Life expectancy at birth, total (years)",life_expectancy_years_annual,2024,annual,82.3365853658537,years,observed,WB_WDI,SP.DYN.LE00.IN
Finland,FIN,Europe & Central Asia,High income,"Nominal GDP growth, year over year (annual)",gdp_nominal_growth_yoy_pct_annual_lcu,2025,annual,1.658375393578826,percent per year,derived,WB_WDI,calculated:NY.GDP.MKTP.CN:year_over_year
Finland,FIN,Europe & Central Asia,High income,"Nominal GDP per-capita growth, year over year (annual)",gdp_per_capita_nominal_growth_yoy_pct_annual_lcu,2025,annual,1.18081956768894,percent per year,derived,WB_WDI,calculated:NY.GDP.PCAP.CN:year_over_year
Finland,FIN,Europe & Central Asia,High income,"Population, total",population_total_annual,2025,annual,5646436.0,people,observed,WB_WDI,SP.POP.TOTL
Finland,FIN,Europe & Central Asia,High income,Poverty headcount ratio at $3.00 a day (2021 PPP) (% of population),poverty_headcount_at_3usd_2021_ppp_pct_annual,2023,annual,0.2,percent of population,observed,WB_WDI,SI.POV.DDAY
Finland,FIN,Europe & Central Asia,High income,"Unemployment, total (% of total labor force) (modeled ILO estimate)",unemployment_rate_ilo_modeled_pct_annual,2025,annual,9.461,percent of labor force,observed,WB_WDI,SL.UEM.TOTL.ZS
Fiji,FJI,East Asia & Pacific,Upper middle income,Consumer price index (2010 = 100),cpi_index_annual_wdi,2025,annual,147.807493219718,index points (2010=100),observed,WB_WDI,FP.CPI.TOTL
Fiji,FJI,East Asia & Pacific,Upper middle income,GDP (constant 2015 US$),gdp_real_constant_2015_usd_annual,2025,annual,5688678190.51222,constant 2015 US dollars,observed,WB_WDI,NY.GDP.MKTP.KD
Fiji,FJI,East Asia & Pacific,Upper middle income,GDP (constant LCU),gdp_real_constant_lcu_annual,2025,annual,12593665404.1303,constant local currency units (source base year varies),observed,WB_WDI,NY.GDP.MKTP.KN
Fiji,FJI,East Asia & Pacific,Upper middle income,GDP (current LCU),gdp_nominal_current_lcu_annual,2025,annual,14249436564.1197,current local currency units,observed,WB_WDI,NY.GDP.MKTP.CN
Fiji,FJI,East Asia & Pacific,Upper middle income,GDP (current US$),gdp_nominal_current_usd_annual,2025,annual,6198013062.06553,current US dollars,observed,WB_WDI,NY.GDP.MKTP.CD
Fiji,FJI,East Asia & Pacific,Upper middle income,GDP growth (annual %),gdp_real_growth_yoy_pct_annual,2025,annual,3.19546862124029,percent per year,observed,WB_WDI,NY.GDP.MKTP.KD.ZG
Fiji,FJI,East Asia & Pacific,Upper middle income,GDP per capita (constant 2015 US$),gdp_per_capita_real_2015_usd_annual,2025,annual,6096.1836851283,constant 2015 US dollars per person,observed,WB_WDI,NY.GDP.PCAP.KD
Fiji,FJI,East Asia & Pacific,Upper middle income,GDP per capita (constant LCU),gdp_per_capita_real_lcu_annual,2025,annual,13495.8060557317,constant local currency units per person (source base year varies),observed,WB_WDI,NY.GDP.PCAP.KN
Fiji,FJI,East Asia & Pacific,Upper middle income,GDP per capita (current LCU),gdp_per_capita_nominal_lcu_annual,2025,annual,15270.1875190158,current local currency units per person,observed,WB_WDI,NY.GDP.PCAP.CN
Fiji,FJI,East Asia & Pacific,Upper middle income,GDP per capita (current US$),gdp_per_capita_nominal_usd_annual,2025,annual,6642.00449450523,current US dollars per person,observed,WB_WDI,NY.GDP.PCAP.CD
Fiji,FJI,East Asia & Pacific,Upper middle income,GDP per capita growth (annual %),gdp_per_capita_real_growth_yoy_pct_annual,2025,annual,2.7121998383011,percent per year,observed,WB_WDI,NY.GDP.PCAP.KD.ZG
Fiji,FJI,East Asia & Pacific,Upper middle income,"GNI per capita, PPP (current international $)",gni_per_capita_ppp_current_intl_dollar_annual,2025,annual,15360.0,current international dollars per person,observed,WB_WDI,NY.GNP.PCAP.PP.CD
Fiji,FJI,East Asia & Pacific,Upper middle income,"Inflation, consumer prices (annual %)",inflation_consumer_prices_yoy_pct_annual_wdi,2025,annual,-1.38326833934224,percent per year,observed,WB_WDI,FP.CPI.TOTL.ZG
Fiji,FJI,East Asia & Pacific,Upper middle income,"Life expectancy at birth, total (years)",life_expectancy_years_annual,2024,annual,67.463,years,observed,WB_WDI,SP.DYN.LE00.IN
Fiji,FJI,East Asia & Pacific,Upper middle income,"Nominal GDP growth, year over year (annual)",gdp_nominal_growth_yoy_pct_annual_lcu,2025,annual,5.258995856839888,percent per year,derived,WB_WDI,calculated:NY.GDP.MKTP.CN:year_over_year
Fiji,FJI,East Asia & Pacific,Upper middle income,"Nominal GDP per-capita growth, year over year (annual)",gdp_per_capita_nominal_growth_yoy_pct_annual_lcu,2025,annual,4.7660634878047725,percent per year,derived,WB_WDI,calculated:NY.GDP.PCAP.CN:year_over_year
Fiji,FJI,East Asia & Pacific,Upper middle income,"Population, total",population_total_annual,2025,annual,933154.0,people,observed,WB_WDI,SP.POP.TOTL
Fiji,FJI,East Asia & Pacific,Upper middle income,Poverty headcount ratio at $3.00 a day (2021 PPP) (% of population),poverty_headcount_at_3usd_2021_ppp_pct_annual,2019,annual,4.7,percent of population,observed,WB_WDI,SI.POV.DDAY
Fiji,FJI,East Asia & Pacific,Upper middle income,"Unemployment, total (% of total labor force) (modeled ILO estimate)",unemployment_rate_ilo_modeled_pct_annual,2025,annual,5.347,percent of labor force,observed,WB_WDI,SL.UEM.TOTL.ZS
France,FRA,Europe & Central Asia,High income,Consumer price index (2010 = 100),cpi_index_annual_wdi,2025,annual,127.70064579704,index points (2010=100),observed,WB_WDI,FP.CPI.TOTL
France,FRA,Europe & Central Asia,High income,GDP (constant 2015 US$),gdp_real_constant_2015_usd_annual,2025,annual,2743239233772.68,constant 2015 US dollars,observed,WB_WDI,NY.GDP.MKTP.KD
France,FRA,Europe & Central Asia,High income,GDP (constant LCU),gdp_real_constant_lcu_annual,2025,annual,2634479700000.0,constant local currency units (source base year varies),observed,WB_WDI,NY.GDP.MKTP.KN
France,FRA,Europe & Central Asia,High income,GDP (current LCU),gdp_nominal_current_lcu_annual,2025,annual,2979085100000.0,current local currency units,observed,WB_WDI,NY.GDP.MKTP.CN
France,FRA,Europe & Central Asia,High income,GDP (current US$),gdp_nominal_current_usd_annual,2025,annual,3366315927447.33,current US dollars,observed,WB_WDI,NY.GDP.MKTP.CD
France,FRA,Europe & Central Asia,High income,GDP growth (annual %),gdp_real_growth_yoy_pct_annual,2025,annual,0.840949955479587,percent per year,observed,WB_WDI,NY.GDP.MKTP.KD.ZG
France,FRA,Europe & Central Asia,High income,GDP per capita (constant 2015 US$),gdp_per_capita_real_2015_usd_annual,2025,annual,39918.8850568745,constant 2015 US dollars per person,observed,WB_WDI,NY.GDP.PCAP.KD
France,FRA,Europe & Central Asia,High income,GDP per capita (constant LCU),gdp_per_capita_real_lcu_annual,2025,annual,38336.2453533952,constant local currency units per person (source base year varies),observed,WB_WDI,NY.GDP.PCAP.KN
France,FRA,Europe & Central Asia,High income,GDP per capita (current LCU),gdp_per_capita_nominal_lcu_annual,2025,annual,43350.8511461462,current local currency units per person,observed,WB_WDI,NY.GDP.PCAP.CN
France,FRA,Europe & Central Asia,High income,GDP per capita (current US$),gdp_per_capita_nominal_usd_annual,2025,annual,48985.7307807924,current US dollars per person,observed,WB_WDI,NY.GDP.PCAP.CD
France,FRA,Europe & Central Asia,High income,GDP per capita growth (annual %),gdp_per_capita_real_growth_yoy_pct_annual,2025,annual,0.593421268268841,percent per year,observed,WB_WDI,NY.GDP.PCAP.KD.ZG
France,FRA,Europe & Central Asia,High income,"GNI per capita, PPP (current international $)",gni_per_capita_ppp_current_intl_dollar_annual,2025,annual,65110.0,current international dollars per person,observed,WB_WDI,NY.GNP.PCAP.PP.CD
France,FRA,Europe & Central Asia,High income,"Inflation, consumer prices (annual %)",inflation_consumer_prices_yoy_pct_annual_wdi,2025,annual,0.943770212469976,percent per year,observed,WB_WDI,FP.CPI.TOTL.ZG
France,FRA,Europe & Central Asia,High income,"Life expectancy at birth, total (years)",life_expectancy_years_annual,2024,annual,82.9804878048781,years,observed,WB_WDI,SP.DYN.LE00.IN
France,FRA,Europe & Central Asia,High income,"Nominal GDP growth, year over year (annual)",gdp_nominal_growth_yoy_pct_annual_lcu,2025,annual,2.0269598968101654,percent per year,derived,WB_WDI,calculated:NY.GDP.MKTP.CN:year_over_year
France,FRA,Europe & Central Asia,High income,"Nominal GDP per-capita growth, year over year (annual)",gdp_per_capita_nominal_growth_yoy_pct_annual_lcu,2025,annual,1.7765199767727724,percent per year,derived,WB_WDI,calculated:NY.GDP.PCAP.CN:year_over_year
France,FRA,Europe & Central Asia,High income,"Population, total",population_total_annual,2025,annual,68720337.0,people,observed,WB_WDI,SP.POP.TOTL
France,FRA,Europe & Central Asia,High income,Poverty headcount ratio at $3.00 a day (2021 PPP) (% of population),poverty_headcount_at_3usd_2021_ppp_pct_annual,2023,annual,0.1,percent of population,observed,WB_WDI,SI.POV.DDAY
France,FRA,Europe & Central Asia,High income,"Unemployment, total (% of total labor force) (modeled ILO estimate)",unemployment_rate_ilo_modeled_pct_annual,2025,annual,7.542,percent of labor force,observed,WB_WDI,SL.UEM.TOTL.ZS
Faroe Islands,FRO,Europe & Central Asia,High income,GDP (constant 2015 US$),gdp_real_constant_2015_usd_annual,2024,annual,3240267282.45612,constant 2015 US dollars,observed,WB_WDI,NY.GDP.MKTP.KD
Faroe Islands,FRO,Europe & Central Asia,High income,GDP (constant LCU),gdp_real_constant_lcu_annual,2024,annual,20629700000.0,constant local currency units (source base year varies),observed,WB_WDI,NY.GDP.MKTP.KN
Faroe Islands,FRO,Europe & Central Asia,High income,GDP (current LCU),gdp_nominal_current_lcu_annual,2024,annual,27942900000.0,current local currency units,observed,WB_WDI,NY.GDP.MKTP.CN
Faroe Islands,FRO,Europe & Central Asia,High income,GDP (current US$),gdp_nominal_current_usd_annual,2024,annual,4052937169.76536,current US dollars,observed,WB_WDI,NY.GDP.MKTP.CD
Faroe Islands,FRO,Europe & Central Asia,High income,GDP growth (annual %),gdp_real_growth_yoy_pct_annual,2024,annual,0.843716851362103,percent per year,observed,WB_WDI,NY.GDP.MKTP.KD.ZG
Faroe Islands,FRO,Europe & Central Asia,High income,GDP per capita (constant 2015 US$),gdp_per_capita_real_2015_usd_annual,2024,annual,59302.1098546142,constant 2015 US dollars per person,observed,WB_WDI,NY.GDP.PCAP.KD
Faroe Islands,FRO,Europe & Central Asia,High income,GDP per capita (constant LCU),gdp_per_capita_real_lcu_annual,2024,annual,377556.734992679,constant local currency units per person (source base year varies),observed,WB_WDI,NY.GDP.PCAP.KN
Faroe Islands,FRO,Europe & Central Asia,High income,GDP per capita (current LCU),gdp_per_capita_nominal_lcu_annual,2024,annual,511400.073206442,current local currency units per person,observed,WB_WDI,NY.GDP.PCAP.CN
Faroe Islands,FRO,Europe & Central Asia,High income,GDP per capita (current US$),gdp_per_capita_nominal_usd_annual,2024,annual,74175.2776311377,current US dollars per person,observed,WB_WDI,NY.GDP.PCAP.CD
Faroe Islands,FRO,Europe & Central Asia,High income,GDP per capita growth (annual %),gdp_per_capita_real_growth_yoy_pct_annual,2024,annual,0.397081062964816,percent per year,observed,WB_WDI,NY.GDP.PCAP.KD.ZG
Faroe Islands,FRO,Europe & Central Asia,High income,"GNI per capita, PPP (current international $)",gni_per_capita_ppp_current_intl_dollar_annual,2024,annual,83480.0,current international dollars per person,observed,WB_WDI,NY.GNP.PCAP.PP.CD
Faroe Islands,FRO,Europe & Central Asia,High income,"Life expectancy at birth, total (years)",life_expectancy_years_annual,2024,annual,83.0832463414634,years,observed,WB_WDI,SP.DYN.LE00.IN
Faroe Islands,FRO,Europe & Central Asia,High income,"Nominal GDP growth, year over year (annual)",gdp_nominal_growth_yoy_pct_annual_lcu,2024,annual,2.856038576213793,percent per year,derived,WB_WDI,calculated:NY.GDP.MKTP.CN:year_over_year
Faroe Islands,FRO,Europe & Central Asia,High income,"Nominal GDP per-capita growth, year over year (annual)",gdp_per_capita_nominal_growth_yoy_pct_annual_lcu,2024,annual,2.400490235521091,percent per year,derived,WB_WDI,calculated:NY.GDP.PCAP.CN:year_over_year
Faroe Islands,FRO,Europe & Central Asia,High income,"Population, total",population_total_annual,2025,annual,54900.0,people,observed,WB_WDI,SP.POP.TOTL
"Micronesia, Fed. Sts.",FSM,East Asia & Pacific,Upper middle income,Consumer price index (2010 = 100),cpi_index_annual_wdi,2022,annual,126.9135800956,index points (2010=100),observed,WB_WDI,FP.CPI.TOTL
"Micronesia, Fed. Sts.",FSM,East Asia & Pacific,Upper middle income,GDP (constant 2015 US$),gdp_real_constant_2015_usd_annual,2025,annual,343292813.445378,constant 2015 US dollars,observed,WB_WDI,NY.GDP.MKTP.KD
"Micronesia, Fed. Sts.",FSM,East Asia & Pacific,Upper middle income,GDP (constant LCU),gdp_real_constant_lcu_annual,2025,annual,261870800.0,constant local currency units (source base year varies),observed,WB_WDI,NY.GDP.MKTP.KN
"Micronesia, Fed. Sts.",FSM,East Asia & Pacific,Upper middle income,GDP (current LCU),gdp_nominal_current_lcu_annual,2025,annual,501797600.0,current local currency units,observed,WB_WDI,NY.GDP.MKTP.CN
"Micronesia, Fed. Sts.",FSM,East Asia & Pacific,Upper middle income,GDP (current US$),gdp_nominal_current_usd_annual,2025,annual,501797600.0,current US dollars,observed,WB_WDI,NY.GDP.MKTP.CD
"Micronesia, Fed. Sts.",FSM,East Asia & Pacific,Upper middle income,GDP growth (annual %),gdp_real_growth_yoy_pct_annual,2025,annual,1.0626071425539,percent per year,observed,WB_WDI,NY.GDP.MKTP.KD.ZG
"Micronesia, Fed. Sts.",FSM,East Asia & Pacific,Upper middle income,GDP per capita (constant 2015 US$),gdp_per_capita_real_2015_usd_annual,2025,annual,3019.73745806654,constant 2015 US dollars per person,observed,WB_WDI,NY.GDP.PCAP.KD
"Micronesia, Fed. Sts.",FSM,East Asia & Pacific,Upper middle income,GDP per capita (constant LCU),gdp_per_capita_real_lcu_annual,2025,annual,2303.51767634563,constant local currency units per person (source base year varies),observed,WB_WDI,NY.GDP.PCAP.KN
"Micronesia, Fed. Sts.",FSM,East Asia & Pacific,Upper middle income,GDP per capita (current LCU),gdp_per_capita_nominal_lcu_annual,2025,annual,4414.00737137479,current local currency units per person,observed,WB_WDI,NY.GDP.PCAP.CN
"Micronesia, Fed. Sts.",FSM,East Asia & Pacific,Upper middle income,GDP per capita (current US$),gdp_per_capita_nominal_usd_annual,2025,annual,4414.00737137479,current US dollars per person,observed,WB_WDI,NY.GDP.PCAP.CD
"Micronesia, Fed. Sts.",FSM,East Asia & Pacific,Upper middle income,GDP per capita growth (annual %),gdp_per_capita_real_growth_yoy_pct_annual,2025,annual,0.597667410706975,percent per year,observed,WB_WDI,NY.GDP.PCAP.KD.ZG
"Micronesia, Fed. Sts.",FSM,East Asia & Pacific,Upper middle income,"GNI per capita, PPP (current international $)",gni_per_capita_ppp_current_intl_dollar_annual,2025,annual,5080.0,current international dollars per person,observed,WB_WDI,NY.GNP.PCAP.PP.CD
"Micronesia, Fed. Sts.",FSM,East Asia & Pacific,Upper middle income,"Inflation, consumer prices (annual %)",inflation_consumer_prices_yoy_pct_annual_wdi,2022,annual,5.40874375479067,percent per year,observed,WB_WDI,FP.CPI.TOTL.ZG
"Micronesia, Fed. Sts.",FSM,East Asia & Pacific,Upper middle income,"Life expectancy at birth, total (years)",life_expectancy_years_annual,2024,annual,67.357,years,observed,WB_WDI,SP.DYN.LE00.IN
"Micronesia, Fed. Sts.",FSM,East Asia & Pacific,Upper middle income,"Nominal GDP growth, year over year (annual)",gdp_nominal_growth_yoy_pct_annual_lcu,2025,annual,4.297523306492557,percent per year,derived,WB_WDI,calculated:NY.GDP.MKTP.CN:year_over_year
"Micronesia, Fed. Sts.",FSM,East Asia & Pacific,Upper middle income,"Nominal GDP per-capita growth, year over year (annual)",gdp_per_capita_nominal_growth_yoy_pct_annual_lcu,2025,annual,3.8177013041764463,percent per year,derived,WB_WDI,calculated:NY.GDP.PCAP.CN:year_over_year
"Micronesia, Fed. Sts.",FSM,East Asia & Pacific,Upper middle income,"Population, total",population_total_annual,2025,annual,113683.0,people,observed,WB_WDI,SP.POP.TOTL
"Micronesia, Fed. Sts.",FSM,East Asia & Pacific,Upper middle income,Poverty headcount ratio at $3.00 a day (2021 PPP) (% of population),poverty_headcount_at_3usd_2021_ppp_pct_annual,2013,annual,26.1,percent of population,observed,WB_WDI,SI.POV.DDAY
Gabon,GAB,Sub-Saharan Africa,Upper middle income,Consumer price index (2010 = 100),cpi_index_annual_wdi,2025,annual,139.725008923804,index points (2010=100),observed,WB_WDI,FP.CPI.TOTL
Gabon,GAB,Sub-Saharan Africa,Upper middle income,GDP (constant 2015 US$),gdp_real_constant_2015_usd_annual,2025,annual,17220864511.3862,constant 2015 US dollars,observed,WB_WDI,NY.GDP.MKTP.KD
Gabon,GAB,Sub-Saharan Africa,Upper middle income,GDP (constant LCU),gdp_real_constant_lcu_annual,2025,annual,6402017000000.0,constant local currency units (source base year varies),observed,WB_WDI,NY.GDP.MKTP.KN
Gabon,GAB,Sub-Saharan Africa,Upper middle income,GDP (current LCU),gdp_nominal_current_lcu_annual,2025,annual,12469051000000.0,current local currency units,observed,WB_WDI,NY.GDP.MKTP.CN
Gabon,GAB,Sub-Saharan Africa,Upper middle income,GDP (current US$),gdp_nominal_current_usd_annual,2025,annual,21427119323.2764,current US dollars,observed,WB_WDI,NY.GDP.MKTP.CD
Gabon,GAB,Sub-Saharan Africa,Upper middle income,GDP growth (annual %),gdp_real_growth_yoy_pct_annual,2025,annual,2.47287961498321,percent per year,observed,WB_WDI,NY.GDP.MKTP.KD.ZG
Gabon,GAB,Sub-Saharan Africa,Upper middle income,GDP per capita (constant 2015 US$),gdp_per_capita_real_2015_usd_annual,2025,annual,6640.95687890165,constant 2015 US dollars per person,observed,WB_WDI,NY.GDP.PCAP.KD
Gabon,GAB,Sub-Saharan Africa,Upper middle income,GDP per capita (constant LCU),gdp_per_capita_real_lcu_annual,2025,annual,2468837.65950801,constant local currency units per person (source base year varies),observed,WB_WDI,NY.GDP.PCAP.KN
Gabon,GAB,Sub-Saharan Africa,Upper middle income,GDP per capita (current LCU),gdp_per_capita_nominal_lcu_annual,2025,annual,4808494.36781033,current local currency units per person,observed,WB_WDI,NY.GDP.PCAP.CN
Gabon,GAB,Sub-Saharan Africa,Upper middle income,GDP per capita (current US$),gdp_per_capita_nominal_usd_annual,2025,annual,8263.03321595,current US dollars per person,observed,WB_WDI,NY.GDP.PCAP.CD
Gabon,GAB,Sub-Saharan Africa,Upper middle income,GDP per capita growth (annual %),gdp_per_capita_real_growth_yoy_pct_annual,2025,annual,0.331924216765373,percent per year,observed,WB_WDI,NY.GDP.PCAP.KD.ZG
Gabon,GAB,Sub-Saharan Africa,Upper middle income,"GNI per capita, PPP (current international $)",gni_per_capita_ppp_current_intl_dollar_annual,2025,annual,21660.0,current international dollars per person,observed,WB_WDI,NY.GNP.PCAP.PP.CD
Gabon,GAB,Sub-Saharan Africa,Upper middle income,"Inflation, consumer prices (annual %)",inflation_consumer_prices_yoy_pct_annual_wdi,2025,annual,1.76766609003481,percent per year,observed,WB_WDI,FP.CPI.TOTL.ZG
Gabon,GAB,Sub-Saharan Africa,Upper middle income,"Life expectancy at birth, total (years)",life_expectancy_years_annual,2024,annual,68.511,years,observed,WB_WDI,SP.DYN.LE00.IN
Gabon,GAB,Sub-Saharan Africa,Upper middle income,"Nominal GDP growth, year over year (annual)",gdp_nominal_growth_yoy_pct_annual_lcu,2025,annual,-1.586022099447515,percent per year,derived,WB_WDI,calculated:NY.GDP.MKTP.CN:year_over_year
Gabon,GAB,Sub-Saharan Africa,Upper middle income,"Nominal GDP per-capita growth, year over year (annual)",gdp_per_capita_nominal_growth_yoy_pct_annual_lcu,2025,annual,-3.6421752790783857,percent per year,derived,WB_WDI,calculated:NY.GDP.PCAP.CN:year_over_year
Gabon,GAB,Sub-Saharan Africa,Upper middle income,"Population, total",population_total_annual,2025,annual,2593130.0,people,observed,WB_WDI,SP.POP.TOTL
Gabon,GAB,Sub-Saharan Africa,Upper middle income,Poverty headcount ratio at $3.00 a day (2021 PPP) (% of population),poverty_headcount_at_3usd_2021_ppp_pct_annual,2017,annual,3.8,percent of population,observed,WB_WDI,SI.POV.DDAY
Gabon,GAB,Sub-Saharan Africa,Upper middle income,"Unemployment, total (% of total labor force) (modeled ILO estimate)",unemployment_rate_ilo_modeled_pct_annual,2025,annual,20.154,percent of labor force,observed,WB_WDI,SL.UEM.TOTL.ZS
United Kingdom,GBR,Europe & Central Asia,High income,Consumer price index (2010 = 100),cpi_index_annual_wdi,2025,annual,153.134825226558,index points (2010=100),observed,WB_WDI,FP.CPI.TOTL
United Kingdom,GBR,Europe & Central Asia,High income,GDP (constant 2015 US$),gdp_real_constant_2015_usd_annual,2025,annual,3364704178220.16,constant 2015 US dollars,observed,WB_WDI,NY.GDP.MKTP.KD
United Kingdom,GBR,Europe & Central Asia,High income,GDP (constant LCU),gdp_real_constant_lcu_annual,2025,annual,2491982934000.0,constant local currency units (source base year varies),observed,WB_WDI,NY.GDP.MKTP.KN
United Kingdom,GBR,Europe & Central Asia,High income,GDP (current LCU),gdp_nominal_current_lcu_annual,2025,annual,3039861000000.0,current local currency units,observed,WB_WDI,NY.GDP.MKTP.CN
United Kingdom,GBR,Europe & Central Asia,High income,GDP (current US$),gdp_nominal_current_usd_annual,2025,annual,4002587541846.01,current US dollars,observed,WB_WDI,NY.GDP.MKTP.CD
United Kingdom,GBR,Europe & Central Asia,High income,GDP growth (annual %),gdp_real_growth_yoy_pct_annual,2025,annual,1.38844207858726,percent per year,observed,WB_WDI,NY.GDP.MKTP.KD.ZG
United Kingdom,GBR,Europe & Central Asia,High income,GDP per capita (constant 2015 US$),gdp_per_capita_real_2015_usd_annual,2025,annual,48422.0671236369,constant 2015 US dollars per person,observed,WB_WDI,NY.GDP.PCAP.KD
United Kingdom,GBR,Europe & Central Asia,High income,GDP per capita (constant LCU),gdp_per_capita_real_lcu_annual,2025,annual,35862.5776620087,constant local currency units per person (source base year varies),observed,WB_WDI,NY.GDP.PCAP.KN
United Kingdom,GBR,Europe & Central Asia,High income,GDP per capita (current LCU),gdp_per_capita_nominal_lcu_annual,2025,annual,43747.1901218933,current local currency units per person,observed,WB_WDI,NY.GDP.PCAP.CN
United Kingdom,GBR,Europe & Central Asia,High income,GDP per capita (current US$),gdp_per_capita_nominal_usd_annual,2025,annual,57601.9621201954,current US dollars per person,observed,WB_WDI,NY.GDP.PCAP.CD
United Kingdom,GBR,Europe & Central Asia,High income,GDP per capita growth (annual %),gdp_per_capita_real_growth_yoy_pct_annual,2025,annual,1.08786759604824,percent per year,observed,WB_WDI,NY.GDP.PCAP.KD.ZG
United Kingdom,GBR,Europe & Central Asia,High income,"GNI per capita, PPP (current international $)",gni_per_capita_ppp_current_intl_dollar_annual,2025,annual,64210.0,current international dollars per person,observed,WB_WDI,NY.GNP.PCAP.PP.CD
United Kingdom,GBR,Europe & Central Asia,High income,"Inflation, consumer prices (annual %)",inflation_consumer_prices_yoy_pct_annual_wdi,2025,annual,3.88306881626,percent per year,observed,WB_WDI,FP.CPI.TOTL.ZG
United Kingdom,GBR,Europe & Central Asia,High income,"Life expectancy at birth, total (years)",life_expectancy_years_annual,2024,annual,81.3868536585366,years,observed,WB_WDI,SP.DYN.LE00.IN
United Kingdom,GBR,Europe & Central Asia,High income,"Nominal GDP growth, year over year (annual)",gdp_nominal_growth_yoy_pct_annual_lcu,2025,annual,5.132971622483429,percent per year,derived,WB_WDI,calculated:NY.GDP.MKTP.CN:year_over_year
United Kingdom,GBR,Europe & Central Asia,High income,"Nominal GDP per-capita growth, year over year (annual)",gdp_per_capita_nominal_growth_yoy_pct_annual_lcu,2025,annual,4.821296170179612,percent per year,derived,WB_WDI,calculated:NY.GDP.PCAP.CN:year_over_year
United Kingdom,GBR,Europe & Central Asia,High income,"Population, total",population_total_annual,2025,annual,69487000.0,people,observed,WB_WDI,SP.POP.TOTL
United Kingdom,GBR,Europe & Central Asia,High income,Poverty headcount ratio at $3.00 a day (2021 PPP) (% of population),poverty_headcount_at_3usd_2021_ppp_pct_annual,2021,annual,0.4,percent of population,observed,WB_WDI,SI.POV.DDAY
United Kingdom,GBR,Europe & Central Asia,High income,"Unemployment, total (% of total labor force) (modeled ILO estimate)",unemployment_rate_ilo_modeled_pct_annual,2025,annual,4.746,percent of labor force,observed,WB_WDI,SL.UEM.TOTL.ZS
Georgia,GEO,Europe & Central Asia,Upper middle income,Consumer price index (2010 = 100),cpi_index_annual_wdi,2025,annual,185.492791666667,index points (2010=100),observed,WB_WDI,FP.CPI.TOTL
Georgia,GEO,Europe & Central Asia,Upper middle income,GDP (constant 2015 US$),gdp_real_constant_2015_usd_annual,2025,annual,27066204097.3435,constant 2015 US dollars,observed,WB_WDI,NY.GDP.MKTP.KD
Georgia,GEO,Europe & Central Asia,Upper middle income,GDP (constant LCU),gdp_real_constant_lcu_annual,2025,annual,72708506600.0,constant local currency units (source base year varies),observed,WB_WDI,NY.GDP.MKTP.KN
Georgia,GEO,Europe & Central Asia,Upper middle income,GDP (current LCU),gdp_nominal_current_lcu_annual,2025,annual,104598139900.0,current local currency units,observed,WB_WDI,NY.GDP.MKTP.CN
Georgia,GEO,Europe & Central Asia,Upper middle income,GDP (current US$),gdp_nominal_current_usd_annual,2025,annual,38143612855.1367,current US dollars,observed,WB_WDI,NY.GDP.MKTP.CD
Georgia,GEO,Europe & Central Asia,Upper middle income,GDP growth (annual %),gdp_real_growth_yoy_pct_annual,2025,annual,7.46161504152039,percent per year,observed,WB_WDI,NY.GDP.MKTP.KD.ZG
Georgia,GEO,Europe & Central Asia,Upper middle income,GDP per capita (constant 2015 US$),gdp_per_capita_real_2015_usd_annual,2025,annual,6876.98508939391,constant 2015 US dollars per person,observed,WB_WDI,NY.GDP.PCAP.KD
Georgia,GEO,Europe & Central Asia,Upper middle income,GDP per capita (constant LCU),gdp_per_capita_real_lcu_annual,2025,annual,18473.7879741834,constant local currency units per person (source base year varies),observed,WB_WDI,NY.GDP.PCAP.KN
Georgia,GEO,Europe & Central Asia,Upper middle income,GDP per capita (current LCU),gdp_per_capita_nominal_lcu_annual,2025,annual,26576.3106597293,current local currency units per person,observed,WB_WDI,NY.GDP.PCAP.CN
Georgia,GEO,Europe & Central Asia,Upper middle income,GDP per capita (current US$),gdp_per_capita_nominal_usd_annual,2025,annual,9691.53472415196,current US dollars per person,observed,WB_WDI,NY.GDP.PCAP.CD
Georgia,GEO,Europe & Central Asia,Upper middle income,GDP per capita growth (annual %),gdp_per_capita_real_growth_yoy_pct_annual,2025,annual,4.09646855399109,percent per year,observed,WB_WDI,NY.GDP.PCAP.KD.ZG
Georgia,GEO,Europe & Central Asia,Upper middle income,"GNI per capita, PPP (current international $)",gni_per_capita_ppp_current_intl_dollar_annual,2025,annual,27570.0,current international dollars per person,observed,WB_WDI,NY.GNP.PCAP.PP.CD
Georgia,GEO,Europe & Central Asia,Upper middle income,"Inflation, consumer prices (annual %)",inflation_consumer_prices_yoy_pct_annual_wdi,2025,annual,3.8692132193969,percent per year,observed,WB_WDI,FP.CPI.TOTL.ZG
Georgia,GEO,Europe & Central Asia,Upper middle income,"Life expectancy at birth, total (years)",life_expectancy_years_annual,2024,annual,74.657,years,observed,WB_WDI,SP.DYN.LE00.IN
Georgia,GEO,Europe & Central Asia,Upper middle income,"Nominal GDP growth, year over year (annual)",gdp_nominal_growth_yoy_pct_annual_lcu,2025,annual,12.444185613249559,percent per year,derived,WB_WDI,calculated:NY.GDP.MKTP.CN:year_over_year
Georgia,GEO,Europe & Central Asia,Upper middle income,"Nominal GDP per-capita growth, year over year (annual)",gdp_per_capita_nominal_growth_yoy_pct_annual_lcu,2025,annual,8.92301057681182,percent per year,derived,WB_WDI,calculated:NY.GDP.PCAP.CN:year_over_year
Georgia,GEO,Europe & Central Asia,Upper middle income,"Population, total",population_total_annual,2025,annual,3935766.0,people,observed,WB_WDI,SP.POP.TOTL
Georgia,GEO,Europe & Central Asia,Upper middle income,Poverty headcount ratio at $3.00 a day (2021 PPP) (% of population),poverty_headcount_at_3usd_2021_ppp_pct_annual,2024,annual,4.2,percent of population,observed,WB_WDI,SI.POV.DDAY
Georgia,GEO,Europe & Central Asia,Upper middle income,"Unemployment, total (% of total labor force) (modeled ILO estimate)",unemployment_rate_ilo_modeled_pct_annual,2025,annual,12.097,percent of labor force,observed,WB_WDI,SL.UEM.TOTL.ZS
Ghana,GHA,Sub-Saharan Africa,Lower middle income,Consumer price index (2010 = 100),cpi_index_annual_wdi,2025,annual,855.782602934165,index points (2010=100),observed,WB_WDI,FP.CPI.TOTL
Ghana,GHA,Sub-Saharan Africa,Lower middle income,GDP (constant 2015 US$),gdp_real_constant_2015_usd_annual,2025,annual,79265436278.5707,constant 2015 US dollars,observed,WB_WDI,NY.GDP.MKTP.KD
Ghana,GHA,Sub-Saharan Africa,Lower middle income,GDP (constant LCU),gdp_real_constant_lcu_annual,2025,annual,209637639424.593,constant local currency units (source base year varies),observed,WB_WDI,NY.GDP.MKTP.KN
Ghana,GHA,Sub-Saharan Africa,Lower middle income,GDP (current LCU),gdp_nominal_current_lcu_annual,2025,annual,1434114745596.83,current local currency units,observed,WB_WDI,NY.GDP.MKTP.CN
Ghana,GHA,Sub-Saharan Africa,Lower middle income,GDP (current US$),gdp_nominal_current_usd_annual,2025,annual,114209905278.717,current US dollars,observed,WB_WDI,NY.GDP.MKTP.CD
Ghana,GHA,Sub-Saharan Africa,Lower middle income,GDP growth (annual %),gdp_real_growth_yoy_pct_annual,2025,annual,5.95441714756899,percent per year,observed,WB_WDI,NY.GDP.MKTP.KD.ZG
Ghana,GHA,Sub-Saharan Africa,Lower middle income,GDP per capita (constant 2015 US$),gdp_per_capita_real_2015_usd_annual,2025,annual,2260.57555903544,constant 2015 US dollars per person,observed,WB_WDI,NY.GDP.PCAP.KD
Ghana,GHA,Sub-Saharan Africa,Lower middle income,GDP per capita (constant LCU),gdp_per_capita_real_lcu_annual,2025,annual,5978.6679565055,constant local currency units per person (source base year varies),observed,WB_WDI,NY.GDP.PCAP.KN
Ghana,GHA,Sub-Saharan Africa,Lower middle income,GDP per capita (current LCU),gdp_per_capita_nominal_lcu_annual,2025,annual,40899.6013262968,current local currency units per person,observed,WB_WDI,NY.GDP.PCAP.CN
Ghana,GHA,Sub-Saharan Africa,Lower middle income,GDP per capita (current US$),gdp_per_capita_nominal_usd_annual,2025,annual,3257.1588903576,current US dollars per person,observed,WB_WDI,NY.GDP.PCAP.CD
Ghana,GHA,Sub-Saharan Africa,Lower middle income,GDP per capita growth (annual %),gdp_per_capita_real_growth_yoy_pct_annual,2025,annual,4.03001049809495,percent per year,observed,WB_WDI,NY.GDP.PCAP.KD.ZG
Ghana,GHA,Sub-Saharan Africa,Lower middle income,"GNI per capita, PPP (current international $)",gni_per_capita_ppp_current_intl_dollar_annual,2025,annual,8080.0,current international dollars per person,observed,WB_WDI,NY.GNP.PCAP.PP.CD
Ghana,GHA,Sub-Saharan Africa,Lower middle income,"Inflation, consumer prices (annual %)",inflation_consumer_prices_yoy_pct_annual_wdi,2025,annual,14.2046755548989,percent per year,observed,WB_WDI,FP.CPI.TOTL.ZG
Ghana,GHA,Sub-Saharan Africa,Lower middle income,"Life expectancy at birth, total (years)",life_expectancy_years_annual,2024,annual,65.695,years,observed,WB_WDI,SP.DYN.LE00.IN
Ghana,GHA,Sub-Saharan Africa,Lower middle income,"Nominal GDP growth, year over year (annual)",gdp_nominal_growth_yoy_pct_annual_lcu,2025,annual,21.24751617040379,percent per year,derived,WB_WDI,calculated:NY.GDP.MKTP.CN:year_over_year
Ghana,GHA,Sub-Saharan Africa,Lower middle income,"Nominal GDP per-capita growth, year over year (annual)",gdp_per_capita_nominal_growth_yoy_pct_annual_lcu,2025,annual,19.045347231797226,percent per year,derived,WB_WDI,calculated:NY.GDP.PCAP.CN:year_over_year
Ghana,GHA,Sub-Saharan Africa,Lower middle income,"Population, total",population_total_annual,2025,annual,35064272.0,people,observed,WB_WDI,SP.POP.TOTL
Ghana,GHA,Sub-Saharan Africa,Lower middle income,Poverty headcount ratio at $3.00 a day (2021 PPP) (% of population),poverty_headcount_at_3usd_2021_ppp_pct_annual,2016,annual,39.0,percent of population,observed,WB_WDI,SI.POV.DDAY
Ghana,GHA,Sub-Saharan Africa,Lower middle income,"Unemployment, total (% of total labor force) (modeled ILO estimate)",unemployment_rate_ilo_modeled_pct_annual,2025,annual,2.979,percent of labor force,observed,WB_WDI,SL.UEM.TOTL.ZS
Gibraltar,GIB,Europe & Central Asia,High income,"Life expectancy at birth, total (years)",life_expectancy_years_annual,2024,annual,83.63,years,observed,WB_WDI,SP.DYN.LE00.IN
Gibraltar,GIB,Europe & Central Asia,High income,"Population, total",population_total_annual,2025,annual,40126.0,people,observed,WB_WDI,SP.POP.TOTL
Guinea,GIN,Sub-Saharan Africa,Lower middle income,Consumer price index (2010 = 100),cpi_index_annual_wdi,2025,annual,436.583430246309,index points (2010=100),observed,WB_WDI,FP.CPI.TOTL
Guinea,GIN,Sub-Saharan Africa,Lower middle income,GDP (constant 2015 US$),gdp_real_constant_2015_usd_annual,2025,annual,16581617762.5156,constant 2015 US dollars,observed,WB_WDI,NY.GDP.MKTP.KD
Guinea,GIN,Sub-Saharan Africa,Lower middle income,GDP (constant LCU),gdp_real_constant_lcu_annual,2025,annual,92628889057560.0,constant local currency units (source base year varies),observed,WB_WDI,NY.GDP.MKTP.KN
Guinea,GIN,Sub-Saharan Africa,Lower middle income,GDP (current LCU),gdp_nominal_current_lcu_annual,2025,annual,244852961818940.0,current local currency units,observed,WB_WDI,NY.GDP.MKTP.CN
Guinea,GIN,Sub-Saharan Africa,Lower middle income,GDP (current US$),gdp_nominal_current_usd_annual,2025,annual,28346024753.2924,current US dollars,observed,WB_WDI,NY.GDP.MKTP.CD
Guinea,GIN,Sub-Saharan Africa,Lower middle income,GDP growth (annual %),gdp_real_growth_yoy_pct_annual,2025,annual,7.44709668357611,percent per year,observed,WB_WDI,NY.GDP.MKTP.KD.ZG
Guinea,GIN,Sub-Saharan Africa,Lower middle income,GDP per capita (constant 2015 US$),gdp_per_capita_real_2015_usd_annual,2025,annual,1098.14023541721,constant 2015 US dollars per person,observed,WB_WDI,NY.GDP.PCAP.KD
Guinea,GIN,Sub-Saharan Africa,Lower middle income,GDP per capita (constant LCU),gdp_per_capita_real_lcu_annual,2025,annual,6134474.42179319,constant local currency units per person (source base year varies),observed,WB_WDI,NY.GDP.PCAP.KN
Guinea,GIN,Sub-Saharan Africa,Lower middle income,GDP per capita (current LCU),gdp_per_capita_nominal_lcu_annual,2025,annual,16215721.1066756,current local currency units per person,observed,WB_WDI,NY.GDP.PCAP.CN
Guinea,GIN,Sub-Saharan Africa,Lower middle income,GDP per capita (current US$),gdp_per_capita_nominal_usd_annual,2025,annual,1877.2541220972,current US dollars per person,observed,WB_WDI,NY.GDP.PCAP.CD
Guinea,GIN,Sub-Saharan Africa,Lower middle income,GDP per capita growth (annual %),gdp_per_capita_real_growth_yoy_pct_annual,2025,annual,4.9925479076793,percent per year,observed,WB_WDI,NY.GDP.PCAP.KD.ZG
Guinea,GIN,Sub-Saharan Africa,Lower middle income,"GNI per capita, PPP (current international $)",gni_per_capita_ppp_current_intl_dollar_annual,2025,annual,4730.0,current international dollars per person,observed,WB_WDI,NY.GNP.PCAP.PP.CD
Guinea,GIN,Sub-Saharan Africa,Lower middle income,"Inflation, consumer prices (annual %)",inflation_consumer_prices_yoy_pct_annual_wdi,2025,annual,3.54630163142885,percent per year,observed,WB_WDI,FP.CPI.TOTL.ZG
Guinea,GIN,Sub-Saharan Africa,Lower middle income,"Life expectancy at birth, total (years)",life_expectancy_years_annual,2024,annual,60.904,years,observed,WB_WDI,SP.DYN.LE00.IN
Guinea,GIN,Sub-Saharan Africa,Lower middle income,"Nominal GDP growth, year over year (annual)",gdp_nominal_growth_yoy_pct_annual_lcu,2025,annual,14.098823036699383,percent per year,derived,WB_WDI,calculated:NY.GDP.MKTP.CN:year_over_year
Guinea,GIN,Sub-Saharan Africa,Lower middle income,"Nominal GDP per-capita growth, year over year (annual)",gdp_per_capita_nominal_growth_yoy_pct_annual_lcu,2025,annual,11.492320533976685,percent per year,derived,WB_WDI,calculated:NY.GDP.PCAP.CN:year_over_year
Guinea,GIN,Sub-Saharan Africa,Lower middle income,"Population, total",population_total_annual,2025,annual,15099727.0,people,observed,WB_WDI,SP.POP.TOTL
Guinea,GIN,Sub-Saharan Africa,Lower middle income,Poverty headcount ratio at $3.00 a day (2021 PPP) (% of population),poverty_headcount_at_3usd_2021_ppp_pct_annual,2018,annual,11.7,percent of population,observed,WB_WDI,SI.POV.DDAY
Guinea,GIN,Sub-Saharan Africa,Lower middle income,"Unemployment, total (% of total labor force) (modeled ILO estimate)",unemployment_rate_ilo_modeled_pct_annual,2025,annual,5.163,percent of labor force,observed,WB_WDI,SL.UEM.TOTL.ZS
"Gambia, The",GMB,Sub-Saharan Africa,Low income,Consumer price index (2010 = 100),cpi_index_annual_wdi,2024,annual,285.894721181442,index points (2010=100),observed,WB_WDI,FP.CPI.TOTL
"Gambia, The",GMB,Sub-Saharan Africa,Low income,GDP (constant 2015 US$),gdp_real_constant_2015_usd_annual,2025,annual,2218181510.8707,constant 2015 US dollars,observed,WB_WDI,NY.GDP.MKTP.KD
"Gambia, The",GMB,Sub-Saharan Africa,Low income,GDP (constant LCU),gdp_real_constant_lcu_annual,2025,annual,81676680200.0,constant local currency units (source base year varies),observed,WB_WDI,NY.GDP.MKTP.KN
"Gambia, The",GMB,Sub-Saharan Africa,Low income,GDP (current LCU),gdp_nominal_current_lcu_annual,2025,annual,186078808800.0,current local currency units,observed,WB_WDI,NY.GDP.MKTP.CN
"Gambia, The",GMB,Sub-Saharan Africa,Low income,GDP (current US$),gdp_nominal_current_usd_annual,2025,annual,2593673987.53306,current US dollars,observed,WB_WDI,NY.GDP.MKTP.CD
"Gambia, The",GMB,Sub-Saharan Africa,Low income,GDP growth (annual %),gdp_real_growth_yoy_pct_annual,2025,annual,5.89309208233146,percent per year,observed,WB_WDI,NY.GDP.MKTP.KD.ZG
"Gambia, The",GMB,Sub-Saharan Africa,Low income,GDP per capita (constant 2015 US$),gdp_per_capita_real_2015_usd_annual,2025,annual,786.0058158504,constant 2015 US dollars per person,observed,WB_WDI,NY.GDP.PCAP.KD
"Gambia, The",GMB,Sub-Saharan Africa,Low income,GDP per capita (constant LCU),gdp_per_capita_real_lcu_annual,2025,annual,28941.8811499125,constant local currency units per person (source base year varies),observed,WB_WDI,NY.GDP.PCAP.KN
"Gambia, The",GMB,Sub-Saharan Africa,Low income,GDP per capita (current LCU),gdp_per_capita_nominal_lcu_annual,2025,annual,65936.4552479312,current local currency units per person,observed,WB_WDI,NY.GDP.PCAP.CN
"Gambia, The",GMB,Sub-Saharan Africa,Low income,GDP per capita (current US$),gdp_per_capita_nominal_usd_annual,2025,annual,919.060423427951,current US dollars per person,observed,WB_WDI,NY.GDP.PCAP.CD
"Gambia, The",GMB,Sub-Saharan Africa,Low income,GDP per capita growth (annual %),gdp_per_capita_real_growth_yoy_pct_annual,2025,annual,3.56273284761694,percent per year,observed,WB_WDI,NY.GDP.PCAP.KD.ZG
"Gambia, The",GMB,Sub-Saharan Africa,Low income,"GNI per capita, PPP (current international $)",gni_per_capita_ppp_current_intl_dollar_annual,2025,annual,3660.0,current international dollars per person,observed,WB_WDI,NY.GNP.PCAP.PP.CD
"Gambia, The",GMB,Sub-Saharan Africa,Low income,"Inflation, consumer prices (annual %)",inflation_consumer_prices_yoy_pct_annual_wdi,2024,annual,11.5610532897511,percent per year,observed,WB_WDI,FP.CPI.TOTL.ZG
"Gambia, The",GMB,Sub-Saharan Africa,Low income,"Life expectancy at birth, total (years)",life_expectancy_years_annual,2024,annual,66.057,years,observed,WB_WDI,SP.DYN.LE00.IN
"Gambia, The",GMB,Sub-Saharan Africa,Low income,"Nominal GDP growth, year over year (annual)",gdp_nominal_growth_yoy_pct_annual_lcu,2025,annual,14.246321435997377,percent per year,derived,WB_WDI,calculated:NY.GDP.MKTP.CN:year_over_year
"Gambia, The",GMB,Sub-Saharan Africa,Low income,"Nominal GDP per-capita growth, year over year (annual)",gdp_per_capita_nominal_growth_yoy_pct_annual_lcu,2025,annual,11.73213505277657,percent per year,derived,WB_WDI,calculated:NY.GDP.PCAP.CN:year_over_year
"Gambia, The",GMB,Sub-Saharan Africa,Low income,"Population, total",population_total_annual,2025,annual,2822093.0,people,observed,WB_WDI,SP.POP.TOTL
"Gambia, The",GMB,Sub-Saharan Africa,Low income,Poverty headcount ratio at $3.00 a day (2021 PPP) (% of population),poverty_headcount_at_3usd_2021_ppp_pct_annual,2020,annual,22.0,percent of population,observed,WB_WDI,SI.POV.DDAY
"Gambia, The",GMB,Sub-Saharan Africa,Low income,"Unemployment, total (% of total labor force) (modeled ILO estimate)",unemployment_rate_ilo_modeled_pct_annual,2025,annual,6.521,percent of labor force,observed,WB_WDI,SL.UEM.TOTL.ZS
Guinea-Bissau,GNB,Sub-Saharan Africa,Low income,Consumer price index (2010 = 100),cpi_index_annual_wdi,2025,annual,142.943198452785,index points (2010=100),observed,WB_WDI,FP.CPI.TOTL
Guinea-Bissau,GNB,Sub-Saharan Africa,Low income,GDP (constant 2015 US$),gdp_real_constant_2015_usd_annual,2025,annual,1830722598.28661,constant 2015 US dollars,observed,WB_WDI,NY.GDP.MKTP.KD
Guinea-Bissau,GNB,Sub-Saharan Africa,Low income,GDP (constant LCU),gdp_real_constant_lcu_annual,2025,annual,1082344615900.0,constant local currency units (source base year varies),observed,WB_WDI,NY.GDP.MKTP.KN
Guinea-Bissau,GNB,Sub-Saharan Africa,Low income,GDP (current LCU),gdp_nominal_current_lcu_annual,2025,annual,1471074623800.0,current local currency units,observed,WB_WDI,NY.GDP.MKTP.CN
Guinea-Bissau,GNB,Sub-Saharan Africa,Low income,GDP (current US$),gdp_nominal_current_usd_annual,2025,annual,2527930272.92988,current US dollars,observed,WB_WDI,NY.GDP.MKTP.CD
Guinea-Bissau,GNB,Sub-Saharan Africa,Low income,GDP growth (annual %),gdp_real_growth_yoy_pct_annual,2025,annual,5.81813762310792,percent per year,observed,WB_WDI,NY.GDP.MKTP.KD.ZG
Guinea-Bissau,GNB,Sub-Saharan Africa,Low income,GDP per capita (constant 2015 US$),gdp_per_capita_real_2015_usd_annual,2025,annual,813.829913686556,constant 2015 US dollars per person,observed,WB_WDI,NY.GDP.PCAP.KD
Guinea-Bissau,GNB,Sub-Saharan Africa,Low income,GDP per capita (constant LCU),gdp_per_capita_real_lcu_annual,2025,annual,481145.765153822,constant local currency units per person (source base year varies),observed,WB_WDI,NY.GDP.PCAP.KN
Guinea-Bissau,GNB,Sub-Saharan Africa,Low income,GDP per capita (current LCU),gdp_per_capita_nominal_lcu_annual,2025,annual,653951.906877705,current local currency units per person,observed,WB_WDI,NY.GDP.PCAP.CN
Guinea-Bissau,GNB,Sub-Saharan Africa,Low income,GDP per capita (current US$),gdp_per_capita_nominal_usd_annual,2025,annual,1123.76679992349,current US dollars per person,observed,WB_WDI,NY.GDP.PCAP.CD
Guinea-Bissau,GNB,Sub-Saharan Africa,Low income,GDP per capita growth (annual %),gdp_per_capita_real_growth_yoy_pct_annual,2025,annual,3.55252971991914,percent per year,observed,WB_WDI,NY.GDP.PCAP.KD.ZG
Guinea-Bissau,GNB,Sub-Saharan Africa,Low income,"GNI per capita, PPP (current international $)",gni_per_capita_ppp_current_intl_dollar_annual,2025,annual,3320.0,current international dollars per person,observed,WB_WDI,NY.GNP.PCAP.PP.CD
Guinea-Bissau,GNB,Sub-Saharan Africa,Low income,"Inflation, consumer prices (annual %)",inflation_consumer_prices_yoy_pct_annual_wdi,2025,annual,0.874929691038717,percent per year,observed,WB_WDI,FP.CPI.TOTL.ZG
Guinea-Bissau,GNB,Sub-Saharan Africa,Low income,"Life expectancy at birth, total (years)",life_expectancy_years_annual,2024,annual,64.254,years,observed,WB_WDI,SP.DYN.LE00.IN
Guinea-Bissau,GNB,Sub-Saharan Africa,Low income,"Nominal GDP growth, year over year (annual)",gdp_nominal_growth_yoy_pct_annual_lcu,2025,annual,10.390328111178082,percent per year,derived,WB_WDI,calculated:NY.GDP.MKTP.CN:year_over_year
Guinea-Bissau,GNB,Sub-Saharan Africa,Low income,"Nominal GDP per-capita growth, year over year (annual)",gdp_per_capita_nominal_growth_yoy_pct_annual_lcu,2025,annual,8.026827813194526,percent per year,derived,WB_WDI,calculated:NY.GDP.PCAP.CN:year_over_year
Guinea-Bissau,GNB,Sub-Saharan Africa,Low income,"Population, total",population_total_annual,2025,annual,2249515.0,people,observed,WB_WDI,SP.POP.TOTL
Guinea-Bissau,GNB,Sub-Saharan Africa,Low income,Poverty headcount ratio at $3.00 a day (2021 PPP) (% of population),poverty_headcount_at_3usd_2021_ppp_pct_annual,2021,annual,39.9,percent of population,observed,WB_WDI,SI.POV.DDAY
Guinea-Bissau,GNB,Sub-Saharan Africa,Low income,"Unemployment, total (% of total labor force) (modeled ILO estimate)",unemployment_rate_ilo_modeled_pct_annual,2025,annual,2.673,percent of labor force,observed,WB_WDI,SL.UEM.TOTL.ZS
Equatorial Guinea,GNQ,Sub-Saharan Africa,Upper middle income,Consumer price index (2010 = 100),cpi_index_annual_wdi,2024,annual,144.375,index points (2010=100),observed,WB_WDI,FP.CPI.TOTL
Equatorial Guinea,GNQ,Sub-Saharan Africa,Upper middle income,GDP (constant 2015 US$),gdp_real_constant_2015_usd_annual,2025,annual,8718580207.6518,constant 2015 US dollars,observed,WB_WDI,NY.GDP.MKTP.KD
Equatorial Guinea,GNQ,Sub-Saharan Africa,Upper middle income,GDP (constant LCU),gdp_real_constant_lcu_annual,2025,annual,4412797462200.0,constant local currency units (source base year varies),observed,WB_WDI,NY.GDP.MKTP.KN
Equatorial Guinea,GNQ,Sub-Saharan Africa,Upper middle income,GDP (current LCU),gdp_nominal_current_lcu_annual,2025,annual,7462191364700.0,current local currency units,observed,WB_WDI,NY.GDP.MKTP.CN
Equatorial Guinea,GNQ,Sub-Saharan Africa,Upper middle income,GDP (current US$),gdp_nominal_current_usd_annual,2025,annual,12823210425.9217,current US dollars,observed,WB_WDI,NY.GDP.MKTP.CD
Equatorial Guinea,GNQ,Sub-Saharan Africa,Upper middle income,GDP growth (annual %),gdp_real_growth_yoy_pct_annual,2025,annual,-5.84678505700693,percent per year,observed,WB_WDI,NY.GDP.MKTP.KD.ZG
Equatorial Guinea,GNQ,Sub-Saharan Africa,Upper middle income,GDP per capita (constant 2015 US$),gdp_per_capita_real_2015_usd_annual,2025,annual,4497.75112328053,constant 2015 US dollars per person,observed,WB_WDI,NY.GDP.PCAP.KD
Equatorial Guinea,GNQ,Sub-Saharan Africa,Upper middle income,GDP per capita (constant LCU),gdp_per_capita_real_lcu_annual,2025,annual,2276478.99883978,constant local currency units per person (source base year varies),observed,WB_WDI,NY.GDP.PCAP.KN
Equatorial Guinea,GNQ,Sub-Saharan Africa,Upper middle income,GDP per capita (current LCU),gdp_per_capita_nominal_lcu_annual,2025,annual,3849603.81086559,current local currency units per person,observed,WB_WDI,NY.GDP.PCAP.CN
Equatorial Guinea,GNQ,Sub-Saharan Africa,Upper middle income,GDP per capita (current US$),gdp_per_capita_nominal_usd_annual,2025,annual,6615.25245207167,current US dollars per person,observed,WB_WDI,NY.GDP.PCAP.CD
Equatorial Guinea,GNQ,Sub-Saharan Africa,Upper middle income,GDP per capita growth (annual %),gdp_per_capita_real_growth_yoy_pct_annual,2025,annual,-8.07696238295122,percent per year,observed,WB_WDI,NY.GDP.PCAP.KD.ZG
Equatorial Guinea,GNQ,Sub-Saharan Africa,Upper middle income,"GNI per capita, PPP (current international $)",gni_per_capita_ppp_current_intl_dollar_annual,2025,annual,14610.0,current international dollars per person,observed,WB_WDI,NY.GNP.PCAP.PP.CD
Equatorial Guinea,GNQ,Sub-Saharan Africa,Upper middle income,"Inflation, consumer prices (annual %)",inflation_consumer_prices_yoy_pct_annual_wdi,2024,annual,2.92140227309103,percent per year,observed,WB_WDI,FP.CPI.TOTL.ZG
Equatorial Guinea,GNQ,Sub-Saharan Africa,Upper middle income,"Life expectancy at birth, total (years)",life_expectancy_years_annual,2024,annual,63.906,years,observed,WB_WDI,SP.DYN.LE00.IN
Equatorial Guinea,GNQ,Sub-Saharan Africa,Upper middle income,"Nominal GDP growth, year over year (annual)",gdp_nominal_growth_yoy_pct_annual_lcu,2025,annual,-7.148979825889512,percent per year,derived,WB_WDI,calculated:NY.GDP.MKTP.CN:year_over_year
Equatorial Guinea,GNQ,Sub-Saharan Africa,Upper middle income,"Nominal GDP per-capita growth, year over year (annual)",gdp_per_capita_nominal_growth_yoy_pct_annual_lcu,2025,annual,-9.3483124775518,percent per year,derived,WB_WDI,calculated:NY.GDP.PCAP.CN:year_over_year
Equatorial Guinea,GNQ,Sub-Saharan Africa,Upper middle income,"Population, total",population_total_annual,2025,annual,1938431.0,people,observed,WB_WDI,SP.POP.TOTL
Equatorial Guinea,GNQ,Sub-Saharan Africa,Upper middle income,Poverty headcount ratio at $3.00 a day (2021 PPP) (% of population),poverty_headcount_at_3usd_2021_ppp_pct_annual,2022,annual,8.8,percent of population,observed,WB_WDI,SI.POV.DDAY
Equatorial Guinea,GNQ,Sub-Saharan Africa,Upper middle income,"Unemployment, total (% of total labor force) (modeled ILO estimate)",unemployment_rate_ilo_modeled_pct_annual,2025,annual,8.337,percent of labor force,observed,WB_WDI,SL.UEM.TOTL.ZS
Greece,GRC,Europe & Central Asia,High income,Consumer price index (2010 = 100),cpi_index_annual_wdi,2025,annual,121.727250609581,index points (2010=100),observed,WB_WDI,FP.CPI.TOTL
Greece,GRC,Europe & Central Asia,High income,GDP (constant 2015 US$),gdp_real_constant_2015_usd_annual,2025,annual,228291607840.839,constant 2015 US dollars,observed,WB_WDI,NY.GDP.MKTP.KD
Greece,GRC,Europe & Central Asia,High income,GDP (constant LCU),gdp_real_constant_lcu_annual,2025,annual,204440153000.0,constant local currency units (source base year varies),observed,WB_WDI,NY.GDP.MKTP.KN
Greece,GRC,Europe & Central Asia,High income,GDP (current LCU),gdp_nominal_current_lcu_annual,2025,annual,248353725000.0,current local currency units,observed,WB_WDI,NY.GDP.MKTP.CN
Greece,GRC,Europe & Central Asia,High income,GDP (current US$),gdp_nominal_current_usd_annual,2025,annual,280635521324.441,current US dollars,observed,WB_WDI,NY.GDP.MKTP.CD
Greece,GRC,Europe & Central Asia,High income,GDP growth (annual %),gdp_real_growth_yoy_pct_annual,2025,annual,2.07306882481713,percent per year,observed,WB_WDI,NY.GDP.MKTP.KD.ZG
Greece,GRC,Europe & Central Asia,High income,GDP per capita (constant 2015 US$),gdp_per_capita_real_2015_usd_annual,2025,annual,21921.6862747184,constant 2015 US dollars per person,observed,WB_WDI,NY.GDP.PCAP.KD
Greece,GRC,Europe & Central Asia,High income,GDP per capita (constant LCU),gdp_per_capita_real_lcu_annual,2025,annual,19631.3519292657,constant local currency units per person (source base year varies),observed,WB_WDI,NY.GDP.PCAP.KN
Greece,GRC,Europe & Central Asia,High income,GDP per capita (current LCU),gdp_per_capita_nominal_lcu_annual,2025,annual,23848.1497243796,current local currency units per person,observed,WB_WDI,NY.GDP.PCAP.CN
Greece,GRC,Europe & Central Asia,High income,GDP per capita (current US$),gdp_per_capita_nominal_usd_annual,2025,annual,26948.0070432791,current US dollars per person,observed,WB_WDI,NY.GDP.PCAP.CD
Greece,GRC,Europe & Central Asia,High income,GDP per capita growth (annual %),gdp_per_capita_real_growth_yoy_pct_annual,2025,annual,1.9865406569992,percent per year,observed,WB_WDI,NY.GDP.PCAP.KD.ZG
Greece,GRC,Europe & Central Asia,High income,"GNI per capita, PPP (current international $)",gni_per_capita_ppp_current_intl_dollar_annual,2025,annual,44310.0,current international dollars per person,observed,WB_WDI,NY.GNP.PCAP.PP.CD
Greece,GRC,Europe & Central Asia,High income,"Inflation, consumer prices (annual %)",inflation_consumer_prices_yoy_pct_annual_wdi,2025,annual,2.48209745378857,percent per year,observed,WB_WDI,FP.CPI.TOTL.ZG
Greece,GRC,Europe & Central Asia,High income,"Life expectancy at birth, total (years)",life_expectancy_years_annual,2024,annual,81.8390243902439,years,observed,WB_WDI,SP.DYN.LE00.IN
Greece,GRC,Europe & Central Asia,High income,"Nominal GDP growth, year over year (annual)",gdp_nominal_growth_yoy_pct_annual_lcu,2025,annual,4.907481036477801,percent per year,derived,WB_WDI,calculated:NY.GDP.MKTP.CN:year_over_year
Greece,GRC,Europe & Central Asia,High income,"Nominal GDP per-capita growth, year over year (annual)",gdp_per_capita_nominal_growth_yoy_pct_annual_lcu,2025,annual,4.818550114452735,percent per year,derived,WB_WDI,calculated:NY.GDP.PCAP.CN:year_over_year
Greece,GRC,Europe & Central Asia,High income,"Population, total",population_total_annual,2025,annual,10413962.0,people,observed,WB_WDI,SP.POP.TOTL
Greece,GRC,Europe & Central Asia,High income,Poverty headcount ratio at $3.00 a day (2021 PPP) (% of population),poverty_headcount_at_3usd_2021_ppp_pct_annual,2023,annual,0.6,percent of population,observed,WB_WDI,SI.POV.DDAY
Greece,GRC,Europe & Central Asia,High income,"Unemployment, total (% of total labor force) (modeled ILO estimate)",unemployment_rate_ilo_modeled_pct_annual,2025,annual,8.54,percent of labor force,observed,WB_WDI,SL.UEM.TOTL.ZS
Grenada,GRD,Latin America & Caribbean,Upper middle income,Consumer price index (2010 = 100),cpi_index_annual_wdi,2025,annual,116.329256517541,index points (2010=100),observed,WB_WDI,FP.CPI.TOTL
Grenada,GRD,Latin America & Caribbean,Upper middle income,GDP (constant 2015 US$),gdp_real_constant_2015_usd_annual,2025,annual,1229001313.63051,constant 2015 US dollars,observed,WB_WDI,NY.GDP.MKTP.KD
Grenada,GRD,Latin America & Caribbean,Upper middle income,GDP (constant LCU),gdp_real_constant_lcu_annual,2025,annual,2696053833.813,constant local currency units (source base year varies),observed,WB_WDI,NY.GDP.MKTP.KN
Grenada,GRD,Latin America & Caribbean,Upper middle income,GDP (current LCU),gdp_nominal_current_lcu_annual,2025,annual,3834467717.1376,current local currency units,observed,WB_WDI,NY.GDP.MKTP.CN
Grenada,GRD,Latin America & Caribbean,Upper middle income,GDP (current US$),gdp_nominal_current_usd_annual,2025,annual,1420173228.56948,current US dollars,observed,WB_WDI,NY.GDP.MKTP.CD
Grenada,GRD,Latin America & Caribbean,Upper middle income,GDP growth (annual %),gdp_real_growth_yoy_pct_annual,2025,annual,4.41201,percent per year,observed,WB_WDI,NY.GDP.MKTP.KD.ZG
Grenada,GRD,Latin America & Caribbean,Upper middle income,GDP per capita (constant 2015 US$),gdp_per_capita_real_2015_usd_annual,2025,annual,10477.151595701,constant 2015 US dollars per person,observed,WB_WDI,NY.GDP.PCAP.KD
Grenada,GRD,Latin America & Caribbean,Upper middle income,GDP per capita (constant LCU),gdp_per_capita_real_lcu_annual,2025,annual,22983.6733400936,constant local currency units per person (source base year varies),observed,WB_WDI,NY.GDP.PCAP.KN
Grenada,GRD,Latin America & Caribbean,Upper middle income,GDP per capita (current LCU),gdp_per_capita_nominal_lcu_annual,2025,annual,32688.5733283684,current local currency units per person,observed,WB_WDI,NY.GDP.PCAP.CN
Grenada,GRD,Latin America & Caribbean,Upper middle income,GDP per capita (current US$),gdp_per_capita_nominal_usd_annual,2025,annual,12106.8790105068,current US dollars per person,observed,WB_WDI,NY.GDP.PCAP.CD
Grenada,GRD,Latin America & Caribbean,Upper middle income,GDP per capita growth (annual %),gdp_per_capita_real_growth_yoy_pct_annual,2025,annual,4.32655990102558,percent per year,observed,WB_WDI,NY.GDP.PCAP.KD.ZG
Grenada,GRD,Latin America & Caribbean,Upper middle income,"GNI per capita, PPP (current international $)",gni_per_capita_ppp_current_intl_dollar_annual,2025,annual,20170.0,current international dollars per person,observed,WB_WDI,NY.GNP.PCAP.PP.CD
Grenada,GRD,Latin America & Caribbean,Upper middle income,"Inflation, consumer prices (annual %)",inflation_consumer_prices_yoy_pct_annual_wdi,2025,annual,0.610311975893833,percent per year,observed,WB_WDI,FP.CPI.TOTL.ZG
Grenada,GRD,Latin America & Caribbean,Upper middle income,"Life expectancy at birth, total (years)",life_expectancy_years_annual,2024,annual,75.367,years,observed,WB_WDI,SP.DYN.LE00.IN
Grenada,GRD,Latin America & Caribbean,Upper middle income,"Nominal GDP growth, year over year (annual)",gdp_nominal_growth_yoy_pct_annual_lcu,2025,annual,5.0991170760464,percent per year,derived,WB_WDI,calculated:NY.GDP.MKTP.CN:year_over_year
Grenada,GRD,Latin America & Caribbean,Upper middle income,"Nominal GDP per-capita growth, year over year (annual)",gdp_per_capita_nominal_growth_yoy_pct_annual_lcu,2025,annual,5.013104653181633,percent per year,derived,WB_WDI,calculated:NY.GDP.PCAP.CN:year_over_year
Grenada,GRD,Latin America & Caribbean,Upper middle income,"Population, total",population_total_annual,2025,annual,117303.0,people,observed,WB_WDI,SP.POP.TOTL
Grenada,GRD,Latin America & Caribbean,Upper middle income,Poverty headcount ratio at $3.00 a day (2021 PPP) (% of population),poverty_headcount_at_3usd_2021_ppp_pct_annual,2018,annual,0.8,percent of population,observed,WB_WDI,SI.POV.DDAY
Greenland,GRL,Europe & Central Asia,High income,GDP (constant 2015 US$),gdp_real_constant_2015_usd_annual,2023,annual,2839256686.24476,constant 2015 US dollars,observed,WB_WDI,NY.GDP.MKTP.KD
Greenland,GRL,Europe & Central Asia,High income,GDP (constant LCU),gdp_real_constant_lcu_annual,2023,annual,16260400000.0,constant local currency units (source base year varies),observed,WB_WDI,NY.GDP.MKTP.KN
Greenland,GRL,Europe & Central Asia,High income,GDP (current LCU),gdp_nominal_current_lcu_annual,2023,annual,22918900000.0,current local currency units,observed,WB_WDI,NY.GDP.MKTP.CN
Greenland,GRL,Europe & Central Asia,High income,GDP (current US$),gdp_nominal_current_usd_annual,2023,annual,3326543974.39193,current US dollars,observed,WB_WDI,NY.GDP.MKTP.CD
Greenland,GRL,Europe & Central Asia,High income,GDP growth (annual %),gdp_real_growth_yoy_pct_annual,2023,annual,0.865961986998158,percent per year,observed,WB_WDI,NY.GDP.MKTP.KD.ZG
Greenland,GRL,Europe & Central Asia,High income,GDP per capita (constant 2015 US$),gdp_per_capita_real_2015_usd_annual,2023,annual,49929.7755428605,constant 2015 US dollars per person,observed,WB_WDI,NY.GDP.PCAP.KD
Greenland,GRL,Europe & Central Asia,High income,GDP per capita (constant LCU),gdp_per_capita_real_lcu_annual,2023,annual,285947.419326475,constant local currency units per person (source base year varies),observed,WB_WDI,NY.GDP.PCAP.KN
Greenland,GRL,Europe & Central Asia,High income,GDP per capita (current LCU),gdp_per_capita_nominal_lcu_annual,2023,annual,403040.53459949,current local currency units per person,observed,WB_WDI,NY.GDP.PCAP.CN
Greenland,GRL,Europe & Central Asia,High income,GDP per capita (current US$),gdp_per_capita_nominal_usd_annual,2023,annual,58498.9707973609,current US dollars per person,observed,WB_WDI,NY.GDP.PCAP.CD
Greenland,GRL,Europe & Central Asia,High income,GDP per capita growth (annual %),gdp_per_capita_real_growth_yoy_pct_annual,2023,annual,0.504111002291438,percent per year,observed,WB_WDI,NY.GDP.PCAP.KD.ZG
Greenland,GRL,Europe & Central Asia,High income,"GNI per capita, PPP (current international $)",gni_per_capita_ppp_current_intl_dollar_annual,2007,annual,40270.0,current international dollars per person,observed,WB_WDI,NY.GNP.PCAP.PP.CD
Greenland,GRL,Europe & Central Asia,High income,"Life expectancy at birth, total (years)",life_expectancy_years_annual,2024,annual,70.2734146341463,years,observed,WB_WDI,SP.DYN.LE00.IN
Greenland,GRL,Europe & Central Asia,High income,"Nominal GDP growth, year over year (annual)",gdp_nominal_growth_yoy_pct_annual_lcu,2023,annual,2.745848725029587,percent per year,derived,WB_WDI,calculated:NY.GDP.MKTP.CN:year_over_year
Greenland,GRL,Europe & Central Asia,High income,"Nominal GDP per-capita growth, year over year (annual)",gdp_per_capita_nominal_growth_yoy_pct_annual_lcu,2023,annual,2.3772537520249326,percent per year,derived,WB_WDI,calculated:NY.GDP.PCAP.CN:year_over_year
Greenland,GRL,Europe & Central Asia,High income,"Population, total",population_total_annual,2025,annual,56831.0,people,observed,WB_WDI,SP.POP.TOTL
Guatemala,GTM,Latin America & Caribbean,Upper middle income,Consumer price index (2010 = 100),cpi_index_annual_wdi,2025,annual,182.277644137421,index points (2010=100),observed,WB_WDI,FP.CPI.TOTL
Guatemala,GTM,Latin America & Caribbean,Upper middle income,GDP (constant 2015 US$),gdp_real_constant_2015_usd_annual,2025,annual,87606236290.0643,constant 2015 US dollars,observed,WB_WDI,NY.GDP.MKTP.KD
Guatemala,GTM,Latin America & Caribbean,Upper middle income,GDP (constant LCU),gdp_real_constant_lcu_annual,2025,annual,637729368100.0,constant local currency units (source base year varies),observed,WB_WDI,NY.GDP.MKTP.KN
Guatemala,GTM,Latin America & Caribbean,Upper middle income,GDP (current LCU),gdp_nominal_current_lcu_annual,2025,annual,947005561000.0,current local currency units,observed,WB_WDI,NY.GDP.MKTP.CN
Guatemala,GTM,Latin America & Caribbean,Upper middle income,GDP (current US$),gdp_nominal_current_usd_annual,2025,annual,123306008821.471,current US dollars,observed,WB_WDI,NY.GDP.MKTP.CD
Guatemala,GTM,Latin America & Caribbean,Upper middle income,GDP growth (annual %),gdp_real_growth_yoy_pct_annual,2025,annual,4.28003207921405,percent per year,observed,WB_WDI,NY.GDP.MKTP.KD.ZG
Guatemala,GTM,Latin America & Caribbean,Upper middle income,GDP per capita (constant 2015 US$),gdp_per_capita_real_2015_usd_annual,2025,annual,4687.86355660464,constant 2015 US dollars per person,observed,WB_WDI,NY.GDP.PCAP.KD
Guatemala,GTM,Latin America & Caribbean,Upper middle income,GDP per capita (constant LCU),gdp_per_capita_real_lcu_annual,2025,annual,34125.2905077895,constant local currency units per person (source base year varies),observed,WB_WDI,NY.GDP.PCAP.KN
Guatemala,GTM,Latin America & Caribbean,Upper middle income,GDP per capita (current LCU),gdp_per_capita_nominal_lcu_annual,2025,annual,50674.8497060742,current local currency units per person,observed,WB_WDI,NY.GDP.PCAP.CN
Guatemala,GTM,Latin America & Caribbean,Upper middle income,GDP per capita (current US$),gdp_per_capita_nominal_usd_annual,2025,annual,6598.18032988711,current US dollars per person,observed,WB_WDI,NY.GDP.PCAP.CD
Guatemala,GTM,Latin America & Caribbean,Upper middle income,GDP per capita growth (annual %),gdp_per_capita_real_growth_yoy_pct_annual,2025,annual,2.70911437104778,percent per year,observed,WB_WDI,NY.GDP.PCAP.KD.ZG
Guatemala,GTM,Latin America & Caribbean,Upper middle income,"GNI per capita, PPP (current international $)",gni_per_capita_ppp_current_intl_dollar_annual,2025,annual,15020.0,current international dollars per person,observed,WB_WDI,NY.GNP.PCAP.PP.CD
Guatemala,GTM,Latin America & Caribbean,Upper middle income,"Inflation, consumer prices (annual %)",inflation_consumer_prices_yoy_pct_annual_wdi,2025,annual,1.48841591086169,percent per year,observed,WB_WDI,FP.CPI.TOTL.ZG
Guatemala,GTM,Latin America & Caribbean,Upper middle income,"Life expectancy at birth, total (years)",life_expectancy_years_annual,2024,annual,72.746,years,observed,WB_WDI,SP.DYN.LE00.IN
Guatemala,GTM,Latin America & Caribbean,Upper middle income,"Nominal GDP growth, year over year (annual)",gdp_nominal_growth_yoy_pct_annual_lcu,2025,annual,7.811840599132869,percent per year,derived,WB_WDI,calculated:NY.GDP.MKTP.CN:year_over_year
Guatemala,GTM,Latin America & Caribbean,Upper middle income,"Nominal GDP per-capita growth, year over year (annual)",gdp_per_capita_nominal_growth_yoy_pct_annual_lcu,2025,annual,6.187718260749442,percent per year,derived,WB_WDI,calculated:NY.GDP.PCAP.CN:year_over_year
Guatemala,GTM,Latin America & Caribbean,Upper middle income,"Population, total",population_total_annual,2025,annual,18687881.0,people,observed,WB_WDI,SP.POP.TOTL
Guatemala,GTM,Latin America & Caribbean,Upper middle income,Poverty headcount ratio at $3.00 a day (2021 PPP) (% of population),poverty_headcount_at_3usd_2021_ppp_pct_annual,2023,annual,9.7,percent of population,observed,WB_WDI,SI.POV.DDAY
Guatemala,GTM,Latin America & Caribbean,Upper middle income,"Unemployment, total (% of total labor force) (modeled ILO estimate)",unemployment_rate_ilo_modeled_pct_annual,2025,annual,2.604,percent of labor force,observed,WB_WDI,SL.UEM.TOTL.ZS
Guam,GUM,East Asia & Pacific,High income,GDP (constant 2015 US$),gdp_real_constant_2015_usd_annual,2022,annual,5719850773.43039,constant 2015 US dollars,observed,WB_WDI,NY.GDP.MKTP.KD
Guam,GUM,East Asia & Pacific,High income,GDP (constant LCU),gdp_real_constant_lcu_annual,2022,annual,5420000000.0,constant local currency units (source base year varies),observed,WB_WDI,NY.GDP.MKTP.KN
Guam,GUM,East Asia & Pacific,High income,GDP (current LCU),gdp_nominal_current_lcu_annual,2022,annual,6910000000.0,current local currency units,observed,WB_WDI,NY.GDP.MKTP.CN
Guam,GUM,East Asia & Pacific,High income,GDP (current US$),gdp_nominal_current_usd_annual,2022,annual,6910000000.0,current US dollars,observed,WB_WDI,NY.GDP.MKTP.CD
Guam,GUM,East Asia & Pacific,High income,GDP growth (annual %),gdp_real_growth_yoy_pct_annual,2022,annual,5.09986426216793,percent per year,observed,WB_WDI,NY.GDP.MKTP.KD.ZG
Guam,GUM,East Asia & Pacific,High income,GDP per capita (constant 2015 US$),gdp_per_capita_real_2015_usd_annual,2022,annual,34627.9862781837,constant 2015 US dollars per person,observed,WB_WDI,NY.GDP.PCAP.KD
Guam,GUM,East Asia & Pacific,High income,GDP per capita (constant LCU),gdp_per_capita_real_lcu_annual,2022,annual,32812.689187553,constant local currency units per person (source base year varies),observed,WB_WDI,NY.GDP.PCAP.KN
Guam,GUM,East Asia & Pacific,High income,GDP per capita (current LCU),gdp_per_capita_nominal_lcu_annual,2022,annual,41833.1517132825,current local currency units per person,observed,WB_WDI,NY.GDP.PCAP.CN
Guam,GUM,East Asia & Pacific,High income,GDP per capita (current US$),gdp_per_capita_nominal_usd_annual,2022,annual,41833.1517132825,current US dollars per person,observed,WB_WDI,NY.GDP.PCAP.CD
Guam,GUM,East Asia & Pacific,High income,GDP per capita growth (annual %),gdp_per_capita_real_growth_yoy_pct_annual,2022,annual,4.17726586538778,percent per year,observed,WB_WDI,NY.GDP.PCAP.KD.ZG
Guam,GUM,East Asia & Pacific,High income,"Life expectancy at birth, total (years)",life_expectancy_years_annual,2024,annual,77.422,years,observed,WB_WDI,SP.DYN.LE00.IN
Guam,GUM,East Asia & Pacific,High income,"Nominal GDP growth, year over year (annual)",gdp_nominal_growth_yoy_pct_annual_lcu,2022,annual,10.843760025665695,percent per year,derived,WB_WDI,calculated:NY.GDP.MKTP.CN:year_over_year
Guam,GUM,East Asia & Pacific,High income,"Nominal GDP per-capita growth, year over year (annual)",gdp_per_capita_nominal_growth_yoy_pct_annual_lcu,2022,annual,9.87073997458685,percent per year,derived,WB_WDI,calculated:NY.GDP.PCAP.CN:year_over_year
Guam,GUM,East Asia & Pacific,High income,"Population, total",population_total_annual,2025,annual,168999.0,people,observed,WB_WDI,SP.POP.TOTL
Guam,GUM,East Asia & Pacific,High income,"Unemployment, total (% of total labor force) (modeled ILO estimate)",unemployment_rate_ilo_modeled_pct_annual,2025,annual,5.569,percent of labor force,observed,WB_WDI,SL.UEM.TOTL.ZS
Guyana,GUY,Latin America & Caribbean,High income,Consumer price index (2010 = 100),cpi_index_annual_wdi,2025,annual,142.213704093083,index points (2010=100),observed,WB_WDI,FP.CPI.TOTL
Guyana,GUY,Latin America & Caribbean,High income,GDP (constant 2015 US$),gdp_real_constant_2015_usd_annual,2025,annual,32763601884.4747,constant 2015 US dollars,observed,WB_WDI,NY.GDP.MKTP.KD
Guyana,GUY,Latin America & Caribbean,High income,GDP (constant LCU),gdp_real_constant_lcu_annual,2025,annual,6745818200000.0,constant local currency units (source base year varies),observed,WB_WDI,NY.GDP.MKTP.KN
Guyana,GUY,Latin America & Caribbean,High income,GDP (current LCU),gdp_nominal_current_lcu_annual,2025,annual,5649824000000.0,current local currency units,observed,WB_WDI,NY.GDP.MKTP.CN
Guyana,GUY,Latin America & Caribbean,High income,GDP (current US$),gdp_nominal_current_usd_annual,2025,annual,27097477218.2254,current US dollars,observed,WB_WDI,NY.GDP.MKTP.CD
Guyana,GUY,Latin America & Caribbean,High income,GDP growth (annual %),gdp_real_growth_yoy_pct_annual,2025,annual,19.3360097091818,percent per year,observed,WB_WDI,NY.GDP.MKTP.KD.ZG
Guyana,GUY,Latin America & Caribbean,High income,GDP per capita (constant 2015 US$),gdp_per_capita_real_2015_usd_annual,2025,annual,39191.5676631842,constant 2015 US dollars per person,observed,WB_WDI,NY.GDP.PCAP.KD
Guyana,GUY,Latin America & Caribbean,High income,GDP per capita (constant LCU),gdp_per_capita_real_lcu_annual,2025,annual,8069295.65806126,constant local currency units per person (source base year varies),observed,WB_WDI,NY.GDP.PCAP.KN
Guyana,GUY,Latin America & Caribbean,High income,GDP per capita (current LCU),gdp_per_capita_nominal_lcu_annual,2025,annual,6758275.85629424,current local currency units per person,observed,WB_WDI,NY.GDP.PCAP.CN
Guyana,GUY,Latin America & Caribbean,High income,GDP per capita (current US$),gdp_per_capita_nominal_usd_annual,2025,annual,32413.7930757518,current US dollars per person,observed,WB_WDI,NY.GDP.PCAP.CD
Guyana,GUY,Latin America & Caribbean,High income,GDP per capita growth (annual %),gdp_per_capita_real_growth_yoy_pct_annual,2025,annual,18.6366832712208,percent per year,observed,WB_WDI,NY.GDP.PCAP.KD.ZG
Guyana,GUY,Latin America & Caribbean,High income,"GNI per capita, PPP (current international $)",gni_per_capita_ppp_current_intl_dollar_annual,2025,annual,80300.0,current international dollars per person,observed,WB_WDI,NY.GNP.PCAP.PP.CD
Guyana,GUY,Latin America & Caribbean,High income,"Inflation, consumer prices (annual %)",inflation_consumer_prices_yoy_pct_annual_wdi,2025,annual,3.32982339132475,percent per year,observed,WB_WDI,FP.CPI.TOTL.ZG
Guyana,GUY,Latin America & Caribbean,High income,"Life expectancy at birth, total (years)",life_expectancy_years_annual,2024,annual,70.319,years,observed,WB_WDI,SP.DYN.LE00.IN
Guyana,GUY,Latin America & Caribbean,High income,"Nominal GDP growth, year over year (annual)",gdp_nominal_growth_yoy_pct_annual_lcu,2025,annual,9.872240856789038,percent per year,derived,WB_WDI,calculated:NY.GDP.MKTP.CN:year_over_year
Guyana,GUY,Latin America & Caribbean,High income,"Nominal GDP per-capita growth, year over year (annual)",gdp_per_capita_nominal_growth_yoy_pct_annual_lcu,2025,annual,9.228373485855235,percent per year,derived,WB_WDI,calculated:NY.GDP.PCAP.CN:year_over_year
Guyana,GUY,Latin America & Caribbean,High income,"Population, total",population_total_annual,2025,annual,835986.0,people,observed,WB_WDI,SP.POP.TOTL
Guyana,GUY,Latin America & Caribbean,High income,"Unemployment, total (% of total labor force) (modeled ILO estimate)",unemployment_rate_ilo_modeled_pct_annual,2025,annual,11.962,percent of labor force,observed,WB_WDI,SL.UEM.TOTL.ZS
"Hong Kong SAR, China",HKG,East Asia & Pacific,High income,Consumer price index (2010 = 100),cpi_index_annual_wdi,2025,annual,147.16152286551,index points (2010=100),observed,WB_WDI,FP.CPI.TOTL
"Hong Kong SAR, China",HKG,East Asia & Pacific,High income,GDP (constant 2015 US$),gdp_real_constant_2015_usd_annual,2025,annual,348325324736.967,constant 2015 US dollars,observed,WB_WDI,NY.GDP.MKTP.KD
"Hong Kong SAR, China",HKG,East Asia & Pacific,High income,GDP (constant LCU),gdp_real_constant_lcu_annual,2025,annual,3166305000000.0,constant local currency units (source base year varies),observed,WB_WDI,NY.GDP.MKTP.KN
"Hong Kong SAR, China",HKG,East Asia & Pacific,High income,GDP (current LCU),gdp_nominal_current_lcu_annual,2025,annual,3331774000000.0,current local currency units,observed,WB_WDI,NY.GDP.MKTP.CN
"Hong Kong SAR, China",HKG,East Asia & Pacific,High income,GDP (current US$),gdp_nominal_current_usd_annual,2025,annual,427310315921.993,current US dollars,observed,WB_WDI,NY.GDP.MKTP.CD
"Hong Kong SAR, China",HKG,East Asia & Pacific,High income,GDP growth (annual %),gdp_real_growth_yoy_pct_annual,2025,annual,3.48764886355949,percent per year,observed,WB_WDI,NY.GDP.MKTP.KD.ZG
"Hong Kong SAR, China",HKG,East Asia & Pacific,High income,GDP per capita (constant 2015 US$),gdp_per_capita_real_2015_usd_annual,2025,annual,46450.1893260301,constant 2015 US dollars per person,observed,WB_WDI,NY.GDP.PCAP.KD
"Hong Kong SAR, China",HKG,East Asia & Pacific,High income,GDP per capita (constant LCU),gdp_per_capita_real_lcu_annual,2025,annual,422235.927936097,constant local currency units per person (source base year varies),observed,WB_WDI,NY.GDP.PCAP.KN
"Hong Kong SAR, China",HKG,East Asia & Pacific,High income,GDP per capita (current LCU),gdp_per_capita_nominal_lcu_annual,2025,annual,444301.697582312,current local currency units per person,observed,WB_WDI,NY.GDP.PCAP.CN
"Hong Kong SAR, China",HKG,East Asia & Pacific,High income,GDP per capita (current US$),gdp_per_capita_nominal_usd_annual,2025,annual,56983.0663059906,current US dollars per person,observed,WB_WDI,NY.GDP.PCAP.CD
"Hong Kong SAR, China",HKG,East Asia & Pacific,High income,GDP per capita growth (annual %),gdp_per_capita_real_growth_yoy_pct_annual,2025,annual,3.83541836993533,percent per year,observed,WB_WDI,NY.GDP.PCAP.KD.ZG
"Hong Kong SAR, China",HKG,East Asia & Pacific,High income,"GNI per capita, PPP (current international $)",gni_per_capita_ppp_current_intl_dollar_annual,2025,annual,88500.0,current international dollars per person,observed,WB_WDI,NY.GNP.PCAP.PP.CD
"Hong Kong SAR, China",HKG,East Asia & Pacific,High income,"Inflation, consumer prices (annual %)",inflation_consumer_prices_yoy_pct_annual_wdi,2025,annual,1.43633540372673,percent per year,observed,WB_WDI,FP.CPI.TOTL.ZG
"Hong Kong SAR, China",HKG,East Asia & Pacific,High income,"Life expectancy at birth, total (years)",life_expectancy_years_annual,2024,annual,85.3926829268293,years,observed,WB_WDI,SP.DYN.LE00.IN
"Hong Kong SAR, China",HKG,East Asia & Pacific,High income,"Nominal GDP growth, year over year (annual)",gdp_nominal_growth_yoy_pct_annual_lcu,2025,annual,4.547857894385077,percent per year,derived,WB_WDI,calculated:NY.GDP.MKTP.CN:year_over_year
"Hong Kong SAR, China",HKG,East Asia & Pacific,High income,"Nominal GDP per-capita growth, year over year (annual)",gdp_per_capita_nominal_growth_yoy_pct_annual_lcu,2025,annual,4.899190225652084,percent per year,derived,WB_WDI,calculated:NY.GDP.PCAP.CN:year_over_year
"Hong Kong SAR, China",HKG,East Asia & Pacific,High income,"Population, total",population_total_annual,2025,annual,7498900.0,people,observed,WB_WDI,SP.POP.TOTL
"Hong Kong SAR, China",HKG,East Asia & Pacific,High income,"Unemployment, total (% of total labor force) (modeled ILO estimate)",unemployment_rate_ilo_modeled_pct_annual,2025,annual,2.799,percent of labor force,observed,WB_WDI,SL.UEM.TOTL.ZS
Honduras,HND,Latin America & Caribbean,Lower middle income,Consumer price index (2010 = 100),cpi_index_annual_wdi,2025,annual,206.921213955952,index points (2010=100),observed,WB_WDI,FP.CPI.TOTL
Honduras,HND,Latin America & Caribbean,Lower middle income,GDP (constant 2015 US$),gdp_real_constant_2015_usd_annual,2025,annual,28925544388.8026,constant 2015 US dollars,observed,WB_WDI,NY.GDP.MKTP.KD
Honduras,HND,Latin America & Caribbean,Lower middle income,GDP (constant LCU),gdp_real_constant_lcu_annual,2025,annual,262092300000.0,constant local currency units (source base year varies),observed,WB_WDI,NY.GDP.MKTP.KN
Honduras,HND,Latin America & Caribbean,Lower middle income,GDP (current LCU),gdp_nominal_current_lcu_annual,2025,annual,1027762500000.0,current local currency units,observed,WB_WDI,NY.GDP.MKTP.CN
Honduras,HND,Latin America & Caribbean,Lower middle income,GDP (current US$),gdp_nominal_current_usd_annual,2025,annual,39601409103.3005,current US dollars,observed,WB_WDI,NY.GDP.MKTP.CD
Honduras,HND,Latin America & Caribbean,Lower middle income,GDP growth (annual %),gdp_real_growth_yoy_pct_annual,2025,annual,3.75143102801252,percent per year,observed,WB_WDI,NY.GDP.MKTP.KD.ZG
Honduras,HND,Latin America & Caribbean,Lower middle income,GDP per capita (constant 2015 US$),gdp_per_capita_real_2015_usd_annual,2025,annual,2628.19722136887,constant 2015 US dollars per person,observed,WB_WDI,NY.GDP.PCAP.KD
Honduras,HND,Latin America & Caribbean,Lower middle income,GDP per capita (constant LCU),gdp_per_capita_real_lcu_annual,2025,annual,23813.9080579873,constant local currency units per person (source base year varies),observed,WB_WDI,NY.GDP.PCAP.KN
Honduras,HND,Latin America & Caribbean,Lower middle income,GDP per capita (current LCU),gdp_per_capita_nominal_lcu_annual,2025,annual,93383.2916130967,current local currency units per person,observed,WB_WDI,NY.GDP.PCAP.CN
Honduras,HND,Latin America & Caribbean,Lower middle income,GDP per capita (current US$),gdp_per_capita_nominal_usd_annual,2025,annual,3598.21450440452,current US dollars per person,observed,WB_WDI,NY.GDP.PCAP.CD
Honduras,HND,Latin America & Caribbean,Lower middle income,GDP per capita growth (annual %),gdp_per_capita_real_growth_yoy_pct_annual,2025,annual,2.05319699380316,percent per year,observed,WB_WDI,NY.GDP.PCAP.KD.ZG
Honduras,HND,Latin America & Caribbean,Lower middle income,"GNI per capita, PPP (current international $)",gni_per_capita_ppp_current_intl_dollar_annual,2025,annual,7270.0,current international dollars per person,observed,WB_WDI,NY.GNP.PCAP.PP.CD
Honduras,HND,Latin America & Caribbean,Lower middle income,"Inflation, consumer prices (annual %)",inflation_consumer_prices_yoy_pct_annual_wdi,2025,annual,4.59657982325258,percent per year,observed,WB_WDI,FP.CPI.TOTL.ZG
Honduras,HND,Latin America & Caribbean,Lower middle income,"Life expectancy at birth, total (years)",life_expectancy_years_annual,2024,annual,73.044,years,observed,WB_WDI,SP.DYN.LE00.IN
Honduras,HND,Latin America & Caribbean,Lower middle income,"Nominal GDP growth, year over year (annual)",gdp_nominal_growth_yoy_pct_annual_lcu,2025,annual,12.068804774972609,percent per year,derived,WB_WDI,calculated:NY.GDP.MKTP.CN:year_over_year
Honduras,HND,Latin America & Caribbean,Lower middle income,"Nominal GDP per-capita growth, year over year (annual)",gdp_per_capita_nominal_growth_yoy_pct_annual_lcu,2025,annual,10.234429513289323,percent per year,derived,WB_WDI,calculated:NY.GDP.PCAP.CN:year_over_year
Honduras,HND,Latin America & Caribbean,Lower middle income,"Population, total",population_total_annual,2025,annual,11005850.0,people,observed,WB_WDI,SP.POP.TOTL
Honduras,HND,Latin America & Caribbean,Lower middle income,Poverty headcount ratio at $3.00 a day (2021 PPP) (% of population),poverty_headcount_at_3usd_2021_ppp_pct_annual,2024,annual,15.7,percent of population,observed,WB_WDI,SI.POV.DDAY
Honduras,HND,Latin America & Caribbean,Lower middle income,"Unemployment, total (% of total labor force) (modeled ILO estimate)",unemployment_rate_ilo_modeled_pct_annual,2025,annual,4.92,percent of labor force,observed,WB_WDI,SL.UEM.TOTL.ZS
Croatia,HRV,Europe & Central Asia,High income,Consumer price index (2010 = 100),cpi_index_annual_wdi,2025,annual,144.013958482462,index points (2010=100),observed,WB_WDI,FP.CPI.TOTL
Croatia,HRV,Europe & Central Asia,High income,GDP (constant 2015 US$),gdp_real_constant_2015_usd_annual,2025,annual,71377484555.933,constant 2015 US dollars,observed,WB_WDI,NY.GDP.MKTP.KD
Croatia,HRV,Europe & Central Asia,High income,GDP (constant LCU),gdp_real_constant_lcu_annual,2025,annual,69734000000.0,constant local currency units (source base year varies),observed,WB_WDI,NY.GDP.MKTP.KN
Croatia,HRV,Europe & Central Asia,High income,GDP (current LCU),gdp_nominal_current_lcu_annual,2025,annual,92975000000.0,current local currency units,observed,WB_WDI,NY.GDP.MKTP.CN
Croatia,HRV,Europe & Central Asia,High income,GDP (current US$),gdp_nominal_current_usd_annual,2025,annual,105060182186.274,current US dollars,observed,WB_WDI,NY.GDP.MKTP.CD
Croatia,HRV,Europe & Central Asia,High income,GDP growth (annual %),gdp_real_growth_yoy_pct_annual,2025,annual,3.40307537181749,percent per year,observed,WB_WDI,NY.GDP.MKTP.KD.ZG
Croatia,HRV,Europe & Central Asia,High income,GDP per capita (constant 2015 US$),gdp_per_capita_real_2015_usd_annual,2025,annual,18414.2935235367,constant 2015 US dollars per person,observed,WB_WDI,NY.GDP.PCAP.KD
Croatia,HRV,Europe & Central Asia,High income,GDP per capita (constant LCU),gdp_per_capita_real_lcu_annual,2025,annual,17990.2997781332,constant local currency units per person (source base year varies),observed,WB_WDI,NY.GDP.PCAP.KN
Croatia,HRV,Europe & Central Asia,High income,GDP per capita (current LCU),gdp_per_capita_nominal_lcu_annual,2025,annual,23986.1204272225,current local currency units per person,observed,WB_WDI,NY.GDP.PCAP.CN
Croatia,HRV,Europe & Central Asia,High income,GDP per capita (current US$),gdp_per_capita_nominal_usd_annual,2025,annual,27103.9116109268,current US dollars per person,observed,WB_WDI,NY.GDP.PCAP.CD
Croatia,HRV,Europe & Central Asia,High income,GDP per capita growth (annual %),gdp_per_capita_real_growth_yoy_pct_annual,2025,annual,3.1363113364947,percent per year,observed,WB_WDI,NY.GDP.PCAP.KD.ZG
Croatia,HRV,Europe & Central Asia,High income,"GNI per capita, PPP (current international $)",gni_per_capita_ppp_current_intl_dollar_annual,2025,annual,50410.0,current international dollars per person,observed,WB_WDI,NY.GNP.PCAP.PP.CD
Croatia,HRV,Europe & Central Asia,High income,"Inflation, consumer prices (annual %)",inflation_consumer_prices_yoy_pct_annual_wdi,2025,annual,3.69153459605729,percent per year,observed,WB_WDI,FP.CPI.TOTL.ZG
Croatia,HRV,Europe & Central Asia,High income,"Life expectancy at birth, total (years)",life_expectancy_years_annual,2024,annual,78.9292682926829,years,observed,WB_WDI,SP.DYN.LE00.IN
Croatia,HRV,Europe & Central Asia,High income,"Nominal GDP growth, year over year (annual)",gdp_nominal_growth_yoy_pct_annual_lcu,2025,annual,8.23002153541703,percent per year,derived,WB_WDI,calculated:NY.GDP.MKTP.CN:year_over_year
Croatia,HRV,Europe & Central Asia,High income,"Nominal GDP per-capita growth, year over year (annual)",gdp_per_capita_nominal_growth_yoy_pct_annual_lcu,2025,annual,7.950804721177596,percent per year,derived,WB_WDI,calculated:NY.GDP.PCAP.CN:year_over_year
Croatia,HRV,Europe & Central Asia,High income,"Population, total",population_total_annual,2025,annual,3876200.0,people,observed,WB_WDI,SP.POP.TOTL
Croatia,HRV,Europe & Central Asia,High income,Poverty headcount ratio at $3.00 a day (2021 PPP) (% of population),poverty_headcount_at_3usd_2021_ppp_pct_annual,2023,annual,0.3,percent of population,observed,WB_WDI,SI.POV.DDAY
Croatia,HRV,Europe & Central Asia,High income,"Unemployment, total (% of total labor force) (modeled ILO estimate)",unemployment_rate_ilo_modeled_pct_annual,2025,annual,5.002,percent of labor force,observed,WB_WDI,SL.UEM.TOTL.ZS
Haiti,HTI,Latin America & Caribbean,Lower middle income,Consumer price index (2010 = 100),cpi_index_annual_wdi,2025,annual,914.118483827973,index points (2010=100),observed,WB_WDI,FP.CPI.TOTL
Haiti,HTI,Latin America & Caribbean,Lower middle income,GDP (constant 2015 US$),gdp_real_constant_2015_usd_annual,2025,annual,13224852042.6065,constant 2015 US dollars,observed,WB_WDI,NY.GDP.MKTP.KD
Haiti,HTI,Latin America & Caribbean,Lower middle income,GDP (constant LCU),gdp_real_constant_lcu_annual,2025,annual,552507000000.0,constant local currency units (source base year varies),observed,WB_WDI,NY.GDP.MKTP.KN
Haiti,HTI,Latin America & Caribbean,Lower middle income,GDP (current LCU),gdp_nominal_current_lcu_annual,2025,annual,4192187000000.0,current local currency units,observed,WB_WDI,NY.GDP.MKTP.CN
Haiti,HTI,Latin America & Caribbean,Lower middle income,GDP (current US$),gdp_nominal_current_usd_annual,2025,annual,32077278409.2339,current US dollars,observed,WB_WDI,NY.GDP.MKTP.CD
Haiti,HTI,Latin America & Caribbean,Lower middle income,GDP growth (annual %),gdp_real_growth_yoy_pct_annual,2025,annual,-2.71291075761471,percent per year,observed,WB_WDI,NY.GDP.MKTP.KD.ZG
Haiti,HTI,Latin America & Caribbean,Lower middle income,GDP per capita (constant 2015 US$),gdp_per_capita_real_2015_usd_annual,2025,annual,1110.76318831712,constant 2015 US dollars per person,observed,WB_WDI,NY.GDP.PCAP.KD
Haiti,HTI,Latin America & Caribbean,Lower middle income,GDP per capita (constant LCU),gdp_per_capita_real_lcu_annual,2025,annual,46405.3915242571,constant local currency units per person (source base year varies),observed,WB_WDI,NY.GDP.PCAP.KN
Haiti,HTI,Latin America & Caribbean,Lower middle income,GDP per capita (current LCU),gdp_per_capita_nominal_lcu_annual,2025,annual,352104.279362797,current local currency units per person,observed,WB_WDI,NY.GDP.PCAP.CN
Haiti,HTI,Latin America & Caribbean,Lower middle income,GDP per capita (current US$),gdp_per_capita_nominal_usd_annual,2025,annual,2694.18969101404,current US dollars per person,observed,WB_WDI,NY.GDP.PCAP.CD
Haiti,HTI,Latin America & Caribbean,Lower middle income,GDP per capita growth (annual %),gdp_per_capita_real_growth_yoy_pct_annual,2025,annual,-3.80407652802471,percent per year,observed,WB_WDI,NY.GDP.PCAP.KD.ZG
Haiti,HTI,Latin America & Caribbean,Lower middle income,"GNI per capita, PPP (current international $)",gni_per_capita_ppp_current_intl_dollar_annual,2025,annual,3130.0,current international dollars per person,observed,WB_WDI,NY.GNP.PCAP.PP.CD
Haiti,HTI,Latin America & Caribbean,Lower middle income,"Inflation, consumer prices (annual %)",inflation_consumer_prices_yoy_pct_annual_wdi,2025,annual,28.6427976686095,percent per year,observed,WB_WDI,FP.CPI.TOTL.ZG
Haiti,HTI,Latin America & Caribbean,Lower middle income,"Life expectancy at birth, total (years)",life_expectancy_years_annual,2024,annual,65.119,years,observed,WB_WDI,SP.DYN.LE00.IN
Haiti,HTI,Latin America & Caribbean,Lower middle income,"Nominal GDP growth, year over year (annual)",gdp_nominal_growth_yoy_pct_annual_lcu,2025,annual,30.748351215824332,percent per year,derived,WB_WDI,calculated:NY.GDP.MKTP.CN:year_over_year
Haiti,HTI,Latin America & Caribbean,Lower middle income,"Nominal GDP per-capita growth, year over year (annual)",gdp_per_capita_nominal_growth_yoy_pct_annual_lcu,2025,annual,29.281886071319917,percent per year,derived,WB_WDI,calculated:NY.GDP.PCAP.CN:year_over_year
Haiti,HTI,Latin America & Caribbean,Lower middle income,"Population, total",population_total_annual,2025,annual,11906095.0,people,observed,WB_WDI,SP.POP.TOTL
Haiti,HTI,Latin America & Caribbean,Lower middle income,Poverty headcount ratio at $3.00 a day (2021 PPP) (% of population),poverty_headcount_at_3usd_2021_ppp_pct_annual,2012,annual,40.4,percent of population,observed,WB_WDI,SI.POV.DDAY
Haiti,HTI,Latin America & Caribbean,Lower middle income,"Unemployment, total (% of total labor force) (modeled ILO estimate)",unemployment_rate_ilo_modeled_pct_annual,2025,annual,14.944,percent of labor force,observed,WB_WDI,SL.UEM.TOTL.ZS
Hungary,HUN,Europe & Central Asia,High income,Consumer price index (2010 = 100),cpi_index_annual_wdi,2025,annual,192.023359670216,index points (2010=100),observed,WB_WDI,FP.CPI.TOTL
Hungary,HUN,Europe & Central Asia,High income,GDP (constant 2015 US$),gdp_real_constant_2015_usd_annual,2025,annual,158992270290.276,constant 2015 US dollars,observed,WB_WDI,NY.GDP.MKTP.KD
Hungary,HUN,Europe & Central Asia,High income,GDP (constant LCU),gdp_real_constant_lcu_annual,2025,annual,54721550905000.0,constant local currency units (source base year varies),observed,WB_WDI,NY.GDP.MKTP.KN
Hungary,HUN,Europe & Central Asia,High income,GDP (current LCU),gdp_nominal_current_lcu_annual,2025,annual,87045554000000.0,current local currency units,observed,WB_WDI,NY.GDP.MKTP.CN
Hungary,HUN,Europe & Central Asia,High income,GDP (current US$),gdp_nominal_current_usd_annual,2025,annual,246490213513.054,current US dollars,observed,WB_WDI,NY.GDP.MKTP.CD
Hungary,HUN,Europe & Central Asia,High income,GDP growth (annual %),gdp_real_growth_yoy_pct_annual,2025,annual,0.509542309726868,percent per year,observed,WB_WDI,NY.GDP.MKTP.KD.ZG
Hungary,HUN,Europe & Central Asia,High income,GDP per capita (constant 2015 US$),gdp_per_capita_real_2015_usd_annual,2025,annual,16710.9602521813,constant 2015 US dollars per person,observed,WB_WDI,NY.GDP.PCAP.KD
Hungary,HUN,Europe & Central Asia,High income,GDP per capita (constant LCU),gdp_per_capita_real_lcu_annual,2025,annual,5751535.34471605,constant local currency units per person (source base year varies),observed,WB_WDI,NY.GDP.PCAP.KN
Hungary,HUN,Europe & Central Asia,High income,GDP per capita (current LCU),gdp_per_capita_nominal_lcu_annual,2025,annual,9148965.48346265,current local currency units per person,observed,WB_WDI,NY.GDP.PCAP.CN
Hungary,HUN,Europe & Central Asia,High income,GDP per capita (current US$),gdp_per_capita_nominal_usd_annual,2025,annual,25907.4743259406,current US dollars per person,observed,WB_WDI,NY.GDP.PCAP.CD
Hungary,HUN,Europe & Central Asia,High income,GDP per capita growth (annual %),gdp_per_capita_real_growth_yoy_pct_annual,2025,annual,1.01465440483528,percent per year,observed,WB_WDI,NY.GDP.PCAP.KD.ZG
Hungary,HUN,Europe & Central Asia,High income,"GNI per capita, PPP (current international $)",gni_per_capita_ppp_current_intl_dollar_annual,2025,annual,48630.0,current international dollars per person,observed,WB_WDI,NY.GNP.PCAP.PP.CD
Hungary,HUN,Europe & Central Asia,High income,"Inflation, consumer prices (annual %)",inflation_consumer_prices_yoy_pct_annual_wdi,2025,annual,4.41198445905562,percent per year,observed,WB_WDI,FP.CPI.TOTL.ZG
Hungary,HUN,Europe & Central Asia,High income,"Life expectancy at birth, total (years)",life_expectancy_years_annual,2024,annual,76.7243902439025,years,observed,WB_WDI,SP.DYN.LE00.IN
Hungary,HUN,Europe & Central Asia,High income,"Nominal GDP growth, year over year (annual)",gdp_nominal_growth_yoy_pct_annual_lcu,2025,annual,6.812816641631558,percent per year,derived,WB_WDI,calculated:NY.GDP.MKTP.CN:year_over_year
Hungary,HUN,Europe & Central Asia,High income,"Nominal GDP per-capita growth, year over year (annual)",gdp_per_capita_nominal_growth_yoy_pct_annual_lcu,2025,annual,7.349605929080805,percent per year,derived,WB_WDI,calculated:NY.GDP.PCAP.CN:year_over_year
Hungary,HUN,Europe & Central Asia,High income,"Population, total",population_total_annual,2025,annual,9514251.0,people,observed,WB_WDI,SP.POP.TOTL
Hungary,HUN,Europe & Central Asia,High income,Poverty headcount ratio at $3.00 a day (2021 PPP) (% of population),poverty_headcount_at_3usd_2021_ppp_pct_annual,2017,annual,0.9,percent of population,observed,WB_WDI,SI.POV.DDAY
Hungary,HUN,Europe & Central Asia,High income,"Unemployment, total (% of total labor force) (modeled ILO estimate)",unemployment_rate_ilo_modeled_pct_annual,2025,annual,4.521,percent of labor force,observed,WB_WDI,SL.UEM.TOTL.ZS
Indonesia,IDN,East Asia & Pacific,Upper middle income,Consumer price index (2010 = 100),cpi_index_annual_wdi,2025,annual,176.046565851867,index points (2010=100),observed,WB_WDI,FP.CPI.TOTL
Indonesia,IDN,East Asia & Pacific,Upper middle income,GDP (constant 2015 US$),gdp_real_constant_2015_usd_annual,2025,annual,1301511819008.36,constant 2015 US dollars,observed,WB_WDI,NY.GDP.MKTP.KD
Indonesia,IDN,East Asia & Pacific,Upper middle income,GDP (constant LCU),gdp_real_constant_lcu_annual,2025,annual,1.35805247e+16,constant local currency units (source base year varies),observed,WB_WDI,NY.GDP.MKTP.KN
Indonesia,IDN,East Asia & Pacific,Upper middle income,GDP (current LCU),gdp_nominal_current_lcu_annual,2025,annual,2.38211036e+16,current local currency units,observed,WB_WDI,NY.GDP.MKTP.CN
Indonesia,IDN,East Asia & Pacific,Upper middle income,GDP (current US$),gdp_nominal_current_usd_annual,2025,annual,1445642584163.81,current US dollars,observed,WB_WDI,NY.GDP.MKTP.CD
Indonesia,IDN,East Asia & Pacific,Upper middle income,GDP growth (annual %),gdp_real_growth_yoy_pct_annual,2025,annual,5.10808904438025,percent per year,observed,WB_WDI,NY.GDP.MKTP.KD.ZG
Indonesia,IDN,East Asia & Pacific,Upper middle income,GDP per capita (constant 2015 US$),gdp_per_capita_real_2015_usd_annual,2025,annual,4555.18055720702,constant 2015 US dollars per person,observed,WB_WDI,NY.GDP.PCAP.KD
Indonesia,IDN,East Asia & Pacific,Upper middle income,GDP per capita (constant LCU),gdp_per_capita_real_lcu_annual,2025,annual,47530680.218673,constant local currency units per person (source base year varies),observed,WB_WDI,NY.GDP.PCAP.KN
Indonesia,IDN,East Asia & Pacific,Upper middle income,GDP per capita (current LCU),gdp_per_capita_nominal_lcu_annual,2025,annual,83371834.496754,current local currency units per person,observed,WB_WDI,NY.GDP.PCAP.CN
Indonesia,IDN,East Asia & Pacific,Upper middle income,GDP per capita (current US$),gdp_per_capita_nominal_usd_annual,2025,annual,5059.62596411213,current US dollars per person,observed,WB_WDI,NY.GDP.PCAP.CD
Indonesia,IDN,East Asia & Pacific,Upper middle income,GDP per capita growth (annual %),gdp_per_capita_real_growth_yoy_pct_annual,2025,annual,4.28652455694656,percent per year,observed,WB_WDI,NY.GDP.PCAP.KD.ZG
Indonesia,IDN,East Asia & Pacific,Upper middle income,"GNI per capita, PPP (current international $)",gni_per_capita_ppp_current_intl_dollar_annual,2025,annual,17190.0,current international dollars per person,observed,WB_WDI,NY.GNP.PCAP.PP.CD
Indonesia,IDN,East Asia & Pacific,Upper middle income,"Inflation, consumer prices (annual %)",inflation_consumer_prices_yoy_pct_annual_wdi,2025,annual,1.9133344329508,percent per year,observed,WB_WDI,FP.CPI.TOTL.ZG
Indonesia,IDN,East Asia & Pacific,Upper middle income,"Life expectancy at birth, total (years)",life_expectancy_years_annual,2024,annual,71.288,years,observed,WB_WDI,SP.DYN.LE00.IN
Indonesia,IDN,East Asia & Pacific,Upper middle income,"Nominal GDP growth, year over year (annual)",gdp_nominal_growth_yoy_pct_annual_lcu,2025,annual,7.597965124950501,percent per year,derived,WB_WDI,calculated:NY.GDP.MKTP.CN:year_over_year
Indonesia,IDN,East Asia & Pacific,Upper middle income,"Nominal GDP per-capita growth, year over year (annual)",gdp_per_capita_nominal_growth_yoy_pct_annual_lcu,2025,annual,6.756938826494396,percent per year,derived,WB_WDI,calculated:NY.GDP.PCAP.CN:year_over_year
Indonesia,IDN,East Asia & Pacific,Upper middle income,"Population, total",population_total_annual,2025,annual,285721236.0,people,observed,WB_WDI,SP.POP.TOTL
Indonesia,IDN,East Asia & Pacific,Upper middle income,Poverty headcount ratio at $3.00 a day (2021 PPP) (% of population),poverty_headcount_at_3usd_2021_ppp_pct_annual,2025,annual,4.0,percent of population,observed,WB_WDI,SI.POV.DDAY
Indonesia,IDN,East Asia & Pacific,Upper middle income,"Unemployment, total (% of total labor force) (modeled ILO estimate)",unemployment_rate_ilo_modeled_pct_annual,2025,annual,3.237,percent of labor force,observed,WB_WDI,SL.UEM.TOTL.ZS
Isle of Man,IMN,Europe & Central Asia,High income,GDP (constant 2015 US$),gdp_real_constant_2015_usd_annual,2023,annual,7096383589.17697,constant 2015 US dollars,observed,WB_WDI,NY.GDP.MKTP.KD
Isle of Man,IMN,Europe & Central Asia,High income,GDP (constant LCU),gdp_real_constant_lcu_annual,2023,annual,4644902396.37784,constant local currency units (source base year varies),observed,WB_WDI,NY.GDP.MKTP.KN
Isle of Man,IMN,Europe & Central Asia,High income,GDP (current LCU),gdp_nominal_current_lcu_annual,2023,annual,6095292000.0,current local currency units,observed,WB_WDI,NY.GDP.MKTP.CN
Isle of Man,IMN,Europe & Central Asia,High income,GDP (current US$),gdp_nominal_current_usd_annual,2023,annual,7576129932.79381,current US dollars,observed,WB_WDI,NY.GDP.MKTP.CD
Isle of Man,IMN,Europe & Central Asia,High income,GDP growth (annual %),gdp_real_growth_yoy_pct_annual,2023,annual,-2.03524496955581,percent per year,observed,WB_WDI,NY.GDP.MKTP.KD.ZG
Isle of Man,IMN,Europe & Central Asia,High income,GDP per capita (constant 2015 US$),gdp_per_capita_real_2015_usd_annual,2023,annual,84315.137992954,constant 2015 US dollars per person,observed,WB_WDI,NY.GDP.PCAP.KD
Isle of Man,IMN,Europe & Central Asia,High income,GDP per capita (constant LCU),gdp_per_capita_real_lcu_annual,2023,annual,55188.051997598,constant local currency units per person (source base year varies),observed,WB_WDI,NY.GDP.PCAP.KN
Isle of Man,IMN,Europe & Central Asia,High income,GDP per capita (current LCU),gdp_per_capita_nominal_lcu_annual,2023,annual,72420.7449652468,current local currency units per person,observed,WB_WDI,NY.GDP.PCAP.CN
Isle of Man,IMN,Europe & Central Asia,High income,GDP per capita (current US$),gdp_per_capita_nominal_usd_annual,2023,annual,90015.2074234398,current US dollars per person,observed,WB_WDI,NY.GDP.PCAP.CD
Isle of Man,IMN,Europe & Central Asia,High income,GDP per capita growth (annual %),gdp_per_capita_real_growth_yoy_pct_annual,2023,annual,-2.0736556737203,percent per year,observed,WB_WDI,NY.GDP.PCAP.KD.ZG
Isle of Man,IMN,Europe & Central Asia,High income,"Life expectancy at birth, total (years)",life_expectancy_years_annual,2024,annual,81.091,years,observed,WB_WDI,SP.DYN.LE00.IN
Isle of Man,IMN,Europe & Central Asia,High income,"Nominal GDP growth, year over year (annual)",gdp_nominal_growth_yoy_pct_annual_lcu,2023,annual,1.0996527778929677,percent per year,derived,WB_WDI,calculated:NY.GDP.MKTP.CN:year_over_year
Isle of Man,IMN,Europe & Central Asia,High income,"Nominal GDP per-capita growth, year over year (annual)",gdp_per_capita_nominal_growth_yoy_pct_annual_lcu,2023,annual,1.0600129211630227,percent per year,derived,WB_WDI,calculated:NY.GDP.PCAP.CN:year_over_year
Isle of Man,IMN,Europe & Central Asia,High income,"Population, total",population_total_annual,2025,annual,84118.0,people,observed,WB_WDI,SP.POP.TOTL
India,IND,South Asia,Lower middle income,Consumer price index (2010 = 100),cpi_index_annual_wdi,2025,annual,233.063138328864,index points (2010=100),observed,WB_WDI,FP.CPI.TOTL
India,IND,South Asia,Lower middle income,GDP (constant 2015 US$),gdp_real_constant_2015_usd_annual,2025,annual,3693970992045.56,constant 2015 US dollars,observed,WB_WDI,NY.GDP.MKTP.KD
India,IND,South Asia,Lower middle income,GDP (constant LCU),gdp_real_constant_lcu_annual,2025,annual,322577564190900.0,constant local currency units (source base year varies),observed,WB_WDI,NY.GDP.MKTP.KN
India,IND,South Asia,Lower middle income,GDP (current LCU),gdp_nominal_current_lcu_annual,2025,annual,345471567964600.0,current local currency units,observed,WB_WDI,NY.GDP.MKTP.CN
India,IND,South Asia,Lower middle income,GDP (current US$),gdp_nominal_current_usd_annual,2025,annual,3956067115771.63,current US dollars,observed,WB_WDI,NY.GDP.MKTP.CD
India,IND,South Asia,Lower middle income,GDP growth (annual %),gdp_real_growth_yoy_pct_annual,2025,annual,7.56666179284244,percent per year,observed,WB_WDI,NY.GDP.MKTP.KD.ZG
India,IND,South Asia,Lower middle income,GDP per capita (constant 2015 US$),gdp_per_capita_real_2015_usd_annual,2025,annual,2523.43601851376,constant 2015 US dollars per person,observed,WB_WDI,NY.GDP.PCAP.KD
India,IND,South Asia,Lower middle income,GDP per capita (constant LCU),gdp_per_capita_real_lcu_annual,2025,annual,220360.107319899,constant local currency units per person (source base year varies),observed,WB_WDI,NY.GDP.PCAP.KN
India,IND,South Asia,Lower middle income,GDP per capita (current LCU),gdp_per_capita_nominal_lcu_annual,2025,annual,235999.524590621,current local currency units per person,observed,WB_WDI,NY.GDP.PCAP.CN
India,IND,South Asia,Lower middle income,GDP per capita (current US$),gdp_per_capita_nominal_usd_annual,2025,annual,2702.47987141553,current US dollars per person,observed,WB_WDI,NY.GDP.PCAP.CD
India,IND,South Asia,Lower middle income,GDP per capita growth (annual %),gdp_per_capita_real_growth_yoy_pct_annual,2025,annual,6.6165688365585,percent per year,observed,WB_WDI,NY.GDP.PCAP.KD.ZG
India,IND,South Asia,Lower middle income,"GNI per capita, PPP (current international $)",gni_per_capita_ppp_current_intl_dollar_annual,2025,annual,11600.0,current international dollars per person,observed,WB_WDI,NY.GNP.PCAP.PP.CD
India,IND,South Asia,Lower middle income,"Inflation, consumer prices (annual %)",inflation_consumer_prices_yoy_pct_annual_wdi,2025,annual,2.39884954182294,percent per year,observed,WB_WDI,FP.CPI.TOTL.ZG
India,IND,South Asia,Lower middle income,"Life expectancy at birth, total (years)",life_expectancy_years_annual,2024,annual,72.235,years,observed,WB_WDI,SP.DYN.LE00.IN
India,IND,South Asia,Lower middle income,"Nominal GDP growth, year over year (annual)",gdp_nominal_growth_yoy_pct_annual_lcu,2025,annual,8.613895152384178,percent per year,derived,WB_WDI,calculated:NY.GDP.MKTP.CN:year_over_year
India,IND,South Asia,Lower middle income,"Nominal GDP per-capita growth, year over year (annual)",gdp_per_capita_nominal_growth_yoy_pct_annual_lcu,2025,annual,7.654552406045223,percent per year,derived,WB_WDI,calculated:NY.GDP.PCAP.CN:year_over_year
India,IND,South Asia,Lower middle income,"Population, total",population_total_annual,2025,annual,1463865525.0,people,observed,WB_WDI,SP.POP.TOTL
India,IND,South Asia,Lower middle income,Poverty headcount ratio at $3.00 a day (2021 PPP) (% of population),poverty_headcount_at_3usd_2021_ppp_pct_annual,2022,annual,5.3,percent of population,observed,WB_WDI,SI.POV.DDAY
India,IND,South Asia,Lower middle income,"Unemployment, total (% of total labor force) (modeled ILO estimate)",unemployment_rate_ilo_modeled_pct_annual,2025,annual,4.219,percent of labor force,observed,WB_WDI,SL.UEM.TOTL.ZS
Ireland,IRL,Europe & Central Asia,High income,Consumer price index (2010 = 100),cpi_index_annual_wdi,2025,annual,130.040025279124,index points (2010=100),observed,WB_WDI,FP.CPI.TOTL
Ireland,IRL,Europe & Central Asia,High income,GDP (constant 2015 US$),gdp_real_constant_2015_usd_annual,2025,annual,572660227885.924,constant 2015 US dollars,observed,WB_WDI,NY.GDP.MKTP.KD
Ireland,IRL,Europe & Central Asia,High income,GDP (constant LCU),gdp_real_constant_lcu_annual,2025,annual,535975114000.0,constant local currency units (source base year varies),observed,WB_WDI,NY.GDP.MKTP.KN
Ireland,IRL,Europe & Central Asia,High income,GDP (current LCU),gdp_nominal_current_lcu_annual,2025,annual,638683300000.0,current local currency units,observed,WB_WDI,NY.GDP.MKTP.CN
Ireland,IRL,Europe & Central Asia,High income,GDP (current US$),gdp_nominal_current_usd_annual,2025,annual,721701359046.313,current US dollars,observed,WB_WDI,NY.GDP.MKTP.CD
Ireland,IRL,Europe & Central Asia,High income,GDP growth (annual %),gdp_real_growth_yoy_pct_annual,2025,annual,12.3375990291434,percent per year,observed,WB_WDI,NY.GDP.MKTP.KD.ZG
Ireland,IRL,Europe & Central Asia,High income,GDP per capita (constant 2015 US$),gdp_per_capita_real_2015_usd_annual,2025,annual,104416.83204022,constant 2015 US dollars per person,observed,WB_WDI,NY.GDP.PCAP.KD
Ireland,IRL,Europe & Central Asia,High income,GDP per capita (constant LCU),gdp_per_capita_real_lcu_annual,2025,annual,97727.7986684698,constant local currency units per person (source base year varies),observed,WB_WDI,NY.GDP.PCAP.KN
Ireland,IRL,Europe & Central Asia,High income,GDP per capita (current LCU),gdp_per_capita_nominal_lcu_annual,2025,annual,116455.244515912,current local currency units per person,observed,WB_WDI,NY.GDP.PCAP.CN
Ireland,IRL,Europe & Central Asia,High income,GDP per capita (current US$),gdp_per_capita_nominal_usd_annual,2025,annual,131592.462547877,current US dollars per person,observed,WB_WDI,NY.GDP.PCAP.CD
Ireland,IRL,Europe & Central Asia,High income,GDP per capita growth (annual %),gdp_per_capita_real_growth_yoy_pct_annual,2025,annual,10.5232551843197,percent per year,observed,WB_WDI,NY.GDP.PCAP.KD.ZG
Ireland,IRL,Europe & Central Asia,High income,"GNI per capita, PPP (current international $)",gni_per_capita_ppp_current_intl_dollar_annual,2025,annual,106310.0,current international dollars per person,observed,WB_WDI,NY.GNP.PCAP.PP.CD
Ireland,IRL,Europe & Central Asia,High income,"Inflation, consumer prices (annual %)",inflation_consumer_prices_yoy_pct_annual_wdi,2025,annual,2.21044788475857,percent per year,observed,WB_WDI,FP.CPI.TOTL.ZG
Ireland,IRL,Europe & Central Asia,High income,"Life expectancy at birth, total (years)",life_expectancy_years_annual,2024,annual,83.009756097561,years,observed,WB_WDI,SP.DYN.LE00.IN
Ireland,IRL,Europe & Central Asia,High income,"Nominal GDP growth, year over year (annual)",gdp_nominal_growth_yoy_pct_annual_lcu,2025,annual,13.484341129743216,percent per year,derived,WB_WDI,calculated:NY.GDP.MKTP.CN:year_over_year
Ireland,IRL,Europe & Central Asia,High income,"Nominal GDP per-capita growth, year over year (annual)",gdp_per_capita_nominal_growth_yoy_pct_annual_lcu,2025,annual,11.651476464732745,percent per year,derived,WB_WDI,calculated:NY.GDP.PCAP.CN:year_over_year
Ireland,IRL,Europe & Central Asia,High income,"Population, total",population_total_annual,2025,annual,5484367.0,people,observed,WB_WDI,SP.POP.TOTL
Ireland,IRL,Europe & Central Asia,High income,Poverty headcount ratio at $3.00 a day (2021 PPP) (% of population),poverty_headcount_at_3usd_2021_ppp_pct_annual,2023,annual,0.1,percent of population,observed,WB_WDI,SI.POV.DDAY
Ireland,IRL,Europe & Central Asia,High income,"Unemployment, total (% of total labor force) (modeled ILO estimate)",unemployment_rate_ilo_modeled_pct_annual,2025,annual,4.632,percent of labor force,observed,WB_WDI,SL.UEM.TOTL.ZS
"Iran, Islamic Rep.",IRN,"Middle East, North Africa, Afghanistan & Pakistan",Upper middle income,Consumer price index (2010 = 100),cpi_index_annual_wdi,2025,annual,4030.3356899712,index points (2010=100),observed,WB_WDI,FP.CPI.TOTL
"Iran, Islamic Rep.",IRN,"Middle East, North Africa, Afghanistan & Pakistan",Upper middle income,GDP (constant 2015 US$),gdp_real_constant_2015_usd_annual,2025,annual,519149083728.835,constant 2015 US dollars,observed,WB_WDI,NY.GDP.MKTP.KD
"Iran, Islamic Rep.",IRN,"Middle East, North Africa, Afghanistan & Pakistan",Upper middle income,GDP (constant LCU),gdp_real_constant_lcu_annual,2025,annual,7.85464235984878e+16,constant local currency units (source base year varies),observed,WB_WDI,NY.GDP.MKTP.KN
"Iran, Islamic Rep.",IRN,"Middle East, North Africa, Afghanistan & Pakistan",Upper middle income,GDP (current LCU),gdp_nominal_current_lcu_annual,2025,annual,2.69329092812428e+17,current local currency units,observed,WB_WDI,NY.GDP.MKTP.CN
"Iran, Islamic Rep.",IRN,"Middle East, North Africa, Afghanistan & Pakistan",Upper middle income,GDP (current US$),gdp_nominal_current_usd_annual,2025,annual,362682115433.364,current US dollars,observed,WB_WDI,NY.GDP.MKTP.CD
"Iran, Islamic Rep.",IRN,"Middle East, North Africa, Afghanistan & Pakistan",Upper middle income,GDP growth (annual %),gdp_real_growth_yoy_pct_annual,2025,annual,-2.82597163290347,percent per year,observed,WB_WDI,NY.GDP.MKTP.KD.ZG
"Iran, Islamic Rep.",IRN,"Middle East, North Africa, Afghanistan & Pakistan",Upper middle income,GDP per capita (constant 2015 US$),gdp_per_capita_real_2015_usd_annual,2025,annual,5617.42166770918,constant 2015 US dollars per person,observed,WB_WDI,NY.GDP.PCAP.KD
"Iran, Islamic Rep.",IRN,"Middle East, North Africa, Afghanistan & Pakistan",Upper middle income,GDP per capita (constant LCU),gdp_per_capita_real_lcu_annual,2025,annual,849906887.389739,constant local currency units per person (source base year varies),observed,WB_WDI,NY.GDP.PCAP.KN
"Iran, Islamic Rep.",IRN,"Middle East, North Africa, Afghanistan & Pakistan",Upper middle income,GDP per capita (current LCU),gdp_per_capita_nominal_lcu_annual,2025,annual,2914259370.04877,current local currency units per person,observed,WB_WDI,NY.GDP.PCAP.CN
"Iran, Islamic Rep.",IRN,"Middle East, North Africa, Afghanistan & Pakistan",Upper middle income,GDP per capita (current US$),gdp_per_capita_nominal_usd_annual,2025,annual,3924.38017821898,current US dollars per person,observed,WB_WDI,NY.GDP.PCAP.CD
"Iran, Islamic Rep.",IRN,"Middle East, North Africa, Afghanistan & Pakistan",Upper middle income,GDP per capita growth (annual %),gdp_per_capita_real_growth_yoy_pct_annual,2025,annual,-3.71965760617967,percent per year,observed,WB_WDI,NY.GDP.PCAP.KD.ZG
"Iran, Islamic Rep.",IRN,"Middle East, North Africa, Afghanistan & Pakistan",Upper middle income,"GNI per capita, PPP (current international $)",gni_per_capita_ppp_current_intl_dollar_annual,2025,annual,19660.0,current international dollars per person,observed,WB_WDI,NY.GNP.PCAP.PP.CD
"Iran, Islamic Rep.",IRN,"Middle East, North Africa, Afghanistan & Pakistan",Upper middle income,"Inflation, consumer prices (annual %)",inflation_consumer_prices_yoy_pct_annual_wdi,2025,annual,42.1712244965444,percent per year,observed,WB_WDI,FP.CPI.TOTL.ZG
"Iran, Islamic Rep.",IRN,"Middle East, North Africa, Afghanistan & Pakistan",Upper middle income,"Life expectancy at birth, total (years)",life_expectancy_years_annual,2024,annual,77.854,years,observed,WB_WDI,SP.DYN.LE00.IN
"Iran, Islamic Rep.",IRN,"Middle East, North Africa, Afghanistan & Pakistan",Upper middle income,"Nominal GDP growth, year over year (annual)",gdp_nominal_growth_yoy_pct_annual_lcu,2025,annual,25.138364353091426,percent per year,derived,WB_WDI,calculated:NY.GDP.MKTP.CN:year_over_year
"Iran, Islamic Rep.",IRN,"Middle East, North Africa, Afghanistan & Pakistan",Upper middle income,"Nominal GDP per-capita growth, year over year (annual)",gdp_per_capita_nominal_growth_yoy_pct_annual_lcu,2025,annual,23.98749716336679,percent per year,derived,WB_WDI,calculated:NY.GDP.PCAP.CN:year_over_year
"Iran, Islamic Rep.",IRN,"Middle East, North Africa, Afghanistan & Pakistan",Upper middle income,"Population, total",population_total_annual,2025,annual,92417681.0,people,observed,WB_WDI,SP.POP.TOTL
"Iran, Islamic Rep.",IRN,"Middle East, North Africa, Afghanistan & Pakistan",Upper middle income,Poverty headcount ratio at $3.00 a day (2021 PPP) (% of population),poverty_headcount_at_3usd_2021_ppp_pct_annual,2023,annual,2.5,percent of population,observed,WB_WDI,SI.POV.DDAY
"Iran, Islamic Rep.",IRN,"Middle East, North Africa, Afghanistan & Pakistan",Upper middle income,"Unemployment, total (% of total labor force) (modeled ILO estimate)",unemployment_rate_ilo_modeled_pct_annual,2025,annual,8.301,percent of labor force,observed,WB_WDI,SL.UEM.TOTL.ZS
Iraq,IRQ,"Middle East, North Africa, Afghanistan & Pakistan",Upper middle income,Consumer price index (2010 = 100),cpi_index_annual_wdi,2025,annual,143.60164783943,index points (2010=100),observed,WB_WDI,FP.CPI.TOTL
Iraq,IRQ,"Middle East, North Africa, Afghanistan & Pakistan",Upper middle income,GDP (constant 2015 US$),gdp_real_constant_2015_usd_annual,2025,annual,188320119060.069,constant 2015 US dollars,observed,WB_WDI,NY.GDP.MKTP.KD
Iraq,IRQ,"Middle East, North Africa, Afghanistan & Pakistan",Upper middle income,GDP (constant LCU),gdp_real_constant_lcu_annual,2025,annual,207338150400000.0,constant local currency units (source base year varies),observed,WB_WDI,NY.GDP.MKTP.KN
Iraq,IRQ,"Middle East, North Africa, Afghanistan & Pakistan",Upper middle income,GDP (current LCU),gdp_nominal_current_lcu_annual,2025,annual,330677481600000.0,current local currency units,observed,WB_WDI,NY.GDP.MKTP.CN
Iraq,IRQ,"Middle East, North Africa, Afghanistan & Pakistan",Upper middle income,GDP (current US$),gdp_nominal_current_usd_annual,2025,annual,254367293538.462,current US dollars,observed,WB_WDI,NY.GDP.MKTP.CD
Iraq,IRQ,"Middle East, North Africa, Afghanistan & Pakistan",Upper middle income,GDP growth (annual %),gdp_real_growth_yoy_pct_annual,2025,annual,-2.15574219066178,percent per year,observed,WB_WDI,NY.GDP.MKTP.KD.ZG
Iraq,IRQ,"Middle East, North Africa, Afghanistan & Pakistan",Upper middle income,GDP per capita (constant 2015 US$),gdp_per_capita_real_2015_usd_annual,2025,annual,4005.04081579067,constant 2015 US dollars per person,observed,WB_WDI,NY.GDP.PCAP.KD
Iraq,IRQ,"Middle East, North Africa, Afghanistan & Pakistan",Upper middle income,GDP per capita (constant LCU),gdp_per_capita_real_lcu_annual,2025,annual,4409501.00906463,constant local currency units per person (source base year varies),observed,WB_WDI,NY.GDP.PCAP.KN
Iraq,IRQ,"Middle East, North Africa, Afghanistan & Pakistan",Upper middle income,GDP per capita (current LCU),gdp_per_capita_nominal_lcu_annual,2025,annual,7032582.69632057,current local currency units per person,observed,WB_WDI,NY.GDP.PCAP.CN
Iraq,IRQ,"Middle East, North Africa, Afghanistan & Pakistan",Upper middle income,GDP per capita (current US$),gdp_per_capita_nominal_usd_annual,2025,annual,5409.67899716967,current US dollars per person,observed,WB_WDI,NY.GDP.PCAP.CD
Iraq,IRQ,"Middle East, North Africa, Afghanistan & Pakistan",Upper middle income,GDP per capita growth (annual %),gdp_per_capita_real_growth_yoy_pct_annual,2025,annual,-4.19241534132514,percent per year,observed,WB_WDI,NY.GDP.PCAP.KD.ZG
Iraq,IRQ,"Middle East, North Africa, Afghanistan & Pakistan",Upper middle income,"GNI per capita, PPP (current international $)",gni_per_capita_ppp_current_intl_dollar_annual,2025,annual,14290.0,current international dollars per person,observed,WB_WDI,NY.GNP.PCAP.PP.CD
Iraq,IRQ,"Middle East, North Africa, Afghanistan & Pakistan",Upper middle income,"Inflation, consumer prices (annual %)",inflation_consumer_prices_yoy_pct_annual_wdi,2025,annual,0.303454715219382,percent per year,observed,WB_WDI,FP.CPI.TOTL.ZG
Iraq,IRQ,"Middle East, North Africa, Afghanistan & Pakistan",Upper middle income,"Life expectancy at birth, total (years)",life_expectancy_years_annual,2024,annual,72.424,years,observed,WB_WDI,SP.DYN.LE00.IN
Iraq,IRQ,"Middle East, North Africa, Afghanistan & Pakistan",Upper middle income,"Nominal GDP growth, year over year (annual)",gdp_nominal_growth_yoy_pct_annual_lcu,2025,annual,-9.037995427586221,percent per year,derived,WB_WDI,calculated:NY.GDP.MKTP.CN:year_over_year
Iraq,IRQ,"Middle East, North Africa, Afghanistan & Pakistan",Upper middle income,"Nominal GDP per-capita growth, year over year (annual)",gdp_per_capita_nominal_growth_yoy_pct_annual_lcu,2025,annual,-10.931411317194717,percent per year,derived,WB_WDI,calculated:NY.GDP.PCAP.CN:year_over_year
Iraq,IRQ,"Middle East, North Africa, Afghanistan & Pakistan",Upper middle income,"Population, total",population_total_annual,2025,annual,47020774.0,people,observed,WB_WDI,SP.POP.TOTL
Iraq,IRQ,"Middle East, North Africa, Afghanistan & Pakistan",Upper middle income,Poverty headcount ratio at $3.00 a day (2021 PPP) (% of population),poverty_headcount_at_3usd_2021_ppp_pct_annual,2023,annual,0.5,percent of population,observed,WB_WDI,SI.POV.DDAY
Iraq,IRQ,"Middle East, North Africa, Afghanistan & Pakistan",Upper middle income,"Unemployment, total (% of total labor force) (modeled ILO estimate)",unemployment_rate_ilo_modeled_pct_annual,2025,annual,15.485,percent of labor force,observed,WB_WDI,SL.UEM.TOTL.ZS
Iceland,ISL,Europe & Central Asia,High income,Consumer price index (2010 = 100),cpi_index_annual_wdi,2025,annual,179.825199833669,index points (2010=100),observed,WB_WDI,FP.CPI.TOTL
Iceland,ISL,Europe & Central Asia,High income,GDP (constant 2015 US$),gdp_real_constant_2015_usd_annual,2025,annual,23116588684.0143,constant 2015 US dollars,observed,WB_WDI,NY.GDP.MKTP.KD
Iceland,ISL,Europe & Central Asia,High income,GDP (constant LCU),gdp_real_constant_lcu_annual,2025,annual,3587768573000.0,constant local currency units (source base year varies),observed,WB_WDI,NY.GDP.MKTP.KN
Iceland,ISL,Europe & Central Asia,High income,GDP (current LCU),gdp_nominal_current_lcu_annual,2025,annual,4955597372000.0,current local currency units,observed,WB_WDI,NY.GDP.MKTP.CN
Iceland,ISL,Europe & Central Asia,High income,GDP (current US$),gdp_nominal_current_usd_annual,2025,annual,38582528789.0033,current US dollars,observed,WB_WDI,NY.GDP.MKTP.CD
Iceland,ISL,Europe & Central Asia,High income,GDP growth (annual %),gdp_real_growth_yoy_pct_annual,2025,annual,1.27946207863934,percent per year,observed,WB_WDI,NY.GDP.MKTP.KD.ZG
Iceland,ISL,Europe & Central Asia,High income,GDP per capita (constant 2015 US$),gdp_per_capita_real_2015_usd_annual,2025,annual,58910.1759513518,constant 2015 US dollars per person,observed,WB_WDI,NY.GDP.PCAP.KD
Iceland,ISL,Europe & Central Asia,High income,GDP per capita (constant LCU),gdp_per_capita_real_lcu_annual,2025,annual,9143047.91235563,constant local currency units per person (source base year varies),observed,WB_WDI,NY.GDP.PCAP.KN
Iceland,ISL,Europe & Central Asia,High income,GDP per capita (current LCU),gdp_per_capita_nominal_lcu_annual,2025,annual,12628814.6196267,current local currency units per person,observed,WB_WDI,NY.GDP.PCAP.CN
Iceland,ISL,Europe & Central Asia,High income,GDP per capita (current US$),gdp_per_capita_nominal_usd_annual,2025,annual,98323.4849517418,current US dollars per person,observed,WB_WDI,NY.GDP.PCAP.CD
Iceland,ISL,Europe & Central Asia,High income,GDP per capita growth (annual %),gdp_per_capita_real_growth_yoy_pct_annual,2025,annual,-0.242811566226194,percent per year,observed,WB_WDI,NY.GDP.PCAP.KD.ZG
Iceland,ISL,Europe & Central Asia,High income,"GNI per capita, PPP (current international $)",gni_per_capita_ppp_current_intl_dollar_annual,2025,annual,83250.0,current international dollars per person,observed,WB_WDI,NY.GNP.PCAP.PP.CD
Iceland,ISL,Europe & Central Asia,High income,"Inflation, consumer prices (annual %)",inflation_consumer_prices_yoy_pct_annual_wdi,2025,annual,4.09085056006515,percent per year,observed,WB_WDI,FP.CPI.TOTL.ZG
Iceland,ISL,Europe & Central Asia,High income,"Life expectancy at birth, total (years)",life_expectancy_years_annual,2024,annual,82.809756097561,years,observed,WB_WDI,SP.DYN.LE00.IN
Iceland,ISL,Europe & Central Asia,High income,"Nominal GDP growth, year over year (annual)",gdp_nominal_growth_yoy_pct_annual_lcu,2025,annual,8.239554399124206,percent per year,derived,WB_WDI,calculated:NY.GDP.MKTP.CN:year_over_year
Iceland,ISL,Europe & Central Asia,High income,"Nominal GDP per-capita growth, year over year (annual)",gdp_per_capita_nominal_growth_yoy_pct_annual_lcu,2025,annual,6.6126675889846664,percent per year,derived,WB_WDI,calculated:NY.GDP.PCAP.CN:year_over_year
Iceland,ISL,Europe & Central Asia,High income,"Population, total",population_total_annual,2025,annual,392404.0,people,observed,WB_WDI,SP.POP.TOTL
Iceland,ISL,Europe & Central Asia,High income,Poverty headcount ratio at $3.00 a day (2021 PPP) (% of population),poverty_headcount_at_3usd_2021_ppp_pct_annual,2019,annual,0.1,percent of population,observed,WB_WDI,SI.POV.DDAY
Iceland,ISL,Europe & Central Asia,High income,"Unemployment, total (% of total labor force) (modeled ILO estimate)",unemployment_rate_ilo_modeled_pct_annual,2025,annual,3.625,percent of labor force,observed,WB_WDI,SL.UEM.TOTL.ZS
Israel,ISR,"Middle East, North Africa, Afghanistan & Pakistan",High income,Consumer price index (2010 = 100),cpi_index_annual_wdi,2025,annual,126.132190942472,index points (2010=100),observed,WB_WDI,FP.CPI.TOTL
Israel,ISR,"Middle East, North Africa, Afghanistan & Pakistan",High income,GDP (constant 2015 US$),gdp_real_constant_2015_usd_annual,2025,annual,431191570915.148,constant 2015 US dollars,observed,WB_WDI,NY.GDP.MKTP.KD
Israel,ISR,"Middle East, North Africa, Afghanistan & Pakistan",High income,GDP (constant LCU),gdp_real_constant_lcu_annual,2025,annual,1744612726000.0,constant local currency units (source base year varies),observed,WB_WDI,NY.GDP.MKTP.KN
Israel,ISR,"Middle East, North Africa, Afghanistan & Pakistan",High income,GDP (current LCU),gdp_nominal_current_lcu_annual,2025,annual,2108338946000.0,current local currency units,observed,WB_WDI,NY.GDP.MKTP.CN
Israel,ISR,"Middle East, North Africa, Afghanistan & Pakistan",High income,GDP (current US$),gdp_nominal_current_usd_annual,2025,annual,610777842873.595,current US dollars,observed,WB_WDI,NY.GDP.MKTP.CD
Israel,ISR,"Middle East, North Africa, Afghanistan & Pakistan",High income,GDP growth (annual %),gdp_real_growth_yoy_pct_annual,2025,annual,2.93114966387968,percent per year,observed,WB_WDI,NY.GDP.MKTP.KD.ZG
Israel,ISR,"Middle East, North Africa, Afghanistan & Pakistan",High income,GDP per capita (constant 2015 US$),gdp_per_capita_real_2015_usd_annual,2025,annual,42596.0772627285,constant 2015 US dollars per person,observed,WB_WDI,NY.GDP.PCAP.KD
Israel,ISR,"Middle East, North Africa, Afghanistan & Pakistan",High income,GDP per capita (constant LCU),gdp_per_capita_real_lcu_annual,2025,annual,172344.877504248,constant local currency units per person (source base year varies),observed,WB_WDI,NY.GDP.PCAP.KN
Israel,ISR,"Middle East, North Africa, Afghanistan & Pakistan",High income,GDP per capita (current LCU),gdp_per_capita_nominal_lcu_annual,2025,annual,208276.262101395,current local currency units per person,observed,WB_WDI,NY.GDP.PCAP.CN
Israel,ISR,"Middle East, North Africa, Afghanistan & Pakistan",High income,GDP per capita (current US$),gdp_per_capita_nominal_usd_annual,2025,annual,60336.8477964194,current US dollars per person,observed,WB_WDI,NY.GDP.PCAP.CD
Israel,ISR,"Middle East, North Africa, Afghanistan & Pakistan",High income,GDP per capita growth (annual %),gdp_per_capita_real_growth_yoy_pct_annual,2025,annual,1.70485885012617,percent per year,observed,WB_WDI,NY.GDP.PCAP.KD.ZG
Israel,ISR,"Middle East, North Africa, Afghanistan & Pakistan",High income,"GNI per capita, PPP (current international $)",gni_per_capita_ppp_current_intl_dollar_annual,2025,annual,58870.0,current international dollars per person,observed,WB_WDI,NY.GNP.PCAP.PP.CD
Israel,ISR,"Middle East, North Africa, Afghanistan & Pakistan",High income,"Inflation, consumer prices (annual %)",inflation_consumer_prices_yoy_pct_annual_wdi,2025,annual,3.0414132155654,percent per year,observed,WB_WDI,FP.CPI.TOTL.ZG
Israel,ISR,"Middle East, North Africa, Afghanistan & Pakistan",High income,"Life expectancy at birth, total (years)",life_expectancy_years_annual,2024,annual,83.1975609756098,years,observed,WB_WDI,SP.DYN.LE00.IN
Israel,ISR,"Middle East, North Africa, Afghanistan & Pakistan",High income,"Nominal GDP growth, year over year (annual)",gdp_nominal_growth_yoy_pct_annual_lcu,2025,annual,5.085895204337776,percent per year,derived,WB_WDI,calculated:NY.GDP.MKTP.CN:year_over_year
Israel,ISR,"Middle East, North Africa, Afghanistan & Pakistan",High income,"Nominal GDP per-capita growth, year over year (annual)",gdp_per_capita_nominal_growth_yoy_pct_annual_lcu,2025,annual,3.833933399141376,percent per year,derived,WB_WDI,calculated:NY.GDP.PCAP.CN:year_over_year
Israel,ISR,"Middle East, North Africa, Afghanistan & Pakistan",High income,"Population, total",population_total_annual,2025,annual,10122800.0,people,observed,WB_WDI,SP.POP.TOTL
Israel,ISR,"Middle East, North Africa, Afghanistan & Pakistan",High income,Poverty headcount ratio at $3.00 a day (2021 PPP) (% of population),poverty_headcount_at_3usd_2021_ppp_pct_annual,2022,annual,0.4,percent of population,observed,WB_WDI,SI.POV.DDAY
Israel,ISR,"Middle East, North Africa, Afghanistan & Pakistan",High income,"Unemployment, total (% of total labor force) (modeled ILO estimate)",unemployment_rate_ilo_modeled_pct_annual,2025,annual,3.489,percent of labor force,observed,WB_WDI,SL.UEM.TOTL.ZS
Italy,ITA,Europe & Central Asia,High income,Consumer price index (2010 = 100),cpi_index_annual_wdi,2025,annual,131.870136375819,index points (2010=100),observed,WB_WDI,FP.CPI.TOTL
Italy,ITA,Europe & Central Asia,High income,GDP (constant 2015 US$),gdp_real_constant_2015_usd_annual,2025,annual,2045324195978.49,constant 2015 US dollars,observed,WB_WDI,NY.GDP.MKTP.KD
Italy,ITA,Europe & Central Asia,High income,GDP (constant LCU),gdp_real_constant_lcu_annual,2025,annual,1949997900000.0,constant local currency units (source base year varies),observed,WB_WDI,NY.GDP.MKTP.KN
Italy,ITA,Europe & Central Asia,High income,GDP (current LCU),gdp_nominal_current_lcu_annual,2025,annual,2258048700000.0,current local currency units,observed,WB_WDI,NY.GDP.MKTP.CN
Italy,ITA,Europe & Central Asia,High income,GDP (current US$),gdp_nominal_current_usd_annual,2025,annual,2551556954100.35,current US dollars,observed,WB_WDI,NY.GDP.MKTP.CD
Italy,ITA,Europe & Central Asia,High income,GDP growth (annual %),gdp_real_growth_yoy_pct_annual,2025,annual,0.539583636778445,percent per year,observed,WB_WDI,NY.GDP.MKTP.KD.ZG
Italy,ITA,Europe & Central Asia,High income,GDP per capita (constant 2015 US$),gdp_per_capita_real_2015_usd_annual,2025,annual,34716.1405786348,constant 2015 US dollars per person,observed,WB_WDI,NY.GDP.PCAP.KD
Italy,ITA,Europe & Central Asia,High income,GDP per capita (constant LCU),gdp_per_capita_real_lcu_annual,2025,annual,33098.127601261,constant local currency units per person (source base year varies),observed,WB_WDI,NY.GDP.PCAP.KN
Italy,ITA,Europe & Central Asia,High income,GDP per capita (current LCU),gdp_per_capita_nominal_lcu_annual,2025,annual,38326.8023019212,current local currency units per person,observed,WB_WDI,NY.GDP.PCAP.CN
Italy,ITA,Europe & Central Asia,High income,GDP per capita (current US$),gdp_per_capita_nominal_usd_annual,2025,annual,43308.6403060733,current US dollars per person,observed,WB_WDI,NY.GDP.PCAP.CD
Italy,ITA,Europe & Central Asia,High income,GDP per capita growth (annual %),gdp_per_capita_real_growth_yoy_pct_annual,2025,annual,0.602806059262818,percent per year,observed,WB_WDI,NY.GDP.PCAP.KD.ZG
Italy,ITA,Europe & Central Asia,High income,"GNI per capita, PPP (current international $)",gni_per_capita_ppp_current_intl_dollar_annual,2025,annual,62870.0,current international dollars per person,observed,WB_WDI,NY.GNP.PCAP.PP.CD
Italy,ITA,Europe & Central Asia,High income,"Inflation, consumer prices (annual %)",inflation_consumer_prices_yoy_pct_annual_wdi,2025,annual,1.5316682765282,percent per year,observed,WB_WDI,FP.CPI.TOTL.ZG
Italy,ITA,Europe & Central Asia,High income,"Life expectancy at birth, total (years)",life_expectancy_years_annual,2024,annual,83.9512195121951,years,observed,WB_WDI,SP.DYN.LE00.IN
Italy,ITA,Europe & Central Asia,High income,"Nominal GDP growth, year over year (annual)",gdp_nominal_growth_yoy_pct_annual_lcu,2025,annual,2.543901285322381,percent per year,derived,WB_WDI,calculated:NY.GDP.MKTP.CN:year_over_year
Italy,ITA,Europe & Central Asia,High income,"Nominal GDP per-capita growth, year over year (annual)",gdp_per_capita_nominal_growth_yoy_pct_annual_lcu,2025,annual,2.6083840851881313,percent per year,derived,WB_WDI,calculated:NY.GDP.PCAP.CN:year_over_year
Italy,ITA,Europe & Central Asia,High income,"Population, total",population_total_annual,2025,annual,58915656.0,people,observed,WB_WDI,SP.POP.TOTL
Italy,ITA,Europe & Central Asia,High income,Poverty headcount ratio at $3.00 a day (2021 PPP) (% of population),poverty_headcount_at_3usd_2021_ppp_pct_annual,2023,annual,0.9,percent of population,observed,WB_WDI,SI.POV.DDAY
Italy,ITA,Europe & Central Asia,High income,"Unemployment, total (% of total labor force) (modeled ILO estimate)",unemployment_rate_ilo_modeled_pct_annual,2025,annual,6.391,percent of labor force,observed,WB_WDI,SL.UEM.TOTL.ZS
Jamaica,JAM,Latin America & Caribbean,Upper middle income,Consumer price index (2010 = 100),cpi_index_annual_wdi,2025,annual,233.161814488828,index points (2010=100),observed,WB_WDI,FP.CPI.TOTL
Jamaica,JAM,Latin America & Caribbean,Upper middle income,GDP (constant 2015 US$),gdp_real_constant_2015_usd_annual,2025,annual,17322971206.1042,constant 2015 US dollars,observed,WB_WDI,NY.GDP.MKTP.KD
Jamaica,JAM,Latin America & Caribbean,Upper middle income,GDP (constant LCU),gdp_real_constant_lcu_annual,2025,annual,2026264338800.0,constant local currency units (source base year varies),observed,WB_WDI,NY.GDP.MKTP.KN
Jamaica,JAM,Latin America & Caribbean,Upper middle income,GDP (current LCU),gdp_nominal_current_lcu_annual,2025,annual,3612269000000.0,current local currency units,observed,WB_WDI,NY.GDP.MKTP.CN
Jamaica,JAM,Latin America & Caribbean,Upper middle income,GDP (current US$),gdp_nominal_current_usd_annual,2025,annual,22704903217.5631,current US dollars,observed,WB_WDI,NY.GDP.MKTP.CD
Jamaica,JAM,Latin America & Caribbean,Upper middle income,GDP growth (annual %),gdp_real_growth_yoy_pct_annual,2025,annual,0.0816454877745656,percent per year,observed,WB_WDI,NY.GDP.MKTP.KD.ZG
Jamaica,JAM,Latin America & Caribbean,Upper middle income,GDP per capita (constant 2015 US$),gdp_per_capita_real_2015_usd_annual,2025,annual,6105.9221184706,constant 2015 US dollars per person,observed,WB_WDI,NY.GDP.PCAP.KD
Jamaica,JAM,Latin America & Caribbean,Upper middle income,GDP per capita (constant LCU),gdp_per_capita_real_lcu_annual,2025,annual,714208.440165706,constant local currency units per person (source base year varies),observed,WB_WDI,NY.GDP.PCAP.KN
Jamaica,JAM,Latin America & Caribbean,Upper middle income,GDP per capita (current LCU),gdp_per_capita_nominal_lcu_annual,2025,annual,1273236.15115134,current local currency units per person,observed,WB_WDI,NY.GDP.PCAP.CN
Jamaica,JAM,Latin America & Caribbean,Upper middle income,GDP per capita (current US$),gdp_per_capita_nominal_usd_annual,2025,annual,8002.92104076242,current US dollars per person,observed,WB_WDI,NY.GDP.PCAP.CD
Jamaica,JAM,Latin America & Caribbean,Upper middle income,GDP per capita growth (annual %),gdp_per_capita_real_growth_yoy_pct_annual,2025,annual,0.155655214064467,percent per year,observed,WB_WDI,NY.GDP.PCAP.KD.ZG
Jamaica,JAM,Latin America & Caribbean,Upper middle income,"GNI per capita, PPP (current international $)",gni_per_capita_ppp_current_intl_dollar_annual,2025,annual,13090.0,current international dollars per person,observed,WB_WDI,NY.GNP.PCAP.PP.CD
Jamaica,JAM,Latin America & Caribbean,Upper middle income,"Inflation, consumer prices (annual %)",inflation_consumer_prices_yoy_pct_annual_wdi,2025,annual,4.00459048079239,percent per year,observed,WB_WDI,FP.CPI.TOTL.ZG
Jamaica,JAM,Latin America & Caribbean,Upper middle income,"Life expectancy at birth, total (years)",life_expectancy_years_annual,2024,annual,71.606,years,observed,WB_WDI,SP.DYN.LE00.IN
Jamaica,JAM,Latin America & Caribbean,Upper middle income,"Nominal GDP growth, year over year (annual)",gdp_nominal_growth_yoy_pct_annual_lcu,2025,annual,4.888082703262864,percent per year,derived,WB_WDI,calculated:NY.GDP.MKTP.CN:year_over_year
Jamaica,JAM,Latin America & Caribbean,Upper middle income,"Nominal GDP per-capita growth, year over year (annual)",gdp_per_capita_nominal_growth_yoy_pct_annual_lcu,2025,annual,4.965646758630937,percent per year,derived,WB_WDI,calculated:NY.GDP.PCAP.CN:year_over_year
Jamaica,JAM,Latin America & Caribbean,Upper middle income,"Population, total",population_total_annual,2025,annual,2837077.0,people,observed,WB_WDI,SP.POP.TOTL
Jamaica,JAM,Latin America & Caribbean,Upper middle income,Poverty headcount ratio at $3.00 a day (2021 PPP) (% of population),poverty_headcount_at_3usd_2021_ppp_pct_annual,2021,annual,1.4,percent of population,observed,WB_WDI,SI.POV.DDAY
Jamaica,JAM,Latin America & Caribbean,Upper middle income,"Unemployment, total (% of total labor force) (modeled ILO estimate)",unemployment_rate_ilo_modeled_pct_annual,2025,annual,3.286,percent of labor force,observed,WB_WDI,SL.UEM.TOTL.ZS
Jordan,JOR,"Middle East, North Africa, Afghanistan & Pakistan",Upper middle income,Consumer price index (2010 = 100),cpi_index_annual_wdi,2025,annual,140.449109340499,index points (2010=100),observed,WB_WDI,FP.CPI.TOTL
Jordan,JOR,"Middle East, North Africa, Afghanistan & Pakistan",Upper middle income,GDP (constant 2015 US$),gdp_real_constant_2015_usd_annual,2025,annual,52757023329.6643,constant 2015 US dollars,observed,WB_WDI,NY.GDP.MKTP.KD
Jordan,JOR,"Middle East, North Africa, Afghanistan & Pakistan",Upper middle income,GDP (constant LCU),gdp_real_constant_lcu_annual,2025,annual,42021322300.0,constant local currency units (source base year varies),observed,WB_WDI,NY.GDP.MKTP.KN
Jordan,JOR,"Middle East, North Africa, Afghanistan & Pakistan",Upper middle income,GDP (current LCU),gdp_nominal_current_lcu_annual,2025,annual,43743137300.0,current local currency units,observed,WB_WDI,NY.GDP.MKTP.CN
Jordan,JOR,"Middle East, North Africa, Afghanistan & Pakistan",Upper middle income,GDP (current US$),gdp_nominal_current_usd_annual,2025,annual,61610052535.2113,current US dollars,observed,WB_WDI,NY.GDP.MKTP.CD
Jordan,JOR,"Middle East, North Africa, Afghanistan & Pakistan",Upper middle income,GDP growth (annual %),gdp_real_growth_yoy_pct_annual,2025,annual,2.82660839845745,percent per year,observed,WB_WDI,NY.GDP.MKTP.KD.ZG
Jordan,JOR,"Middle East, North Africa, Afghanistan & Pakistan",Upper middle income,GDP per capita (constant 2015 US$),gdp_per_capita_real_2015_usd_annual,2025,annual,4579.33082182137,constant 2015 US dollars per person,observed,WB_WDI,NY.GDP.PCAP.KD
Jordan,JOR,"Middle East, North Africa, Afghanistan & Pakistan",Upper middle income,GDP per capita (constant LCU),gdp_per_capita_real_lcu_annual,2025,annual,3647.4676590383,constant local currency units per person (source base year varies),observed,WB_WDI,NY.GDP.PCAP.KN
Jordan,JOR,"Middle East, North Africa, Afghanistan & Pakistan",Upper middle income,GDP per capita (current LCU),gdp_per_capita_nominal_lcu_annual,2025,annual,3796.92189283206,current local currency units per person,observed,WB_WDI,NY.GDP.PCAP.CN
Jordan,JOR,"Middle East, North Africa, Afghanistan & Pakistan",Upper middle income,GDP per capita (current US$),gdp_per_capita_nominal_usd_annual,2025,annual,5347.77731384797,current US dollars per person,observed,WB_WDI,NY.GDP.PCAP.CD
Jordan,JOR,"Middle East, North Africa, Afghanistan & Pakistan",Upper middle income,GDP per capita growth (annual %),gdp_per_capita_real_growth_yoy_pct_annual,2025,annual,3.11393458304539,percent per year,observed,WB_WDI,NY.GDP.PCAP.KD.ZG
Jordan,JOR,"Middle East, North Africa, Afghanistan & Pakistan",Upper middle income,"GNI per capita, PPP (current international $)",gni_per_capita_ppp_current_intl_dollar_annual,2025,annual,12440.0,current international dollars per person,observed,WB_WDI,NY.GNP.PCAP.PP.CD
Jordan,JOR,"Middle East, North Africa, Afghanistan & Pakistan",Upper middle income,"Inflation, consumer prices (annual %)",inflation_consumer_prices_yoy_pct_annual_wdi,2025,annual,1.76646490894206,percent per year,observed,WB_WDI,FP.CPI.TOTL.ZG
Jordan,JOR,"Middle East, North Africa, Afghanistan & Pakistan",Upper middle income,"Life expectancy at birth, total (years)",life_expectancy_years_annual,2024,annual,77.981,years,observed,WB_WDI,SP.DYN.LE00.IN
Jordan,JOR,"Middle East, North Africa, Afghanistan & Pakistan",Upper middle income,"Nominal GDP growth, year over year (annual)",gdp_nominal_growth_yoy_pct_annual_lcu,2025,annual,5.10364145695954,percent per year,derived,WB_WDI,calculated:NY.GDP.MKTP.CN:year_over_year
Jordan,JOR,"Middle East, North Africa, Afghanistan & Pakistan",Upper middle income,"Nominal GDP per-capita growth, year over year (annual)",gdp_per_capita_nominal_growth_yoy_pct_annual_lcu,2025,annual,5.3973303061443545,percent per year,derived,WB_WDI,calculated:NY.GDP.PCAP.CN:year_over_year
Jordan,JOR,"Middle East, North Africa, Afghanistan & Pakistan",Upper middle income,"Population, total",population_total_annual,2025,annual,11520684.0,people,observed,WB_WDI,SP.POP.TOTL
Jordan,JOR,"Middle East, North Africa, Afghanistan & Pakistan",Upper middle income,Poverty headcount ratio at $3.00 a day (2021 PPP) (% of population),poverty_headcount_at_3usd_2021_ppp_pct_annual,2010,annual,0.1,percent of population,observed,WB_WDI,SI.POV.DDAY
Jordan,JOR,"Middle East, North Africa, Afghanistan & Pakistan",Upper middle income,"Unemployment, total (% of total labor force) (modeled ILO estimate)",unemployment_rate_ilo_modeled_pct_annual,2025,annual,16.535,percent of labor force,observed,WB_WDI,SL.UEM.TOTL.ZS
Japan,JPN,East Asia & Pacific,High income,Consumer price index (2010 = 100),cpi_index_annual_wdi,2025,annual,118.043592898576,index points (2010=100),observed,WB_WDI,FP.CPI.TOTL
Japan,JPN,East Asia & Pacific,High income,GDP (constant 2015 US$),gdp_real_constant_2015_usd_annual,2025,annual,4764341438831.9,constant 2015 US dollars,observed,WB_WDI,NY.GDP.MKTP.KD
Japan,JPN,East Asia & Pacific,High income,GDP (constant LCU),gdp_real_constant_lcu_annual,2025,annual,591219781287000.0,constant local currency units (source base year varies),observed,WB_WDI,NY.GDP.MKTP.KN
Japan,JPN,East Asia & Pacific,High income,GDP (current LCU),gdp_nominal_current_lcu_annual,2025,annual,663757300000000.0,current local currency units,observed,WB_WDI,NY.GDP.MKTP.CN
Japan,JPN,East Asia & Pacific,High income,GDP (current US$),gdp_nominal_current_usd_annual,2025,annual,4435162999976.94,current US dollars,observed,WB_WDI,NY.GDP.MKTP.CD
Japan,JPN,East Asia & Pacific,High income,GDP growth (annual %),gdp_real_growth_yoy_pct_annual,2025,annual,1.19311288444599,percent per year,observed,WB_WDI,NY.GDP.MKTP.KD.ZG
Japan,JPN,East Asia & Pacific,High income,GDP per capita (constant 2015 US$),gdp_per_capita_real_2015_usd_annual,2025,annual,38619.3367073485,constant 2015 US dollars per person,observed,WB_WDI,NY.GDP.PCAP.KD
Japan,JPN,East Asia & Pacific,High income,GDP per capita (constant LCU),gdp_per_capita_real_lcu_annual,2025,annual,4792376.0491787,constant local currency units per person (source base year varies),observed,WB_WDI,NY.GDP.PCAP.KN
Japan,JPN,East Asia & Pacific,High income,GDP per capita (current LCU),gdp_per_capita_nominal_lcu_annual,2025,annual,5380358.85751827,current local currency units per person,observed,WB_WDI,NY.GDP.PCAP.CN
Japan,JPN,East Asia & Pacific,High income,GDP per capita (current US$),gdp_per_capita_nominal_usd_annual,2025,annual,35951.0449549304,current US dollars per person,observed,WB_WDI,NY.GDP.PCAP.CD
Japan,JPN,East Asia & Pacific,High income,GDP per capita growth (annual %),gdp_per_capita_real_growth_yoy_pct_annual,2025,annual,1.69235502736154,percent per year,observed,WB_WDI,NY.GDP.PCAP.KD.ZG
Japan,JPN,East Asia & Pacific,High income,"GNI per capita, PPP (current international $)",gni_per_capita_ppp_current_intl_dollar_annual,2025,annual,58920.0,current international dollars per person,observed,WB_WDI,NY.GNP.PCAP.PP.CD
Japan,JPN,East Asia & Pacific,High income,"Inflation, consumer prices (annual %)",inflation_consumer_prices_yoy_pct_annual_wdi,2025,annual,3.17253034260248,percent per year,observed,WB_WDI,FP.CPI.TOTL.ZG
Japan,JPN,East Asia & Pacific,High income,"Life expectancy at birth, total (years)",life_expectancy_years_annual,2024,annual,84.0363414634146,years,observed,WB_WDI,SP.DYN.LE00.IN
Japan,JPN,East Asia & Pacific,High income,"Nominal GDP growth, year over year (annual)",gdp_nominal_growth_yoy_pct_annual_lcu,2025,annual,4.65627394651118,percent per year,derived,WB_WDI,calculated:NY.GDP.MKTP.CN:year_over_year
Japan,JPN,East Asia & Pacific,High income,"Nominal GDP per-capita growth, year over year (annual)",gdp_per_capita_nominal_growth_yoy_pct_annual_lcu,2025,annual,5.1726017971454485,percent per year,derived,WB_WDI,calculated:NY.GDP.PCAP.CN:year_over_year
Japan,JPN,East Asia & Pacific,High income,"Population, total",population_total_annual,2025,annual,123366734.0,people,observed,WB_WDI,SP.POP.TOTL
Japan,JPN,East Asia & Pacific,High income,Poverty headcount ratio at $3.00 a day (2021 PPP) (% of population),poverty_headcount_at_3usd_2021_ppp_pct_annual,2020,annual,1.2,percent of population,observed,WB_WDI,SI.POV.DDAY
Japan,JPN,East Asia & Pacific,High income,"Unemployment, total (% of total labor force) (modeled ILO estimate)",unemployment_rate_ilo_modeled_pct_annual,2025,annual,2.451,percent of labor force,observed,WB_WDI,SL.UEM.TOTL.ZS
Kazakhstan,KAZ,Europe & Central Asia,Upper middle income,Consumer price index (2010 = 100),cpi_index_annual_wdi,2025,annual,348.120569024412,index points (2010=100),observed,WB_WDI,FP.CPI.TOTL
Kazakhstan,KAZ,Europe & Central Asia,Upper middle income,GDP (constant 2015 US$),gdp_real_constant_2015_usd_annual,2025,annual,260383077834.12,constant 2015 US dollars,observed,WB_WDI,NY.GDP.MKTP.KD
Kazakhstan,KAZ,Europe & Central Asia,Upper middle income,GDP (constant LCU),gdp_real_constant_lcu_annual,2025,annual,18236042720733.0,constant local currency units (source base year varies),observed,WB_WDI,NY.GDP.MKTP.KN
Kazakhstan,KAZ,Europe & Central Asia,Upper middle income,GDP (current LCU),gdp_nominal_current_lcu_annual,2025,annual,159561346600000.0,current local currency units,observed,WB_WDI,NY.GDP.MKTP.CN
Kazakhstan,KAZ,Europe & Central Asia,Upper middle income,GDP (current US$),gdp_nominal_current_usd_annual,2025,annual,306239209650.024,current US dollars,observed,WB_WDI,NY.GDP.MKTP.CD
Kazakhstan,KAZ,Europe & Central Asia,Upper middle income,GDP growth (annual %),gdp_real_growth_yoy_pct_annual,2025,annual,6.5,percent per year,observed,WB_WDI,NY.GDP.MKTP.KD.ZG
Kazakhstan,KAZ,Europe & Central Asia,Upper middle income,GDP per capita (constant 2015 US$),gdp_per_capita_real_2015_usd_annual,2025,annual,12492.1392679131,constant 2015 US dollars per person,observed,WB_WDI,NY.GDP.PCAP.KD
Kazakhstan,KAZ,Europe & Central Asia,Upper middle income,GDP per capita (constant LCU),gdp_per_capita_real_lcu_annual,2025,annual,874892.436397637,constant local currency units per person (source base year varies),observed,WB_WDI,NY.GDP.PCAP.KN
Kazakhstan,KAZ,Europe & Central Asia,Upper middle income,GDP per capita (current LCU),gdp_per_capita_nominal_lcu_annual,2025,annual,7655115.6092132,current local currency units per person,observed,WB_WDI,NY.GDP.PCAP.CN
Kazakhstan,KAZ,Europe & Central Asia,Upper middle income,GDP per capita (current US$),gdp_per_capita_nominal_usd_annual,2025,annual,14692.1331757237,current US dollars per person,observed,WB_WDI,NY.GDP.PCAP.CD
Kazakhstan,KAZ,Europe & Central Asia,Upper middle income,GDP per capita growth (annual %),gdp_per_capita_real_growth_yoy_pct_annual,2025,annual,5.21659445318726,percent per year,observed,WB_WDI,NY.GDP.PCAP.KD.ZG
Kazakhstan,KAZ,Europe & Central Asia,Upper middle income,"GNI per capita, PPP (current international $)",gni_per_capita_ppp_current_intl_dollar_annual,2025,annual,41090.0,current international dollars per person,observed,WB_WDI,NY.GNP.PCAP.PP.CD
Kazakhstan,KAZ,Europe & Central Asia,Upper middle income,"Inflation, consumer prices (annual %)",inflation_consumer_prices_yoy_pct_annual_wdi,2025,annual,11.3879454675914,percent per year,observed,WB_WDI,FP.CPI.TOTL.ZG
Kazakhstan,KAZ,Europe & Central Asia,Upper middle income,"Life expectancy at birth, total (years)",life_expectancy_years_annual,2024,annual,74.531,years,observed,WB_WDI,SP.DYN.LE00.IN
Kazakhstan,KAZ,Europe & Central Asia,Upper middle income,"Nominal GDP growth, year over year (annual)",gdp_nominal_growth_yoy_pct_annual_lcu,2025,annual,16.729441193176452,percent per year,derived,WB_WDI,calculated:NY.GDP.MKTP.CN:year_over_year
Kazakhstan,KAZ,Europe & Central Asia,Upper middle income,"Nominal GDP per-capita growth, year over year (annual)",gdp_per_capita_nominal_growth_yoy_pct_annual_lcu,2025,annual,15.322763143376704,percent per year,derived,WB_WDI,calculated:NY.GDP.PCAP.CN:year_over_year
Kazakhstan,KAZ,Europe & Central Asia,Upper middle income,"Population, total",population_total_annual,2025,annual,20843754.0,people,observed,WB_WDI,SP.POP.TOTL
Kazakhstan,KAZ,Europe & Central Asia,Upper middle income,Poverty headcount ratio at $3.00 a day (2021 PPP) (% of population),poverty_headcount_at_3usd_2021_ppp_pct_annual,2021,annual,0.0,percent of population,observed,WB_WDI,SI.POV.DDAY
Kazakhstan,KAZ,Europe & Central Asia,Upper middle income,"Unemployment, total (% of total labor force) (modeled ILO estimate)",unemployment_rate_ilo_modeled_pct_annual,2025,annual,4.771,percent of labor force,observed,WB_WDI,SL.UEM.TOTL.ZS
Kenya,KEN,Sub-Saharan Africa,Lower middle income,Consumer price index (2010 = 100),cpi_index_annual_wdi,2025,annual,267.825434002955,index points (2010=100),observed,WB_WDI,FP.CPI.TOTL
Kenya,KEN,Sub-Saharan Africa,Lower middle income,GDP (constant 2015 US$),gdp_real_constant_2015_usd_annual,2025,annual,109761569108.182,constant 2015 US dollars,observed,WB_WDI,NY.GDP.MKTP.KD
Kenya,KEN,Sub-Saharan Africa,Lower middle income,GDP (constant LCU),gdp_real_constant_lcu_annual,2025,annual,11406590000000.0,constant local currency units (source base year varies),observed,WB_WDI,NY.GDP.MKTP.KN
Kenya,KEN,Sub-Saharan Africa,Lower middle income,GDP (current LCU),gdp_nominal_current_lcu_annual,2025,annual,17577557000000.0,current local currency units,observed,WB_WDI,NY.GDP.MKTP.CN
Kenya,KEN,Sub-Saharan Africa,Lower middle income,GDP (current US$),gdp_nominal_current_usd_annual,2025,annual,135941278878.815,current US dollars,observed,WB_WDI,NY.GDP.MKTP.CD
Kenya,KEN,Sub-Saharan Africa,Lower middle income,GDP growth (annual %),gdp_real_growth_yoy_pct_annual,2025,annual,4.63261093844984,percent per year,observed,WB_WDI,NY.GDP.MKTP.KD.ZG
Kenya,KEN,Sub-Saharan Africa,Lower middle income,GDP per capita (constant 2015 US$),gdp_per_capita_real_2015_usd_annual,2025,annual,1907.81875397233,constant 2015 US dollars per person,observed,WB_WDI,NY.GDP.PCAP.KD
Kenya,KEN,Sub-Saharan Africa,Lower middle income,GDP per capita (constant LCU),gdp_per_capita_real_lcu_annual,2025,annual,198263.440452685,constant local currency units per person (source base year varies),observed,WB_WDI,NY.GDP.PCAP.KN
Kenya,KEN,Sub-Saharan Africa,Lower middle income,GDP per capita (current LCU),gdp_per_capita_nominal_lcu_annual,2025,annual,305523.99319807,current local currency units per person,observed,WB_WDI,NY.GDP.PCAP.CN
Kenya,KEN,Sub-Saharan Africa,Lower middle income,GDP per capita (current US$),gdp_per_capita_nominal_usd_annual,2025,annual,2362.86091198611,current US dollars per person,observed,WB_WDI,NY.GDP.PCAP.CD
Kenya,KEN,Sub-Saharan Africa,Lower middle income,GDP per capita growth (annual %),gdp_per_capita_real_growth_yoy_pct_annual,2025,annual,2.63289431353732,percent per year,observed,WB_WDI,NY.GDP.PCAP.KD.ZG
Kenya,KEN,Sub-Saharan Africa,Lower middle income,"GNI per capita, PPP (current international $)",gni_per_capita_ppp_current_intl_dollar_annual,2025,annual,6910.0,current international dollars per person,observed,WB_WDI,NY.GNP.PCAP.PP.CD
Kenya,KEN,Sub-Saharan Africa,Lower middle income,"Inflation, consumer prices (annual %)",inflation_consumer_prices_yoy_pct_annual_wdi,2025,annual,4.06912878540729,percent per year,observed,WB_WDI,FP.CPI.TOTL.ZG
Kenya,KEN,Sub-Saharan Africa,Lower middle income,"Life expectancy at birth, total (years)",life_expectancy_years_annual,2024,annual,63.834,years,observed,WB_WDI,SP.DYN.LE00.IN
Kenya,KEN,Sub-Saharan Africa,Lower middle income,"Nominal GDP growth, year over year (annual)",gdp_nominal_growth_yoy_pct_annual_lcu,2025,annual,8.287565005441323,percent per year,derived,WB_WDI,calculated:NY.GDP.MKTP.CN:year_over_year
Kenya,KEN,Sub-Saharan Africa,Lower middle income,"Nominal GDP per-capita growth, year over year (annual)",gdp_per_capita_nominal_growth_yoy_pct_annual_lcu,2025,annual,6.2179956611378095,percent per year,derived,WB_WDI,calculated:NY.GDP.PCAP.CN:year_over_year
Kenya,KEN,Sub-Saharan Africa,Lower middle income,"Population, total",population_total_annual,2025,annual,57532493.0,people,observed,WB_WDI,SP.POP.TOTL
Kenya,KEN,Sub-Saharan Africa,Lower middle income,Poverty headcount ratio at $3.00 a day (2021 PPP) (% of population),poverty_headcount_at_3usd_2021_ppp_pct_annual,2022,annual,45.5,percent of population,observed,WB_WDI,SI.POV.DDAY
Kenya,KEN,Sub-Saharan Africa,Lower middle income,"Unemployment, total (% of total labor force) (modeled ILO estimate)",unemployment_rate_ilo_modeled_pct_annual,2025,annual,5.449,percent of labor force,observed,WB_WDI,SL.UEM.TOTL.ZS
Kyrgyz Republic,KGZ,Europe & Central Asia,Lower middle income,Consumer price index (2010 = 100),cpi_index_annual_wdi,2025,annual,265.548108334208,index points (2010=100),observed,WB_WDI,FP.CPI.TOTL
Kyrgyz Republic,KGZ,Europe & Central Asia,Lower middle income,GDP (constant 2015 US$),gdp_real_constant_2015_usd_annual,2025,annual,11421728478.9395,constant 2015 US dollars,observed,WB_WDI,NY.GDP.MKTP.KD
Kyrgyz Republic,KGZ,Europe & Central Asia,Lower middle income,GDP (constant LCU),gdp_real_constant_lcu_annual,2025,annual,943105601929.71,constant local currency units (source base year varies),observed,WB_WDI,NY.GDP.MKTP.KN
Kyrgyz Republic,KGZ,Europe & Central Asia,Lower middle income,GDP (current LCU),gdp_nominal_current_lcu_annual,2025,annual,1976389400000.0,current local currency units,observed,WB_WDI,NY.GDP.MKTP.CN
Kyrgyz Republic,KGZ,Europe & Central Asia,Lower middle income,GDP (current US$),gdp_nominal_current_usd_annual,2025,annual,22623752095.4613,current US dollars,observed,WB_WDI,NY.GDP.MKTP.CD
Kyrgyz Republic,KGZ,Europe & Central Asia,Lower middle income,GDP growth (annual %),gdp_real_growth_yoy_pct_annual,2025,annual,11.0960203357132,percent per year,observed,WB_WDI,NY.GDP.MKTP.KD.ZG
Kyrgyz Republic,KGZ,Europe & Central Asia,Lower middle income,GDP per capita (constant 2015 US$),gdp_per_capita_real_2015_usd_annual,2025,annual,1555.4444955048,constant 2015 US dollars per person,observed,WB_WDI,NY.GDP.PCAP.KD
Kyrgyz Republic,KGZ,Europe & Central Asia,Lower middle income,GDP per capita (constant LCU),gdp_per_capita_real_lcu_annual,2025,annual,128434.887933662,constant local currency units per person (source base year varies),observed,WB_WDI,NY.GDP.PCAP.KN
Kyrgyz Republic,KGZ,Europe & Central Asia,Lower middle income,GDP per capita (current LCU),gdp_per_capita_nominal_lcu_annual,2025,annual,269150.507199719,current local currency units per person,observed,WB_WDI,NY.GDP.PCAP.CN
Kyrgyz Republic,KGZ,Europe & Central Asia,Lower middle income,GDP per capita (current US$),gdp_per_capita_nominal_usd_annual,2025,annual,3080.96893823359,current US dollars per person,observed,WB_WDI,NY.GDP.PCAP.CD
Kyrgyz Republic,KGZ,Europe & Central Asia,Lower middle income,GDP per capita growth (annual %),gdp_per_capita_real_growth_yoy_pct_annual,2025,annual,9.26239975435819,percent per year,observed,WB_WDI,NY.GDP.PCAP.KD.ZG
Kyrgyz Republic,KGZ,Europe & Central Asia,Lower middle income,"GNI per capita, PPP (current international $)",gni_per_capita_ppp_current_intl_dollar_annual,2025,annual,9120.0,current international dollars per person,observed,WB_WDI,NY.GNP.PCAP.PP.CD
Kyrgyz Republic,KGZ,Europe & Central Asia,Lower middle income,"Inflation, consumer prices (annual %)",inflation_consumer_prices_yoy_pct_annual_wdi,2025,annual,8.21496013406325,percent per year,observed,WB_WDI,FP.CPI.TOTL.ZG
Kyrgyz Republic,KGZ,Europe & Central Asia,Lower middle income,"Life expectancy at birth, total (years)",life_expectancy_years_annual,2024,annual,72.4,years,observed,WB_WDI,SP.DYN.LE00.IN
Kyrgyz Republic,KGZ,Europe & Central Asia,Lower middle income,"Nominal GDP growth, year over year (annual)",gdp_nominal_growth_yoy_pct_annual_lcu,2025,annual,24.86730092991385,percent per year,derived,WB_WDI,calculated:NY.GDP.MKTP.CN:year_over_year
Kyrgyz Republic,KGZ,Europe & Central Asia,Lower middle income,"Nominal GDP per-capita growth, year over year (annual)",gdp_per_capita_nominal_growth_yoy_pct_annual_lcu,2025,annual,22.80638774660182,percent per year,derived,WB_WDI,calculated:NY.GDP.PCAP.CN:year_over_year
Kyrgyz Republic,KGZ,Europe & Central Asia,Lower middle income,"Population, total",population_total_annual,2025,annual,7343064.0,people,observed,WB_WDI,SP.POP.TOTL
Kyrgyz Republic,KGZ,Europe & Central Asia,Lower middle income,Poverty headcount ratio at $3.00 a day (2021 PPP) (% of population),poverty_headcount_at_3usd_2021_ppp_pct_annual,2024,annual,2.2,percent of population,observed,WB_WDI,SI.POV.DDAY
Kyrgyz Republic,KGZ,Europe & Central Asia,Lower middle income,"Unemployment, total (% of total labor force) (modeled ILO estimate)",unemployment_rate_ilo_modeled_pct_annual,2025,annual,3.526,percent of labor force,observed,WB_WDI,SL.UEM.TOTL.ZS
Cambodia,KHM,East Asia & Pacific,Lower middle income,Consumer price index (2010 = 100),cpi_index_annual_wdi,2025,annual,153.020271624614,index points (2010=100),observed,WB_WDI,FP.CPI.TOTL
Cambodia,KHM,East Asia & Pacific,Lower middle income,GDP (constant 2015 US$),gdp_real_constant_2015_usd_annual,2025,annual,40575632562.1218,constant 2015 US dollars,observed,WB_WDI,NY.GDP.MKTP.KD
Cambodia,KHM,East Asia & Pacific,Lower middle income,GDP (constant LCU),gdp_real_constant_lcu_annual,2025,annual,160136368761000.0,constant local currency units (source base year varies),observed,WB_WDI,NY.GDP.MKTP.KN
Cambodia,KHM,East Asia & Pacific,Lower middle income,GDP (current LCU),gdp_nominal_current_lcu_annual,2025,annual,205756939199100.0,current local currency units,observed,WB_WDI,NY.GDP.MKTP.CN
Cambodia,KHM,East Asia & Pacific,Lower middle income,GDP (current US$),gdp_nominal_current_usd_annual,2025,annual,51267065842.9641,current US dollars,observed,WB_WDI,NY.GDP.MKTP.CD
Cambodia,KHM,East Asia & Pacific,Lower middle income,GDP growth (annual %),gdp_real_growth_yoy_pct_annual,2025,annual,5.34932084572877,percent per year,observed,WB_WDI,NY.GDP.MKTP.KD.ZG
Cambodia,KHM,East Asia & Pacific,Lower middle income,GDP per capita (constant 2015 US$),gdp_per_capita_real_2015_usd_annual,2025,annual,2273.40169673646,constant 2015 US dollars per person,observed,WB_WDI,NY.GDP.PCAP.KD
Cambodia,KHM,East Asia & Pacific,Lower middle income,GDP per capita (constant LCU),gdp_per_capita_real_lcu_annual,2025,annual,8972239.4812478,constant local currency units per person (source base year varies),observed,WB_WDI,NY.GDP.PCAP.KN
Cambodia,KHM,East Asia & Pacific,Lower middle income,GDP per capita (current LCU),gdp_per_capita_nominal_lcu_annual,2025,annual,11528302.7066645,current local currency units per person,observed,WB_WDI,NY.GDP.PCAP.CN
Cambodia,KHM,East Asia & Pacific,Lower middle income,GDP per capita (current US$),gdp_per_capita_nominal_usd_annual,2025,annual,2872.42926639909,current US dollars per person,observed,WB_WDI,NY.GDP.PCAP.CD
Cambodia,KHM,East Asia & Pacific,Lower middle income,GDP per capita growth (annual %),gdp_per_capita_real_growth_yoy_pct_annual,2025,annual,4.11461115788671,percent per year,observed,WB_WDI,NY.GDP.PCAP.KD.ZG
Cambodia,KHM,East Asia & Pacific,Lower middle income,"GNI per capita, PPP (current international $)",gni_per_capita_ppp_current_intl_dollar_annual,2025,annual,8390.0,current international dollars per person,observed,WB_WDI,NY.GNP.PCAP.PP.CD
Cambodia,KHM,East Asia & Pacific,Lower middle income,"Inflation, consumer prices (annual %)",inflation_consumer_prices_yoy_pct_annual_wdi,2025,annual,2.35127105896507,percent per year,observed,WB_WDI,FP.CPI.TOTL.ZG
Cambodia,KHM,East Asia & Pacific,Lower middle income,"Life expectancy at birth, total (years)",life_expectancy_years_annual,2024,annual,70.817,years,observed,WB_WDI,SP.DYN.LE00.IN
Cambodia,KHM,East Asia & Pacific,Lower middle income,"Nominal GDP growth, year over year (annual)",gdp_nominal_growth_yoy_pct_annual_lcu,2025,annual,9.000832839443973,percent per year,derived,WB_WDI,calculated:NY.GDP.MKTP.CN:year_over_year
Cambodia,KHM,East Asia & Pacific,Lower middle income,"Nominal GDP per-capita growth, year over year (annual)",gdp_per_capita_nominal_growth_yoy_pct_annual_lcu,2025,annual,7.723326888676563,percent per year,derived,WB_WDI,calculated:NY.GDP.PCAP.CN:year_over_year
Cambodia,KHM,East Asia & Pacific,Lower middle income,"Population, total",population_total_annual,2025,annual,17847982.0,people,observed,WB_WDI,SP.POP.TOTL
Cambodia,KHM,East Asia & Pacific,Lower middle income,"Unemployment, total (% of total labor force) (modeled ILO estimate)",unemployment_rate_ilo_modeled_pct_annual,2025,annual,0.263,percent of labor force,observed,WB_WDI,SL.UEM.TOTL.ZS
Kiribati,KIR,East Asia & Pacific,Lower middle income,Consumer price index (2010 = 100),cpi_index_annual_wdi,2024,annual,124.107836289559,index points (2010=100),observed,WB_WDI,FP.CPI.TOTL
Kiribati,KIR,East Asia & Pacific,Lower middle income,GDP (constant 2015 US$),gdp_real_constant_2015_usd_annual,2025,annual,287797935.373709,constant 2015 US dollars,observed,WB_WDI,NY.GDP.MKTP.KD
Kiribati,KIR,East Asia & Pacific,Lower middle income,GDP (constant LCU),gdp_real_constant_lcu_annual,2025,annual,395000000.0,constant local currency units (source base year varies),observed,WB_WDI,NY.GDP.MKTP.KN
Kiribati,KIR,East Asia & Pacific,Lower middle income,GDP (current LCU),gdp_nominal_current_lcu_annual,2025,annual,542000000.0,current local currency units,observed,WB_WDI,NY.GDP.MKTP.CN
Kiribati,KIR,East Asia & Pacific,Lower middle income,GDP (current US$),gdp_nominal_current_usd_annual,2025,annual,349227254.158833,current US dollars,observed,WB_WDI,NY.GDP.MKTP.CD
Kiribati,KIR,East Asia & Pacific,Lower middle income,GDP growth (annual %),gdp_real_growth_yoy_pct_annual,2025,annual,4.22163588390501,percent per year,observed,WB_WDI,NY.GDP.MKTP.KD.ZG
Kiribati,KIR,East Asia & Pacific,Lower middle income,GDP per capita (constant 2015 US$),gdp_per_capita_real_2015_usd_annual,2025,annual,2108.59515396012,constant 2015 US dollars per person,observed,WB_WDI,NY.GDP.PCAP.KD
Kiribati,KIR,East Asia & Pacific,Lower middle income,GDP per capita (constant LCU),gdp_per_capita_real_lcu_annual,2025,annual,2894.02731375652,constant local currency units per person (source base year varies),observed,WB_WDI,NY.GDP.PCAP.KN
Kiribati,KIR,East Asia & Pacific,Lower middle income,GDP per capita (current LCU),gdp_per_capita_nominal_lcu_annual,2025,annual,3971.04507355958,current local currency units per person,observed,WB_WDI,NY.GDP.PCAP.CN
Kiribati,KIR,East Asia & Pacific,Lower middle income,GDP per capita (current US$),gdp_per_capita_nominal_usd_annual,2025,annual,2558.66636011102,current US dollars per person,observed,WB_WDI,NY.GDP.PCAP.CD
Kiribati,KIR,East Asia & Pacific,Lower middle income,GDP per capita growth (annual %),gdp_per_capita_real_growth_yoy_pct_annual,2025,annual,2.71735255722947,percent per year,observed,WB_WDI,NY.GDP.PCAP.KD.ZG
Kiribati,KIR,East Asia & Pacific,Lower middle income,"GNI per capita, PPP (current international $)",gni_per_capita_ppp_current_intl_dollar_annual,2025,annual,6080.0,current international dollars per person,observed,WB_WDI,NY.GNP.PCAP.PP.CD
Kiribati,KIR,East Asia & Pacific,Lower middle income,"Inflation, consumer prices (annual %)",inflation_consumer_prices_yoy_pct_annual_wdi,2024,annual,2.45545072159028,percent per year,observed,WB_WDI,FP.CPI.TOTL.ZG
Kiribati,KIR,East Asia & Pacific,Lower middle income,"Life expectancy at birth, total (years)",life_expectancy_years_annual,2024,annual,66.6,years,observed,WB_WDI,SP.DYN.LE00.IN
Kiribati,KIR,East Asia & Pacific,Lower middle income,"Nominal GDP growth, year over year (annual)",gdp_nominal_growth_yoy_pct_annual_lcu,2025,annual,4.230769230769238,percent per year,derived,WB_WDI,calculated:NY.GDP.MKTP.CN:year_over_year
Kiribati,KIR,East Asia & Pacific,Lower middle income,"Nominal GDP per-capita growth, year over year (annual)",gdp_per_capita_nominal_growth_yoy_pct_annual_lcu,2025,annual,2.7263540779014273,percent per year,derived,WB_WDI,calculated:NY.GDP.PCAP.CN:year_over_year
Kiribati,KIR,East Asia & Pacific,Lower middle income,"Population, total",population_total_annual,2025,annual,136488.0,people,observed,WB_WDI,SP.POP.TOTL
Kiribati,KIR,East Asia & Pacific,Lower middle income,Poverty headcount ratio at $3.00 a day (2021 PPP) (% of population),poverty_headcount_at_3usd_2021_ppp_pct_annual,2023,annual,0.9,percent of population,observed,WB_WDI,SI.POV.DDAY
St. Kitts and Nevis,KNA,Latin America & Caribbean,High income,Consumer price index (2010 = 100),cpi_index_annual_wdi,2023,annual,110.823845926704,index points (2010=100),observed,WB_WDI,FP.CPI.TOTL
St. Kitts and Nevis,KNA,Latin America & Caribbean,High income,GDP (constant 2015 US$),gdp_real_constant_2015_usd_annual,2025,annual,1043449132.66188,constant 2015 US dollars,observed,WB_WDI,NY.GDP.MKTP.KD
St. Kitts and Nevis,KNA,Latin America & Caribbean,High income,GDP (constant LCU),gdp_real_constant_lcu_annual,2025,annual,2368810000.0,constant local currency units (source base year varies),observed,WB_WDI,NY.GDP.MKTP.KN
St. Kitts and Nevis,KNA,Latin America & Caribbean,High income,GDP (current LCU),gdp_nominal_current_lcu_annual,2025,annual,3195490000.0,current local currency units,observed,WB_WDI,NY.GDP.MKTP.CN
St. Kitts and Nevis,KNA,Latin America & Caribbean,High income,GDP (current US$),gdp_nominal_current_usd_annual,2025,annual,1183514814.81481,current US dollars,observed,WB_WDI,NY.GDP.MKTP.CD
St. Kitts and Nevis,KNA,Latin America & Caribbean,High income,GDP growth (annual %),gdp_real_growth_yoy_pct_annual,2025,annual,2.68858456990016,percent per year,observed,WB_WDI,NY.GDP.MKTP.KD.ZG
St. Kitts and Nevis,KNA,Latin America & Caribbean,High income,GDP per capita (constant 2015 US$),gdp_per_capita_real_2015_usd_annual,2025,annual,22237.9509113396,constant 2015 US dollars per person,observed,WB_WDI,NY.GDP.PCAP.KD
St. Kitts and Nevis,KNA,Latin America & Caribbean,High income,GDP per capita (constant LCU),gdp_per_capita_real_lcu_annual,2025,annual,50483.9947146328,constant local currency units per person (source base year varies),observed,WB_WDI,NY.GDP.PCAP.KN
St. Kitts and Nevis,KNA,Latin America & Caribbean,High income,GDP per capita (current LCU),gdp_per_capita_nominal_lcu_annual,2025,annual,68102.1695579899,current local currency units per person,observed,WB_WDI,NY.GDP.PCAP.CN
St. Kitts and Nevis,KNA,Latin America & Caribbean,High income,GDP per capita (current US$),gdp_per_capita_nominal_usd_annual,2025,annual,25223.0257622185,current US dollars per person,observed,WB_WDI,NY.GDP.PCAP.CD
St. Kitts and Nevis,KNA,Latin America & Caribbean,High income,GDP per capita growth (annual %),gdp_per_capita_real_growth_yoy_pct_annual,2025,annual,2.51569342755708,percent per year,observed,WB_WDI,NY.GDP.PCAP.KD.ZG
St. Kitts and Nevis,KNA,Latin America & Caribbean,High income,"GNI per capita, PPP (current international $)",gni_per_capita_ppp_current_intl_dollar_annual,2025,annual,36430.0,current international dollars per person,observed,WB_WDI,NY.GNP.PCAP.PP.CD
St. Kitts and Nevis,KNA,Latin America & Caribbean,High income,"Inflation, consumer prices (annual %)",inflation_consumer_prices_yoy_pct_annual_wdi,2023,annual,3.55711230848243,percent per year,observed,WB_WDI,FP.CPI.TOTL.ZG
St. Kitts and Nevis,KNA,Latin America & Caribbean,High income,"Life expectancy at birth, total (years)",life_expectancy_years_annual,2024,annual,72.281,years,observed,WB_WDI,SP.DYN.LE00.IN
St. Kitts and Nevis,KNA,Latin America & Caribbean,High income,"Nominal GDP growth, year over year (annual)",gdp_nominal_growth_yoy_pct_annual_lcu,2025,annual,5.446055866290478,percent per year,derived,WB_WDI,calculated:NY.GDP.MKTP.CN:year_over_year
St. Kitts and Nevis,KNA,Latin America & Caribbean,High income,"Nominal GDP per-capita growth, year over year (annual)",gdp_per_capita_nominal_growth_yoy_pct_annual_lcu,2025,annual,5.268522120639529,percent per year,derived,WB_WDI,calculated:NY.GDP.PCAP.CN:year_over_year
St. Kitts and Nevis,KNA,Latin America & Caribbean,High income,"Population, total",population_total_annual,2025,annual,46922.0,people,observed,WB_WDI,SP.POP.TOTL
"Korea, Rep.",KOR,East Asia & Pacific,High income,Consumer price index (2010 = 100),cpi_index_annual_wdi,2025,annual,135.002199769989,index points (2010=100),observed,WB_WDI,FP.CPI.TOTL
"Korea, Rep.",KOR,East Asia & Pacific,High income,GDP (constant 2015 US$),gdp_real_constant_2015_usd_annual,2025,annual,1936603041534.49,constant 2015 US dollars,observed,WB_WDI,NY.GDP.MKTP.KD
"Korea, Rep.",KOR,East Asia & Pacific,High income,GDP (constant LCU),gdp_real_constant_lcu_annual,2025,annual,2315285300000000.0,constant local currency units (source base year varies),observed,WB_WDI,NY.GDP.MKTP.KN
"Korea, Rep.",KOR,East Asia & Pacific,High income,GDP (current LCU),gdp_nominal_current_lcu_annual,2025,annual,2663342600000000.0,current local currency units,observed,WB_WDI,NY.GDP.MKTP.CN
"Korea, Rep.",KOR,East Asia & Pacific,High income,GDP (current US$),gdp_nominal_current_usd_annual,2025,annual,1872374961553.15,current US dollars,observed,WB_WDI,NY.GDP.MKTP.CD
"Korea, Rep.",KOR,East Asia & Pacific,High income,GDP growth (annual %),gdp_real_growth_yoy_pct_annual,2025,annual,1.00701840291242,percent per year,observed,WB_WDI,NY.GDP.MKTP.KD.ZG
"Korea, Rep.",KOR,East Asia & Pacific,High income,GDP per capita (constant 2015 US$),gdp_per_capita_real_2015_usd_annual,2025,annual,37469.6600233386,constant 2015 US dollars per person,observed,WB_WDI,NY.GDP.PCAP.KD
"Korea, Rep.",KOR,East Asia & Pacific,High income,GDP per capita (constant LCU),gdp_per_capita_real_lcu_annual,2025,annual,44796456.0560093,constant local currency units per person (source base year varies),observed,WB_WDI,NY.GDP.PCAP.KN
"Korea, Rep.",KOR,East Asia & Pacific,High income,GDP per capita (current LCU),gdp_per_capita_nominal_lcu_annual,2025,annual,51530716.2115172,current local currency units per person,observed,WB_WDI,NY.GDP.PCAP.CN
"Korea, Rep.",KOR,East Asia & Pacific,High income,GDP per capita (current US$),gdp_per_capita_nominal_usd_annual,2025,annual,36226.9663637512,current US dollars per person,observed,WB_WDI,NY.GDP.PCAP.CD
"Korea, Rep.",KOR,East Asia & Pacific,High income,GDP per capita growth (annual %),gdp_per_capita_real_growth_yoy_pct_annual,2025,annual,1.13698114634992,percent per year,observed,WB_WDI,NY.GDP.PCAP.KD.ZG
"Korea, Rep.",KOR,East Asia & Pacific,High income,"GNI per capita, PPP (current international $)",gni_per_capita_ppp_current_intl_dollar_annual,2025,annual,64210.0,current international dollars per person,observed,WB_WDI,NY.GNP.PCAP.PP.CD
"Korea, Rep.",KOR,East Asia & Pacific,High income,"Inflation, consumer prices (annual %)",inflation_consumer_prices_yoy_pct_annual_wdi,2025,annual,2.12309421458659,percent per year,observed,WB_WDI,FP.CPI.TOTL.ZG
"Korea, Rep.",KOR,East Asia & Pacific,High income,"Life expectancy at birth, total (years)",life_expectancy_years_annual,2024,annual,83.6292682926829,years,observed,WB_WDI,SP.DYN.LE00.IN
"Korea, Rep.",KOR,East Asia & Pacific,High income,"Nominal GDP growth, year over year (annual)",gdp_nominal_growth_yoy_pct_annual_lcu,2025,annual,4.164690608087884,percent per year,derived,WB_WDI,calculated:NY.GDP.MKTP.CN:year_over_year
"Korea, Rep.",KOR,East Asia & Pacific,High income,"Nominal GDP per-capita growth, year over year (annual)",gdp_per_capita_nominal_growth_yoy_pct_annual_lcu,2025,annual,4.298716234968092,percent per year,derived,WB_WDI,calculated:NY.GDP.PCAP.CN:year_over_year
"Korea, Rep.",KOR,East Asia & Pacific,High income,"Population, total",population_total_annual,2025,annual,51684564.0,people,observed,WB_WDI,SP.POP.TOTL
"Korea, Rep.",KOR,East Asia & Pacific,High income,Poverty headcount ratio at $3.00 a day (2021 PPP) (% of population),poverty_headcount_at_3usd_2021_ppp_pct_annual,2021,annual,0.1,percent of population,observed,WB_WDI,SI.POV.DDAY
"Korea, Rep.",KOR,East Asia & Pacific,High income,"Unemployment, total (% of total labor force) (modeled ILO estimate)",unemployment_rate_ilo_modeled_pct_annual,2025,annual,2.683,percent of labor force,observed,WB_WDI,SL.UEM.TOTL.ZS
Kuwait,KWT,"Middle East, North Africa, Afghanistan & Pakistan",High income,Consumer price index (2010 = 100),cpi_index_annual_wdi,2025,annual,151.749969822804,index points (2010=100),observed,WB_WDI,FP.CPI.TOTL
Kuwait,KWT,"Middle East, North Africa, Afghanistan & Pakistan",High income,GDP (constant 2015 US$),gdp_real_constant_2015_usd_annual,2025,annual,121451130439.078,constant 2015 US dollars,observed,WB_WDI,NY.GDP.MKTP.KD
Kuwait,KWT,"Middle East, North Africa, Afghanistan & Pakistan",High income,GDP (constant LCU),gdp_real_constant_lcu_annual,2025,annual,41909493259.4136,constant local currency units (source base year varies),observed,WB_WDI,NY.GDP.MKTP.KN
Kuwait,KWT,"Middle East, North Africa, Afghanistan & Pakistan",High income,GDP (current LCU),gdp_nominal_current_lcu_annual,2025,annual,48177492346.7353,current local currency units,observed,WB_WDI,NY.GDP.MKTP.CN
Kuwait,KWT,"Middle East, North Africa, Afghanistan & Pakistan",High income,GDP (current US$),gdp_nominal_current_usd_annual,2025,annual,157209026926.418,current US dollars,observed,WB_WDI,NY.GDP.MKTP.CD
Kuwait,KWT,"Middle East, North Africa, Afghanistan & Pakistan",High income,GDP growth (annual %),gdp_real_growth_yoy_pct_annual,2025,annual,2.731825804492,percent per year,observed,WB_WDI,NY.GDP.MKTP.KD.ZG
Kuwait,KWT,"Middle East, North Africa, Afghanistan & Pakistan",High income,GDP per capita (constant 2015 US$),gdp_per_capita_real_2015_usd_annual,2025,annual,24962.7320750091,constant 2015 US dollars per person,observed,WB_WDI,NY.GDP.PCAP.KD
Kuwait,KWT,"Middle East, North Africa, Afghanistan & Pakistan",High income,GDP per capita (constant LCU),gdp_per_capita_real_lcu_annual,2025,annual,8613.96224021912,constant local currency units per person (source base year varies),observed,WB_WDI,NY.GDP.PCAP.KN
Kuwait,KWT,"Middle East, North Africa, Afghanistan & Pakistan",High income,GDP per capita (current LCU),gdp_per_capita_nominal_lcu_annual,2025,annual,9902.26957253909,current local currency units per person,observed,WB_WDI,NY.GDP.PCAP.CN
Kuwait,KWT,"Middle East, North Africa, Afghanistan & Pakistan",High income,GDP per capita (current US$),gdp_per_capita_nominal_usd_annual,2025,annual,32312.3119953634,current US dollars per person,observed,WB_WDI,NY.GDP.PCAP.CD
Kuwait,KWT,"Middle East, North Africa, Afghanistan & Pakistan",High income,GDP per capita growth (annual %),gdp_per_capita_real_growth_yoy_pct_annual,2025,annual,3.40677373406191,percent per year,observed,WB_WDI,NY.GDP.PCAP.KD.ZG
Kuwait,KWT,"Middle East, North Africa, Afghanistan & Pakistan",High income,"GNI per capita, PPP (current international $)",gni_per_capita_ppp_current_intl_dollar_annual,2024,annual,64040.0,current international dollars per person,observed,WB_WDI,NY.GNP.PCAP.PP.CD
Kuwait,KWT,"Middle East, North Africa, Afghanistan & Pakistan",High income,"Inflation, consumer prices (annual %)",inflation_consumer_prices_yoy_pct_annual_wdi,2025,annual,2.36195936682045,percent per year,observed,WB_WDI,FP.CPI.TOTL.ZG
Kuwait,KWT,"Middle East, North Africa, Afghanistan & Pakistan",High income,"Life expectancy at birth, total (years)",life_expectancy_years_annual,2024,annual,84.580487804878,years,observed,WB_WDI,SP.DYN.LE00.IN
Kuwait,KWT,"Middle East, North Africa, Afghanistan & Pakistan",High income,"Nominal GDP growth, year over year (annual)",gdp_nominal_growth_yoy_pct_annual_lcu,2025,annual,-2.37102489351404,percent per year,derived,WB_WDI,calculated:NY.GDP.MKTP.CN:year_over_year
Kuwait,KWT,"Middle East, North Africa, Afghanistan & Pakistan",High income,"Nominal GDP per-capita growth, year over year (annual)",gdp_per_capita_nominal_growth_yoy_pct_annual_lcu,2025,annual,-1.7296026847863022,percent per year,derived,WB_WDI,calculated:NY.GDP.PCAP.CN:year_over_year
Kuwait,KWT,"Middle East, North Africa, Afghanistan & Pakistan",High income,"Population, total",population_total_annual,2025,annual,4865298.0,people,observed,WB_WDI,SP.POP.TOTL
Kuwait,KWT,"Middle East, North Africa, Afghanistan & Pakistan",High income,"Unemployment, total (% of total labor force) (modeled ILO estimate)",unemployment_rate_ilo_modeled_pct_annual,2025,annual,2.181,percent of labor force,observed,WB_WDI,SL.UEM.TOTL.ZS
Lao PDR,LAO,East Asia & Pacific,Lower middle income,Consumer price index (2010 = 100),cpi_index_annual_wdi,2025,annual,317.161085072268,index points (2010=100),observed,WB_WDI,FP.CPI.TOTL
Lao PDR,LAO,East Asia & Pacific,Lower middle income,GDP (constant 2015 US$),gdp_real_constant_2015_usd_annual,2025,annual,22101637863.16,constant 2015 US dollars,observed,WB_WDI,NY.GDP.MKTP.KD
Lao PDR,LAO,East Asia & Pacific,Lower middle income,GDP (constant LCU),gdp_real_constant_lcu_annual,2025,annual,155911563570900.0,constant local currency units (source base year varies),observed,WB_WDI,NY.GDP.MKTP.KN
Lao PDR,LAO,East Asia & Pacific,Lower middle income,GDP (current LCU),gdp_nominal_current_lcu_annual,2025,annual,374188424280100.0,current local currency units,observed,WB_WDI,NY.GDP.MKTP.CN
Lao PDR,LAO,East Asia & Pacific,Lower middle income,GDP (current US$),gdp_nominal_current_usd_annual,2025,annual,18302970218.5902,current US dollars,observed,WB_WDI,NY.GDP.MKTP.CD
Lao PDR,LAO,East Asia & Pacific,Lower middle income,GDP growth (annual %),gdp_real_growth_yoy_pct_annual,2025,annual,4.53760564766725,percent per year,observed,WB_WDI,NY.GDP.MKTP.KD.ZG
Lao PDR,LAO,East Asia & Pacific,Lower middle income,GDP per capita (constant 2015 US$),gdp_per_capita_real_2015_usd_annual,2025,annual,2807.25374437797,constant 2015 US dollars per person,observed,WB_WDI,NY.GDP.PCAP.KD
Lao PDR,LAO,East Asia & Pacific,Lower middle income,GDP per capita (constant LCU),gdp_per_capita_real_lcu_annual,2025,annual,19803207.4969332,constant local currency units per person (source base year varies),observed,WB_WDI,NY.GDP.PCAP.KN
Lao PDR,LAO,East Asia & Pacific,Lower middle income,GDP per capita (current LCU),gdp_per_capita_nominal_lcu_annual,2025,annual,47527783.3103096,current local currency units per person,observed,WB_WDI,NY.GDP.PCAP.CN
Lao PDR,LAO,East Asia & Pacific,Lower middle income,GDP per capita (current US$),gdp_per_capita_nominal_usd_annual,2025,annual,2324.76353098791,current US dollars per person,observed,WB_WDI,NY.GDP.PCAP.CD
Lao PDR,LAO,East Asia & Pacific,Lower middle income,GDP per capita growth (annual %),gdp_per_capita_real_growth_yoy_pct_annual,2025,annual,3.16696670840642,percent per year,observed,WB_WDI,NY.GDP.PCAP.KD.ZG
Lao PDR,LAO,East Asia & Pacific,Lower middle income,"GNI per capita, PPP (current international $)",gni_per_capita_ppp_current_intl_dollar_annual,2025,annual,9800.0,current international dollars per person,observed,WB_WDI,NY.GNP.PCAP.PP.CD
Lao PDR,LAO,East Asia & Pacific,Lower middle income,"Inflation, consumer prices (annual %)",inflation_consumer_prices_yoy_pct_annual_wdi,2025,annual,7.74226936553695,percent per year,observed,WB_WDI,FP.CPI.TOTL.ZG
Lao PDR,LAO,East Asia & Pacific,Lower middle income,"Life expectancy at birth, total (years)",life_expectancy_years_annual,2024,annual,69.225,years,observed,WB_WDI,SP.DYN.LE00.IN
Lao PDR,LAO,East Asia & Pacific,Lower middle income,"Nominal GDP growth, year over year (annual)",gdp_nominal_growth_yoy_pct_annual_lcu,2025,annual,12.429628099348001,percent per year,derived,WB_WDI,calculated:NY.GDP.MKTP.CN:year_over_year
Lao PDR,LAO,East Asia & Pacific,Lower middle income,"Nominal GDP per-capita growth, year over year (annual)",gdp_per_capita_nominal_growth_yoy_pct_annual_lcu,2025,annual,10.95551335140772,percent per year,derived,WB_WDI,calculated:NY.GDP.PCAP.CN:year_over_year
Lao PDR,LAO,East Asia & Pacific,Lower middle income,"Population, total",population_total_annual,2025,annual,7873046.0,people,observed,WB_WDI,SP.POP.TOTL
Lao PDR,LAO,East Asia & Pacific,Lower middle income,Poverty headcount ratio at $3.00 a day (2021 PPP) (% of population),poverty_headcount_at_3usd_2021_ppp_pct_annual,2024,annual,7.1,percent of population,observed,WB_WDI,SI.POV.DDAY
Lao PDR,LAO,East Asia & Pacific,Lower middle income,"Unemployment, total (% of total labor force) (modeled ILO estimate)",unemployment_rate_ilo_modeled_pct_annual,2025,annual,1.187,percent of labor force,observed,WB_WDI,SL.UEM.TOTL.ZS
Lebanon,LBN,"Middle East, North Africa, Afghanistan & Pakistan",Lower middle income,Consumer price index (2010 = 100),cpi_index_annual_wdi,2025,annual,8882.58992454499,index points (2010=100),observed,WB_WDI,FP.CPI.TOTL
Lebanon,LBN,"Middle East, North Africa, Afghanistan & Pakistan",Lower middle income,GDP (constant 2015 US$),gdp_real_constant_2015_usd_annual,2024,annual,31301271532.2962,constant 2015 US dollars,observed,WB_WDI,NY.GDP.MKTP.KD
Lebanon,LBN,"Middle East, North Africa, Afghanistan & Pakistan",Lower middle income,GDP (constant LCU),gdp_real_constant_lcu_annual,2024,annual,40180318000000.0,constant local currency units (source base year varies),observed,WB_WDI,NY.GDP.MKTP.KN
Lebanon,LBN,"Middle East, North Africa, Afghanistan & Pakistan",Lower middle income,GDP (current LCU),gdp_nominal_current_lcu_annual,2024,annual,2324462088000000.0,current local currency units,observed,WB_WDI,NY.GDP.MKTP.CN
Lebanon,LBN,"Middle East, North Africa, Afghanistan & Pakistan",Lower middle income,GDP (current US$),gdp_nominal_current_usd_annual,2024,annual,25971643441.3408,current US dollars,observed,WB_WDI,NY.GDP.MKTP.CD
Lebanon,LBN,"Middle East, North Africa, Afghanistan & Pakistan",Lower middle income,GDP growth (annual %),gdp_real_growth_yoy_pct_annual,2024,annual,-7.07989192861814,percent per year,observed,WB_WDI,NY.GDP.MKTP.KD.ZG
Lebanon,LBN,"Middle East, North Africa, Afghanistan & Pakistan",Lower middle income,GDP per capita (constant 2015 US$),gdp_per_capita_real_2015_usd_annual,2024,annual,5391.22914209501,constant 2015 US dollars per person,observed,WB_WDI,NY.GDP.PCAP.KD
Lebanon,LBN,"Middle East, North Africa, Afghanistan & Pakistan",Lower middle income,GDP per capita (constant LCU),gdp_per_capita_real_lcu_annual,2024,annual,6920527.20978883,constant local currency units per person (source base year varies),observed,WB_WDI,NY.GDP.PCAP.KN
Lebanon,LBN,"Middle East, North Africa, Afghanistan & Pakistan",Lower middle income,GDP per capita (current LCU),gdp_per_capita_nominal_lcu_annual,2024,annual,400357785.324809,current local currency units per person,observed,WB_WDI,NY.GDP.PCAP.CN
Lebanon,LBN,"Middle East, North Africa, Afghanistan & Pakistan",Lower middle income,GDP per capita (current US$),gdp_per_capita_nominal_usd_annual,2024,annual,4473.27134441128,current US dollars per person,observed,WB_WDI,NY.GDP.PCAP.CD
Lebanon,LBN,"Middle East, North Africa, Afghanistan & Pakistan",Lower middle income,GDP per capita growth (annual %),gdp_per_capita_real_growth_yoy_pct_annual,2024,annual,-7.59953414966085,percent per year,observed,WB_WDI,NY.GDP.PCAP.KD.ZG
Lebanon,LBN,"Middle East, North Africa, Afghanistan & Pakistan",Lower middle income,"GNI per capita, PPP (current international $)",gni_per_capita_ppp_current_intl_dollar_annual,2024,annual,11790.0,current international dollars per person,observed,WB_WDI,NY.GNP.PCAP.PP.CD
Lebanon,LBN,"Middle East, North Africa, Afghanistan & Pakistan",Lower middle income,"Inflation, consumer prices (annual %)",inflation_consumer_prices_yoy_pct_annual_wdi,2025,annual,14.597595869611,percent per year,observed,WB_WDI,FP.CPI.TOTL.ZG
Lebanon,LBN,"Middle East, North Africa, Afghanistan & Pakistan",Lower middle income,"Life expectancy at birth, total (years)",life_expectancy_years_annual,2024,annual,77.945,years,observed,WB_WDI,SP.DYN.LE00.IN
Lebanon,LBN,"Middle East, North Africa, Afghanistan & Pakistan",Lower middle income,"Nominal GDP growth, year over year (annual)",gdp_nominal_growth_yoy_pct_annual_lcu,2024,annual,34.88374219814663,percent per year,derived,WB_WDI,calculated:NY.GDP.MKTP.CN:year_over_year
Lebanon,LBN,"Middle East, North Africa, Afghanistan & Pakistan",Lower middle income,"Nominal GDP per-capita growth, year over year (annual)",gdp_per_capita_nominal_growth_yoy_pct_annual_lcu,2024,annual,34.1294244424615,percent per year,derived,WB_WDI,calculated:NY.GDP.PCAP.CN:year_over_year
Lebanon,LBN,"Middle East, North Africa, Afghanistan & Pakistan",Lower middle income,"Population, total",population_total_annual,2025,annual,5849421.0,people,observed,WB_WDI,SP.POP.TOTL
Lebanon,LBN,"Middle East, North Africa, Afghanistan & Pakistan",Lower middle income,Poverty headcount ratio at $3.00 a day (2021 PPP) (% of population),poverty_headcount_at_3usd_2021_ppp_pct_annual,2022,annual,5.8,percent of population,observed,WB_WDI,SI.POV.DDAY
Lebanon,LBN,"Middle East, North Africa, Afghanistan & Pakistan",Lower middle income,"Unemployment, total (% of total labor force) (modeled ILO estimate)",unemployment_rate_ilo_modeled_pct_annual,2023,annual,10.985,percent of labor force,observed,WB_WDI,SL.UEM.TOTL.ZS
Liberia,LBR,Sub-Saharan Africa,Low income,Consumer price index (2010 = 100),cpi_index_annual_wdi,2025,annual,495.994586932209,index points (2010=100),observed,WB_WDI,FP.CPI.TOTL
Liberia,LBR,Sub-Saharan Africa,Low income,GDP (constant 2015 US$),gdp_real_constant_2015_usd_annual,2025,annual,3920364939.63214,constant 2015 US dollars,observed,WB_WDI,NY.GDP.MKTP.KD
Liberia,LBR,Sub-Saharan Africa,Low income,GDP (constant LCU),gdp_real_constant_lcu_annual,2025,annual,4193730300.0,constant local currency units (source base year varies),observed,WB_WDI,NY.GDP.MKTP.KN
Liberia,LBR,Sub-Saharan Africa,Low income,GDP (current LCU),gdp_nominal_current_lcu_annual,2025,annual,5245938900.0,current local currency units,observed,WB_WDI,NY.GDP.MKTP.CN
Liberia,LBR,Sub-Saharan Africa,Low income,GDP (current US$),gdp_nominal_current_usd_annual,2025,annual,5245938900.0,current US dollars,observed,WB_WDI,NY.GDP.MKTP.CD
Liberia,LBR,Sub-Saharan Africa,Low income,GDP growth (annual %),gdp_real_growth_yoy_pct_annual,2025,annual,5.01656107992214,percent per year,observed,WB_WDI,NY.GDP.MKTP.KD.ZG
Liberia,LBR,Sub-Saharan Africa,Low income,GDP per capita (constant 2015 US$),gdp_per_capita_real_2015_usd_annual,2025,annual,684.038392553354,constant 2015 US dollars per person,observed,WB_WDI,NY.GDP.PCAP.KD
Liberia,LBR,Sub-Saharan Africa,Low income,GDP per capita (constant LCU),gdp_per_capita_real_lcu_annual,2025,annual,731.736095334909,constant local currency units per person (source base year varies),observed,WB_WDI,NY.GDP.PCAP.KN
Liberia,LBR,Sub-Saharan Africa,Low income,GDP per capita (current LCU),gdp_per_capita_nominal_lcu_annual,2025,annual,915.328972645548,current local currency units per person,observed,WB_WDI,NY.GDP.PCAP.CN
Liberia,LBR,Sub-Saharan Africa,Low income,GDP per capita (current US$),gdp_per_capita_nominal_usd_annual,2025,annual,915.328972645548,current US dollars per person,observed,WB_WDI,NY.GDP.PCAP.CD
Liberia,LBR,Sub-Saharan Africa,Low income,GDP per capita growth (annual %),gdp_per_capita_real_growth_yoy_pct_annual,2025,annual,2.84724354890147,percent per year,observed,WB_WDI,NY.GDP.PCAP.KD.ZG
Liberia,LBR,Sub-Saharan Africa,Low income,"GNI per capita, PPP (current international $)",gni_per_capita_ppp_current_intl_dollar_annual,2025,annual,1840.0,current international dollars per person,observed,WB_WDI,NY.GNP.PCAP.PP.CD
Liberia,LBR,Sub-Saharan Africa,Low income,"Inflation, consumer prices (annual %)",inflation_consumer_prices_yoy_pct_annual_wdi,2025,annual,8.31564329402952,percent per year,observed,WB_WDI,FP.CPI.TOTL.ZG
Liberia,LBR,Sub-Saharan Africa,Low income,"Life expectancy at birth, total (years)",life_expectancy_years_annual,2024,annual,62.324,years,observed,WB_WDI,SP.DYN.LE00.IN
Liberia,LBR,Sub-Saharan Africa,Low income,"Nominal GDP growth, year over year (annual)",gdp_nominal_growth_yoy_pct_annual_lcu,2025,annual,9.763729251698706,percent per year,derived,WB_WDI,calculated:NY.GDP.MKTP.CN:year_over_year
Liberia,LBR,Sub-Saharan Africa,Low income,"Nominal GDP per-capita growth, year over year (annual)",gdp_per_capita_nominal_growth_yoy_pct_annual_lcu,2025,annual,7.496349900410526,percent per year,derived,WB_WDI,calculated:NY.GDP.PCAP.CN:year_over_year
Liberia,LBR,Sub-Saharan Africa,Low income,"Population, total",population_total_annual,2025,annual,5731206.0,people,observed,WB_WDI,SP.POP.TOTL
Liberia,LBR,Sub-Saharan Africa,Low income,Poverty headcount ratio at $3.00 a day (2021 PPP) (% of population),poverty_headcount_at_3usd_2021_ppp_pct_annual,2016,annual,33.6,percent of population,observed,WB_WDI,SI.POV.DDAY
Liberia,LBR,Sub-Saharan Africa,Low income,"Unemployment, total (% of total labor force) (modeled ILO estimate)",unemployment_rate_ilo_modeled_pct_annual,2025,annual,2.884,percent of labor force,observed,WB_WDI,SL.UEM.TOTL.ZS
Libya,LBY,"Middle East, North Africa, Afghanistan & Pakistan",Upper middle income,Consumer price index (2010 = 100),cpi_index_annual_wdi,2025,annual,289.413930284708,index points (2010=100),observed,WB_WDI,FP.CPI.TOTL
Libya,LBY,"Middle East, North Africa, Afghanistan & Pakistan",Upper middle income,GDP (constant 2015 US$),gdp_real_constant_2015_usd_annual,2025,annual,64400741235.432,constant 2015 US dollars,observed,WB_WDI,NY.GDP.MKTP.KD
Libya,LBY,"Middle East, North Africa, Afghanistan & Pakistan",Upper middle income,GDP (constant LCU),gdp_real_constant_lcu_annual,2025,annual,96661058400.0,constant local currency units (source base year varies),observed,WB_WDI,NY.GDP.MKTP.KN
Libya,LBY,"Middle East, North Africa, Afghanistan & Pakistan",Upper middle income,GDP (current LCU),gdp_nominal_current_lcu_annual,2025,annual,255169140600.0,current local currency units,observed,WB_WDI,NY.GDP.MKTP.CN
Libya,LBY,"Middle East, North Africa, Afghanistan & Pakistan",Upper middle income,GDP (current US$),gdp_nominal_current_usd_annual,2025,annual,48098909613.6316,current US dollars,observed,WB_WDI,NY.GDP.MKTP.CD
Libya,LBY,"Middle East, North Africa, Afghanistan & Pakistan",Upper middle income,GDP growth (annual %),gdp_real_growth_yoy_pct_annual,2025,annual,13.3717080516958,percent per year,observed,WB_WDI,NY.GDP.MKTP.KD.ZG
Libya,LBY,"Middle East, North Africa, Afghanistan & Pakistan",Upper middle income,GDP per capita (constant 2015 US$),gdp_per_capita_real_2015_usd_annual,2025,annual,8634.47963250683,constant 2015 US dollars per person,observed,WB_WDI,NY.GDP.PCAP.KD
Libya,LBY,"Middle East, North Africa, Afghanistan & Pakistan",Upper middle income,GDP per capita (constant LCU),gdp_per_capita_real_lcu_annual,2025,annual,12959.7567357216,constant local currency units per person (source base year varies),observed,WB_WDI,NY.GDP.PCAP.KN
Libya,LBY,"Middle East, North Africa, Afghanistan & Pakistan",Upper middle income,GDP per capita (current LCU),gdp_per_capita_nominal_lcu_annual,2025,annual,34211.605411504,current local currency units per person,observed,WB_WDI,NY.GDP.PCAP.CN
Libya,LBY,"Middle East, North Africa, Afghanistan & Pakistan",Upper middle income,GDP per capita (current US$),gdp_per_capita_nominal_usd_annual,2025,annual,6448.82415074121,current US dollars per person,observed,WB_WDI,NY.GDP.PCAP.CD
Libya,LBY,"Middle East, North Africa, Afghanistan & Pakistan",Upper middle income,GDP per capita growth (annual %),gdp_per_capita_real_growth_yoy_pct_annual,2025,annual,12.1932042706465,percent per year,observed,WB_WDI,NY.GDP.PCAP.KD.ZG
Libya,LBY,"Middle East, North Africa, Afghanistan & Pakistan",Upper middle income,"GNI per capita, PPP (current international $)",gni_per_capita_ppp_current_intl_dollar_annual,2025,annual,17150.0,current international dollars per person,observed,WB_WDI,NY.GNP.PCAP.PP.CD
Libya,LBY,"Middle East, North Africa, Afghanistan & Pakistan",Upper middle income,"Inflation, consumer prices (annual %)",inflation_consumer_prices_yoy_pct_annual_wdi,2025,annual,1.84166666666702,percent per year,observed,WB_WDI,FP.CPI.TOTL.ZG
Libya,LBY,"Middle East, North Africa, Afghanistan & Pakistan",Upper middle income,"Life expectancy at birth, total (years)",life_expectancy_years_annual,2024,annual,71.121,years,observed,WB_WDI,SP.DYN.LE00.IN
Libya,LBY,"Middle East, North Africa, Afghanistan & Pakistan",Upper middle income,"Nominal GDP growth, year over year (annual)",gdp_nominal_growth_yoy_pct_annual_lcu,2025,annual,8.907016901408449,percent per year,derived,WB_WDI,calculated:NY.GDP.MKTP.CN:year_over_year
Libya,LBY,"Middle East, North Africa, Afghanistan & Pakistan",Upper middle income,"Nominal GDP per-capita growth, year over year (annual)",gdp_per_capita_nominal_growth_yoy_pct_annual_lcu,2025,annual,7.7749237768825585,percent per year,derived,WB_WDI,calculated:NY.GDP.PCAP.CN:year_over_year
Libya,LBY,"Middle East, North Africa, Afghanistan & Pakistan",Upper middle income,"Population, total",population_total_annual,2025,annual,7458555.0,people,observed,WB_WDI,SP.POP.TOTL
Libya,LBY,"Middle East, North Africa, Afghanistan & Pakistan",Upper middle income,"Unemployment, total (% of total labor force) (modeled ILO estimate)",unemployment_rate_ilo_modeled_pct_annual,2025,annual,18.758,percent of labor force,observed,WB_WDI,SL.UEM.TOTL.ZS
St. Lucia,LCA,Latin America & Caribbean,Upper middle income,Consumer price index (2010 = 100),cpi_index_annual_wdi,2025,annual,128.513787634473,index points (2010=100),observed,WB_WDI,FP.CPI.TOTL
St. Lucia,LCA,Latin America & Caribbean,Upper middle income,GDP (constant 2015 US$),gdp_real_constant_2015_usd_annual,2025,annual,2178643364.46113,constant 2015 US dollars,observed,WB_WDI,NY.GDP.MKTP.KD
St. Lucia,LCA,Latin America & Caribbean,Upper middle income,GDP (constant LCU),gdp_real_constant_lcu_annual,2025,annual,6096400000.0,constant local currency units (source base year varies),observed,WB_WDI,NY.GDP.MKTP.KN
St. Lucia,LCA,Latin America & Caribbean,Upper middle income,GDP (current LCU),gdp_nominal_current_lcu_annual,2025,annual,7172400000.0,current local currency units,observed,WB_WDI,NY.GDP.MKTP.CN
St. Lucia,LCA,Latin America & Caribbean,Upper middle income,GDP (current US$),gdp_nominal_current_usd_annual,2025,annual,2656444444.44444,current US dollars,observed,WB_WDI,NY.GDP.MKTP.CD
St. Lucia,LCA,Latin America & Caribbean,Upper middle income,GDP growth (annual %),gdp_real_growth_yoy_pct_annual,2025,annual,-0.57407528214496,percent per year,observed,WB_WDI,NY.GDP.MKTP.KD.ZG
St. Lucia,LCA,Latin America & Caribbean,Upper middle income,GDP per capita (constant 2015 US$),gdp_per_capita_real_2015_usd_annual,2025,annual,12093.5634639167,constant 2015 US dollars per person,observed,WB_WDI,NY.GDP.PCAP.KD
St. Lucia,LCA,Latin America & Caribbean,Upper middle income,GDP per capita (constant LCU),gdp_per_capita_real_lcu_annual,2025,annual,33840.8761636201,constant local currency units per person (source base year varies),observed,WB_WDI,NY.GDP.PCAP.KN
St. Lucia,LCA,Latin America & Caribbean,Upper middle income,GDP per capita (current LCU),gdp_per_capita_nominal_lcu_annual,2025,annual,39813.7097624744,current local currency units per person,observed,WB_WDI,NY.GDP.PCAP.CN
St. Lucia,LCA,Latin America & Caribbean,Upper middle income,GDP per capita (current US$),gdp_per_capita_nominal_usd_annual,2025,annual,14745.8184305461,current US dollars per person,observed,WB_WDI,NY.GDP.PCAP.CD
St. Lucia,LCA,Latin America & Caribbean,Upper middle income,GDP per capita growth (annual %),gdp_per_capita_real_growth_yoy_pct_annual,2025,annual,-0.797598585137095,percent per year,observed,WB_WDI,NY.GDP.PCAP.KD.ZG
St. Lucia,LCA,Latin America & Caribbean,Upper middle income,"GNI per capita, PPP (current international $)",gni_per_capita_ppp_current_intl_dollar_annual,2025,annual,26180.0,current international dollars per person,observed,WB_WDI,NY.GNP.PCAP.PP.CD
St. Lucia,LCA,Latin America & Caribbean,Upper middle income,"Inflation, consumer prices (annual %)",inflation_consumer_prices_yoy_pct_annual_wdi,2025,annual,2.02709512086274,percent per year,observed,WB_WDI,FP.CPI.TOTL.ZG
St. Lucia,LCA,Latin America & Caribbean,Upper middle income,"Life expectancy at birth, total (years)",life_expectancy_years_annual,2024,annual,72.846,years,observed,WB_WDI,SP.DYN.LE00.IN
St. Lucia,LCA,Latin America & Caribbean,Upper middle income,"Nominal GDP growth, year over year (annual)",gdp_nominal_growth_yoy_pct_annual_lcu,2025,annual,1.969035670111885,percent per year,derived,WB_WDI,calculated:NY.GDP.MKTP.CN:year_over_year
St. Lucia,LCA,Latin America & Caribbean,Upper middle income,"Nominal GDP per-capita growth, year over year (annual)",gdp_per_capita_nominal_growth_yoy_pct_annual_lcu,2025,annual,1.7397951001037804,percent per year,derived,WB_WDI,calculated:NY.GDP.PCAP.CN:year_over_year
St. Lucia,LCA,Latin America & Caribbean,Upper middle income,"Population, total",population_total_annual,2025,annual,180149.0,people,observed,WB_WDI,SP.POP.TOTL
St. Lucia,LCA,Latin America & Caribbean,Upper middle income,Poverty headcount ratio at $3.00 a day (2021 PPP) (% of population),poverty_headcount_at_3usd_2021_ppp_pct_annual,2015,annual,0.1,percent of population,observed,WB_WDI,SI.POV.DDAY
St. Lucia,LCA,Latin America & Caribbean,Upper middle income,"Unemployment, total (% of total labor force) (modeled ILO estimate)",unemployment_rate_ilo_modeled_pct_annual,2025,annual,9.452,percent of labor force,observed,WB_WDI,SL.UEM.TOTL.ZS
Liechtenstein,LIE,Europe & Central Asia,High income,GDP (constant 2015 US$),gdp_real_constant_2015_usd_annual,2015,annual,6268515276.17441,constant 2015 US dollars,observed,WB_WDI,NY.GDP.MKTP.KD
Liechtenstein,LIE,Europe & Central Asia,High income,GDP (constant LCU),gdp_real_constant_lcu_annual,2009,annual,4817693800.0,constant local currency units (source base year varies),observed,WB_WDI,NY.GDP.MKTP.KN
Liechtenstein,LIE,Europe & Central Asia,High income,GDP (current LCU),gdp_nominal_current_lcu_annual,2024,annual,7841000000.0,current local currency units,observed,WB_WDI,NY.GDP.MKTP.CN
Liechtenstein,LIE,Europe & Central Asia,High income,GDP (current US$),gdp_nominal_current_usd_annual,2024,annual,8905764270.4054,current US dollars,observed,WB_WDI,NY.GDP.MKTP.CD
Liechtenstein,LIE,Europe & Central Asia,High income,GDP growth (annual %),gdp_real_growth_yoy_pct_annual,2009,annual,-1.15748291975636,percent per year,observed,WB_WDI,NY.GDP.MKTP.KD.ZG
Liechtenstein,LIE,Europe & Central Asia,High income,GDP per capita (constant 2015 US$),gdp_per_capita_real_2015_usd_annual,2015,annual,167187.15730982,constant 2015 US dollars per person,observed,WB_WDI,NY.GDP.PCAP.KD
Liechtenstein,LIE,Europe & Central Asia,High income,GDP per capita (constant LCU),gdp_per_capita_real_lcu_annual,2009,annual,134790.828716916,constant local currency units per person (source base year varies),observed,WB_WDI,NY.GDP.PCAP.KN
Liechtenstein,LIE,Europe & Central Asia,High income,GDP per capita (current LCU),gdp_per_capita_nominal_lcu_annual,2024,annual,193844.252163164,current local currency units per person,observed,WB_WDI,NY.GDP.PCAP.CN
Liechtenstein,LIE,Europe & Central Asia,High income,GDP per capita (current US$),gdp_per_capita_nominal_usd_annual,2024,annual,220167.225473557,current US dollars per person,observed,WB_WDI,NY.GDP.PCAP.CD
Liechtenstein,LIE,Europe & Central Asia,High income,GDP per capita growth (annual %),gdp_per_capita_real_growth_yoy_pct_annual,2009,annual,-1.90138748845943,percent per year,observed,WB_WDI,NY.GDP.PCAP.KD.ZG
Liechtenstein,LIE,Europe & Central Asia,High income,"Life expectancy at birth, total (years)",life_expectancy_years_annual,2024,annual,84.2,years,observed,WB_WDI,SP.DYN.LE00.IN
Liechtenstein,LIE,Europe & Central Asia,High income,"Nominal GDP growth, year over year (annual)",gdp_nominal_growth_yoy_pct_annual_lcu,2024,annual,5.916520329596109,percent per year,derived,WB_WDI,calculated:NY.GDP.MKTP.CN:year_over_year
Liechtenstein,LIE,Europe & Central Asia,High income,"Nominal GDP per-capita growth, year over year (annual)",gdp_per_capita_nominal_growth_yoy_pct_annual_lcu,2024,annual,4.334973276961396,percent per year,derived,WB_WDI,calculated:NY.GDP.PCAP.CN:year_over_year
Liechtenstein,LIE,Europe & Central Asia,High income,"Population, total",population_total_annual,2025,annual,41024.0,people,observed,WB_WDI,SP.POP.TOTL
Sri Lanka,LKA,South Asia,Upper middle income,Consumer price index (2010 = 100),cpi_index_annual_wdi,2025,annual,292.338789383343,index points (2010=100),observed,WB_WDI,FP.CPI.TOTL
Sri Lanka,LKA,South Asia,Upper middle income,GDP (constant 2015 US$),gdp_real_constant_2015_usd_annual,2025,annual,96577833375.7408,constant 2015 US dollars,observed,WB_WDI,NY.GDP.MKTP.KD
Sri Lanka,LKA,South Asia,Upper middle income,GDP (constant LCU),gdp_real_constant_lcu_annual,2025,annual,13128577135508.6,constant local currency units (source base year varies),observed,WB_WDI,NY.GDP.MKTP.KN
Sri Lanka,LKA,South Asia,Upper middle income,GDP (current LCU),gdp_nominal_current_lcu_annual,2025,annual,32750843826608.5,current local currency units,observed,WB_WDI,NY.GDP.MKTP.CN
Sri Lanka,LKA,South Asia,Upper middle income,GDP (current US$),gdp_nominal_current_usd_annual,2025,annual,108825231671.196,current US dollars,observed,WB_WDI,NY.GDP.MKTP.CD
Sri Lanka,LKA,South Asia,Upper middle income,GDP growth (annual %),gdp_real_growth_yoy_pct_annual,2025,annual,4.9534339114043,percent per year,observed,WB_WDI,NY.GDP.MKTP.KD.ZG
Sri Lanka,LKA,South Asia,Upper middle income,GDP per capita (constant 2015 US$),gdp_per_capita_real_2015_usd_annual,2025,annual,4439.13556608479,constant 2015 US dollars per person,observed,WB_WDI,NY.GDP.PCAP.KD
Sri Lanka,LKA,South Asia,Upper middle income,GDP per capita (constant LCU),gdp_per_capita_real_lcu_annual,2025,annual,603446.27392483,constant local currency units per person (source base year varies),observed,WB_WDI,NY.GDP.PCAP.KN
Sri Lanka,LKA,South Asia,Upper middle income,GDP per capita (current LCU),gdp_per_capita_nominal_lcu_annual,2025,annual,1505370.64840083,current local currency units per person,observed,WB_WDI,NY.GDP.PCAP.CN
Sri Lanka,LKA,South Asia,Upper middle income,GDP per capita (current US$),gdp_per_capita_nominal_usd_annual,2025,annual,5002.07904353724,current US dollars per person,observed,WB_WDI,NY.GDP.PCAP.CD
Sri Lanka,LKA,South Asia,Upper middle income,GDP per capita growth (annual %),gdp_per_capita_real_growth_yoy_pct_annual,2025,annual,5.72529222294247,percent per year,observed,WB_WDI,NY.GDP.PCAP.KD.ZG
Sri Lanka,LKA,South Asia,Upper middle income,"GNI per capita, PPP (current international $)",gni_per_capita_ppp_current_intl_dollar_annual,2025,annual,16750.0,current international dollars per person,observed,WB_WDI,NY.GNP.PCAP.PP.CD
Sri Lanka,LKA,South Asia,Upper middle income,"Inflation, consumer prices (annual %)",inflation_consumer_prices_yoy_pct_annual_wdi,2025,annual,-4.76386036960983,percent per year,observed,WB_WDI,FP.CPI.TOTL.ZG
Sri Lanka,LKA,South Asia,Upper middle income,"Life expectancy at birth, total (years)",life_expectancy_years_annual,2024,annual,77.672,years,observed,WB_WDI,SP.DYN.LE00.IN
Sri Lanka,LKA,South Asia,Upper middle income,"Nominal GDP growth, year over year (annual)",gdp_nominal_growth_yoy_pct_annual_lcu,2025,annual,8.821884239937127,percent per year,derived,WB_WDI,calculated:NY.GDP.MKTP.CN:year_over_year
Sri Lanka,LKA,South Asia,Upper middle income,"Nominal GDP per-capita growth, year over year (annual)",gdp_per_capita_nominal_growth_yoy_pct_annual_lcu,2025,annual,9.6221922689123,percent per year,derived,WB_WDI,calculated:NY.GDP.PCAP.CN:year_over_year
Sri Lanka,LKA,South Asia,Upper middle income,"Population, total",population_total_annual,2025,annual,21756000.0,people,observed,WB_WDI,SP.POP.TOTL
Sri Lanka,LKA,South Asia,Upper middle income,Poverty headcount ratio at $3.00 a day (2021 PPP) (% of population),poverty_headcount_at_3usd_2021_ppp_pct_annual,2019,annual,2.7,percent of population,observed,WB_WDI,SI.POV.DDAY
Sri Lanka,LKA,South Asia,Upper middle income,"Unemployment, total (% of total labor force) (modeled ILO estimate)",unemployment_rate_ilo_modeled_pct_annual,2025,annual,4.005,percent of labor force,observed,WB_WDI,SL.UEM.TOTL.ZS
Lesotho,LSO,Sub-Saharan Africa,Lower middle income,Consumer price index (2010 = 100),cpi_index_annual_wdi,2025,annual,221.028551441279,index points (2010=100),observed,WB_WDI,FP.CPI.TOTL
Lesotho,LSO,Sub-Saharan Africa,Lower middle income,GDP (constant 2015 US$),gdp_real_constant_2015_usd_annual,2025,annual,2413784465.89837,constant 2015 US dollars,observed,WB_WDI,NY.GDP.MKTP.KD
Lesotho,LSO,Sub-Saharan Africa,Lower middle income,GDP (constant LCU),gdp_real_constant_lcu_annual,2025,annual,22222000000.0,constant local currency units (source base year varies),observed,WB_WDI,NY.GDP.MKTP.KN
Lesotho,LSO,Sub-Saharan Africa,Lower middle income,GDP (current LCU),gdp_nominal_current_lcu_annual,2025,annual,46038000000.0,current local currency units,observed,WB_WDI,NY.GDP.MKTP.CN
Lesotho,LSO,Sub-Saharan Africa,Lower middle income,GDP (current US$),gdp_nominal_current_usd_annual,2025,annual,2573572920.05159,current US dollars,observed,WB_WDI,NY.GDP.MKTP.CD
Lesotho,LSO,Sub-Saharan Africa,Lower middle income,GDP growth (annual %),gdp_real_growth_yoy_pct_annual,2025,annual,1.98256080770996,percent per year,observed,WB_WDI,NY.GDP.MKTP.KD.ZG
Lesotho,LSO,Sub-Saharan Africa,Lower middle income,GDP per capita (constant 2015 US$),gdp_per_capita_real_2015_usd_annual,2025,annual,1021.35104816239,constant 2015 US dollars per person,observed,WB_WDI,NY.GDP.PCAP.KD
Lesotho,LSO,Sub-Saharan Africa,Lower middle income,GDP per capita (constant LCU),gdp_per_capita_real_lcu_annual,2025,annual,9402.8540298097,constant local currency units per person (source base year varies),observed,WB_WDI,NY.GDP.PCAP.KN
Lesotho,LSO,Sub-Saharan Africa,Lower middle income,GDP per capita (current LCU),gdp_per_capita_nominal_lcu_annual,2025,annual,19480.1815239123,current local currency units per person,observed,WB_WDI,NY.GDP.PCAP.CN
Lesotho,LSO,Sub-Saharan Africa,Lower middle income,GDP per capita (current US$),gdp_per_capita_nominal_usd_annual,2025,annual,1088.96276223185,current US dollars per person,observed,WB_WDI,NY.GDP.PCAP.CD
Lesotho,LSO,Sub-Saharan Africa,Lower middle income,GDP per capita growth (annual %),gdp_per_capita_real_growth_yoy_pct_annual,2025,annual,0.864833753647872,percent per year,observed,WB_WDI,NY.GDP.PCAP.KD.ZG
Lesotho,LSO,Sub-Saharan Africa,Lower middle income,"GNI per capita, PPP (current international $)",gni_per_capita_ppp_current_intl_dollar_annual,2025,annual,3900.0,current international dollars per person,observed,WB_WDI,NY.GNP.PCAP.PP.CD
Lesotho,LSO,Sub-Saharan Africa,Lower middle income,"Inflation, consumer prices (annual %)",inflation_consumer_prices_yoy_pct_annual_wdi,2025,annual,4.27011140706666,percent per year,observed,WB_WDI,FP.CPI.TOTL.ZG
Lesotho,LSO,Sub-Saharan Africa,Lower middle income,"Life expectancy at birth, total (years)",life_expectancy_years_annual,2024,annual,57.798,years,observed,WB_WDI,SP.DYN.LE00.IN
Lesotho,LSO,Sub-Saharan Africa,Lower middle income,"Nominal GDP growth, year over year (annual)",gdp_nominal_growth_yoy_pct_annual_lcu,2025,annual,5.040041981336563,percent per year,derived,WB_WDI,calculated:NY.GDP.MKTP.CN:year_over_year
Lesotho,LSO,Sub-Saharan Africa,Lower middle income,"Nominal GDP per-capita growth, year over year (annual)",gdp_per_capita_nominal_growth_yoy_pct_annual_lcu,2025,annual,3.88880498794808,percent per year,derived,WB_WDI,calculated:NY.GDP.PCAP.CN:year_over_year
Lesotho,LSO,Sub-Saharan Africa,Lower middle income,"Population, total",population_total_annual,2025,annual,2363325.0,people,observed,WB_WDI,SP.POP.TOTL
Lesotho,LSO,Sub-Saharan Africa,Lower middle income,Poverty headcount ratio at $3.00 a day (2021 PPP) (% of population),poverty_headcount_at_3usd_2021_ppp_pct_annual,2017,annual,41.9,percent of population,observed,WB_WDI,SI.POV.DDAY
Lesotho,LSO,Sub-Saharan Africa,Lower middle income,"Unemployment, total (% of total labor force) (modeled ILO estimate)",unemployment_rate_ilo_modeled_pct_annual,2025,annual,16.315,percent of labor force,observed,WB_WDI,SL.UEM.TOTL.ZS
Lithuania,LTU,Europe & Central Asia,High income,Consumer price index (2010 = 100),cpi_index_annual_wdi,2025,annual,171.242135647364,index points (2010=100),observed,WB_WDI,FP.CPI.TOTL
Lithuania,LTU,Europe & Central Asia,High income,GDP (constant 2015 US$),gdp_real_constant_2015_usd_annual,2025,annual,57090361644.5279,constant 2015 US dollars,observed,WB_WDI,NY.GDP.MKTP.KD
Lithuania,LTU,Europe & Central Asia,High income,GDP (constant LCU),gdp_real_constant_lcu_annual,2025,annual,58536162000.0,constant local currency units (source base year varies),observed,WB_WDI,NY.GDP.MKTP.KN
Lithuania,LTU,Europe & Central Asia,High income,GDP (current LCU),gdp_nominal_current_lcu_annual,2025,annual,84258028000.0,current local currency units,observed,WB_WDI,NY.GDP.MKTP.CN
Lithuania,LTU,Europe & Central Asia,High income,GDP (current US$),gdp_nominal_current_usd_annual,2025,annual,95210150818.3512,current US dollars,observed,WB_WDI,NY.GDP.MKTP.CD
Lithuania,LTU,Europe & Central Asia,High income,GDP growth (annual %),gdp_real_growth_yoy_pct_annual,2025,annual,2.92007656461696,percent per year,observed,WB_WDI,NY.GDP.MKTP.KD.ZG
Lithuania,LTU,Europe & Central Asia,High income,GDP per capita (constant 2015 US$),gdp_per_capita_real_2015_usd_annual,2025,annual,19762.8342142819,constant 2015 US dollars per person,observed,WB_WDI,NY.GDP.PCAP.KD
Lithuania,LTU,Europe & Central Asia,High income,GDP per capita (constant LCU),gdp_per_capita_real_lcu_annual,2025,annual,20263.3234721719,constant local currency units per person (source base year varies),observed,WB_WDI,NY.GDP.PCAP.KN
Lithuania,LTU,Europe & Central Asia,High income,GDP per capita (current LCU),gdp_per_capita_nominal_lcu_annual,2025,annual,29167.400426617,current local currency units per person,observed,WB_WDI,NY.GDP.PCAP.CN
Lithuania,LTU,Europe & Central Asia,High income,GDP per capita (current US$),gdp_per_capita_nominal_usd_annual,2025,annual,32958.6706396386,current US dollars per person,observed,WB_WDI,NY.GDP.PCAP.CD
Lithuania,LTU,Europe & Central Asia,High income,GDP per capita growth (annual %),gdp_per_capita_real_growth_yoy_pct_annual,2025,annual,2.90240527639017,percent per year,observed,WB_WDI,NY.GDP.PCAP.KD.ZG
Lithuania,LTU,Europe & Central Asia,High income,"GNI per capita, PPP (current international $)",gni_per_capita_ppp_current_intl_dollar_annual,2025,annual,55010.0,current international dollars per person,observed,WB_WDI,NY.GNP.PCAP.PP.CD
Lithuania,LTU,Europe & Central Asia,High income,"Inflation, consumer prices (annual %)",inflation_consumer_prices_yoy_pct_annual_wdi,2025,annual,3.79170510860467,percent per year,observed,WB_WDI,FP.CPI.TOTL.ZG
Lithuania,LTU,Europe & Central Asia,High income,"Life expectancy at birth, total (years)",life_expectancy_years_annual,2024,annual,77.1951219512195,years,observed,WB_WDI,SP.DYN.LE00.IN
Lithuania,LTU,Europe & Central Asia,High income,"Nominal GDP growth, year over year (annual)",gdp_nominal_growth_yoy_pct_annual_lcu,2025,annual,6.660868919066298,percent per year,derived,WB_WDI,calculated:NY.GDP.MKTP.CN:year_over_year
Lithuania,LTU,Europe & Central Asia,High income,"Nominal GDP per-capita growth, year over year (annual)",gdp_per_capita_nominal_growth_yoy_pct_annual_lcu,2025,annual,6.642555340024114,percent per year,derived,WB_WDI,calculated:NY.GDP.PCAP.CN:year_over_year
Lithuania,LTU,Europe & Central Asia,High income,"Population, total",population_total_annual,2025,annual,2888774.0,people,observed,WB_WDI,SP.POP.TOTL
Lithuania,LTU,Europe & Central Asia,High income,Poverty headcount ratio at $3.00 a day (2021 PPP) (% of population),poverty_headcount_at_3usd_2021_ppp_pct_annual,2023,annual,1.1,percent of population,observed,WB_WDI,SI.POV.DDAY
Lithuania,LTU,Europe & Central Asia,High income,"Unemployment, total (% of total labor force) (modeled ILO estimate)",unemployment_rate_ilo_modeled_pct_annual,2025,annual,6.731,percent of labor force,observed,WB_WDI,SL.UEM.TOTL.ZS
Luxembourg,LUX,Europe & Central Asia,High income,Consumer price index (2010 = 100),cpi_index_annual_wdi,2025,annual,136.948766948767,index points (2010=100),observed,WB_WDI,FP.CPI.TOTL
Luxembourg,LUX,Europe & Central Asia,High income,GDP (constant 2015 US$),gdp_real_constant_2015_usd_annual,2025,annual,70958604647.057,constant 2015 US dollars,observed,WB_WDI,NY.GDP.MKTP.KD
Luxembourg,LUX,Europe & Central Asia,High income,GDP (constant LCU),gdp_real_constant_lcu_annual,2025,annual,68961786000.0,constant local currency units (source base year varies),observed,WB_WDI,NY.GDP.MKTP.KN
Luxembourg,LUX,Europe & Central Asia,High income,GDP (current LCU),gdp_nominal_current_lcu_annual,2025,annual,89521539000.0,current local currency units,observed,WB_WDI,NY.GDP.MKTP.CN
Luxembourg,LUX,Europe & Central Asia,High income,GDP (current US$),gdp_nominal_current_usd_annual,2025,annual,101157829491.107,current US dollars,observed,WB_WDI,NY.GDP.MKTP.CD
Luxembourg,LUX,Europe & Central Asia,High income,GDP growth (annual %),gdp_real_growth_yoy_pct_annual,2025,annual,0.63787818818335,percent per year,observed,WB_WDI,NY.GDP.MKTP.KD.ZG
Luxembourg,LUX,Europe & Central Asia,High income,GDP per capita (constant 2015 US$),gdp_per_capita_real_2015_usd_annual,2025,annual,103292.144703636,constant 2015 US dollars per person,observed,WB_WDI,NY.GDP.PCAP.KD
Luxembourg,LUX,Europe & Central Asia,High income,GDP per capita (constant LCU),gdp_per_capita_real_lcu_annual,2025,annual,100385.440412245,constant local currency units per person (source base year varies),observed,WB_WDI,NY.GDP.PCAP.KN
Luxembourg,LUX,Europe & Central Asia,High income,GDP per capita (current LCU),gdp_per_capita_nominal_lcu_annual,2025,annual,130313.607581117,current local currency units per person,observed,WB_WDI,NY.GDP.PCAP.CN
Luxembourg,LUX,Europe & Central Asia,High income,GDP per capita (current US$),gdp_per_capita_nominal_usd_annual,2025,annual,147252.179121515,current US dollars per person,observed,WB_WDI,NY.GDP.PCAP.CD
Luxembourg,LUX,Europe & Central Asia,High income,GDP per capita growth (annual %),gdp_per_capita_real_growth_yoy_pct_annual,2025,annual,-0.820922037442116,percent per year,observed,WB_WDI,NY.GDP.PCAP.KD.ZG
Luxembourg,LUX,Europe & Central Asia,High income,"GNI per capita, PPP (current international $)",gni_per_capita_ppp_current_intl_dollar_annual,2025,annual,106640.0,current international dollars per person,observed,WB_WDI,NY.GNP.PCAP.PP.CD
Luxembourg,LUX,Europe & Central Asia,High income,"Inflation, consumer prices (annual %)",inflation_consumer_prices_yoy_pct_annual_wdi,2025,annual,2.25723817871726,percent per year,observed,WB_WDI,FP.CPI.TOTL.ZG
Luxembourg,LUX,Europe & Central Asia,High income,"Life expectancy at birth, total (years)",life_expectancy_years_annual,2024,annual,83.1951219512195,years,observed,WB_WDI,SP.DYN.LE00.IN
Luxembourg,LUX,Europe & Central Asia,High income,"Nominal GDP growth, year over year (annual)",gdp_nominal_growth_yoy_pct_annual_lcu,2025,annual,3.8770574892539322,percent per year,derived,WB_WDI,calculated:NY.GDP.MKTP.CN:year_over_year
Luxembourg,LUX,Europe & Central Asia,High income,"Nominal GDP per-capita growth, year over year (annual)",gdp_per_capita_nominal_growth_yoy_pct_annual_lcu,2025,annual,2.3713036157541723,percent per year,derived,WB_WDI,calculated:NY.GDP.PCAP.CN:year_over_year
Luxembourg,LUX,Europe & Central Asia,High income,"Population, total",population_total_annual,2025,annual,686970.0,people,observed,WB_WDI,SP.POP.TOTL
Luxembourg,LUX,Europe & Central Asia,High income,Poverty headcount ratio at $3.00 a day (2021 PPP) (% of population),poverty_headcount_at_3usd_2021_ppp_pct_annual,2023,annual,0.1,percent of population,observed,WB_WDI,SI.POV.DDAY
Luxembourg,LUX,Europe & Central Asia,High income,"Unemployment, total (% of total labor force) (modeled ILO estimate)",unemployment_rate_ilo_modeled_pct_annual,2025,annual,6.343,percent of labor force,observed,WB_WDI,SL.UEM.TOTL.ZS
Latvia,LVA,Europe & Central Asia,High income,Consumer price index (2010 = 100),cpi_index_annual_wdi,2025,annual,162.387495069516,index points (2010=100),observed,WB_WDI,FP.CPI.TOTL
Latvia,LVA,Europe & Central Asia,High income,GDP (constant 2015 US$),gdp_real_constant_2015_usd_annual,2025,annual,31213460641.1947,constant 2015 US dollars,observed,WB_WDI,NY.GDP.MKTP.KD
Latvia,LVA,Europe & Central Asia,High income,GDP (constant LCU),gdp_real_constant_lcu_annual,2025,annual,32212385000.0,constant local currency units (source base year varies),observed,WB_WDI,NY.GDP.MKTP.KN
Latvia,LVA,Europe & Central Asia,High income,GDP (current LCU),gdp_nominal_current_lcu_annual,2025,annual,43026190000.0,current local currency units,observed,WB_WDI,NY.GDP.MKTP.CN
Latvia,LVA,Europe & Central Asia,High income,GDP (current US$),gdp_nominal_current_usd_annual,2025,annual,48618869160.3254,current US dollars,observed,WB_WDI,NY.GDP.MKTP.CD
Latvia,LVA,Europe & Central Asia,High income,GDP growth (annual %),gdp_real_growth_yoy_pct_annual,2025,annual,2.13786855731288,percent per year,observed,WB_WDI,NY.GDP.MKTP.KD.ZG
Latvia,LVA,Europe & Central Asia,High income,GDP per capita (constant 2015 US$),gdp_per_capita_real_2015_usd_annual,2025,annual,16892.3660713745,constant 2015 US dollars per person,observed,WB_WDI,NY.GDP.PCAP.KD
Latvia,LVA,Europe & Central Asia,High income,GDP per capita (constant LCU),gdp_per_capita_real_lcu_annual,2025,annual,17432.9724507992,constant local currency units per person (source base year varies),observed,WB_WDI,NY.GDP.PCAP.KN
Latvia,LVA,Europe & Central Asia,High income,GDP per capita (current LCU),gdp_per_capita_nominal_lcu_annual,2025,annual,23285.2794020949,current local currency units per person,observed,WB_WDI,NY.GDP.PCAP.CN
Latvia,LVA,Europe & Central Asia,High income,GDP per capita (current US$),gdp_per_capita_nominal_usd_annual,2025,annual,26311.9730706362,current US dollars per person,observed,WB_WDI,NY.GDP.PCAP.CD
Latvia,LVA,Europe & Central Asia,High income,GDP per capita growth (annual %),gdp_per_capita_real_growth_yoy_pct_annual,2025,annual,3.1515721924612,percent per year,observed,WB_WDI,NY.GDP.PCAP.KD.ZG
Latvia,LVA,Europe & Central Asia,High income,"GNI per capita, PPP (current international $)",gni_per_capita_ppp_current_intl_dollar_annual,2025,annual,45740.0,current international dollars per person,observed,WB_WDI,NY.GNP.PCAP.PP.CD
Latvia,LVA,Europe & Central Asia,High income,"Inflation, consumer prices (annual %)",inflation_consumer_prices_yoy_pct_annual_wdi,2025,annual,3.74577316751945,percent per year,observed,WB_WDI,FP.CPI.TOTL.ZG
Latvia,LVA,Europe & Central Asia,High income,"Life expectancy at birth, total (years)",life_expectancy_years_annual,2024,annual,76.4292682926829,years,observed,WB_WDI,SP.DYN.LE00.IN
Latvia,LVA,Europe & Central Asia,High income,"Nominal GDP growth, year over year (annual)",gdp_nominal_growth_yoy_pct_annual_lcu,2025,annual,5.839450532685486,percent per year,derived,WB_WDI,calculated:NY.GDP.MKTP.CN:year_over_year
Latvia,LVA,Europe & Central Asia,High income,"Nominal GDP per-capita growth, year over year (annual)",gdp_per_capita_nominal_growth_yoy_pct_annual_lcu,2025,annual,6.889891835823403,percent per year,derived,WB_WDI,calculated:NY.GDP.PCAP.CN:year_over_year
Latvia,LVA,Europe & Central Asia,High income,"Population, total",population_total_annual,2025,annual,1847785.0,people,observed,WB_WDI,SP.POP.TOTL
Latvia,LVA,Europe & Central Asia,High income,Poverty headcount ratio at $3.00 a day (2021 PPP) (% of population),poverty_headcount_at_3usd_2021_ppp_pct_annual,2023,annual,0.4,percent of population,observed,WB_WDI,SI.POV.DDAY
Latvia,LVA,Europe & Central Asia,High income,"Unemployment, total (% of total labor force) (modeled ILO estimate)",unemployment_rate_ilo_modeled_pct_annual,2025,annual,6.568,percent of labor force,observed,WB_WDI,SL.UEM.TOTL.ZS
"Macao SAR, China",MAC,East Asia & Pacific,High income,Consumer price index (2010 = 100),cpi_index_annual_wdi,2025,annual,148.956048303645,index points (2010=100),observed,WB_WDI,FP.CPI.TOTL
"Macao SAR, China",MAC,East Asia & Pacific,High income,GDP (constant 2015 US$),gdp_real_constant_2015_usd_annual,2025,annual,45573992396.3692,constant 2015 US dollars,observed,WB_WDI,NY.GDP.MKTP.KD
"Macao SAR, China",MAC,East Asia & Pacific,High income,GDP (constant LCU),gdp_real_constant_lcu_annual,2025,annual,415317000000.0,constant local currency units (source base year varies),observed,WB_WDI,NY.GDP.MKTP.KN
"Macao SAR, China",MAC,East Asia & Pacific,High income,GDP (current LCU),gdp_nominal_current_lcu_annual,2025,annual,418040000000.0,current local currency units,observed,WB_WDI,NY.GDP.MKTP.CN
"Macao SAR, China",MAC,East Asia & Pacific,High income,GDP (current US$),gdp_nominal_current_usd_annual,2025,annual,52061007670.169,current US dollars,observed,WB_WDI,NY.GDP.MKTP.CD
"Macao SAR, China",MAC,East Asia & Pacific,High income,GDP growth (annual %),gdp_real_growth_yoy_pct_annual,2025,annual,4.67106705680436,percent per year,observed,WB_WDI,NY.GDP.MKTP.KD.ZG
"Macao SAR, China",MAC,East Asia & Pacific,High income,GDP per capita (constant 2015 US$),gdp_per_capita_real_2015_usd_annual,2025,annual,66444.076973858,constant 2015 US dollars per person,observed,WB_WDI,NY.GDP.PCAP.KD
"Macao SAR, China",MAC,East Asia & Pacific,High income,GDP per capita (constant LCU),gdp_per_capita_real_lcu_annual,2025,annual,605506.633620061,constant local currency units per person (source base year varies),observed,WB_WDI,NY.GDP.PCAP.KN
"Macao SAR, China",MAC,East Asia & Pacific,High income,GDP per capita (current LCU),gdp_per_capita_nominal_lcu_annual,2025,annual,609476.600087476,current local currency units per person,observed,WB_WDI,NY.GDP.PCAP.CN
"Macao SAR, China",MAC,East Asia & Pacific,High income,GDP per capita (current US$),gdp_per_capita_nominal_usd_annual,2025,annual,75901.7461294198,current US dollars per person,observed,WB_WDI,NY.GDP.PCAP.CD
"Macao SAR, China",MAC,East Asia & Pacific,High income,GDP per capita growth (annual %),gdp_per_capita_real_growth_yoy_pct_annual,2025,annual,4.83893143027348,percent per year,observed,WB_WDI,NY.GDP.PCAP.KD.ZG
"Macao SAR, China",MAC,East Asia & Pacific,High income,"GNI per capita, PPP (current international $)",gni_per_capita_ppp_current_intl_dollar_annual,2024,annual,125630.0,current international dollars per person,observed,WB_WDI,NY.GNP.PCAP.PP.CD
"Macao SAR, China",MAC,East Asia & Pacific,High income,"Inflation, consumer prices (annual %)",inflation_consumer_prices_yoy_pct_annual_wdi,2025,annual,0.333311677308542,percent per year,observed,WB_WDI,FP.CPI.TOTL.ZG
"Macao SAR, China",MAC,East Asia & Pacific,High income,"Life expectancy at birth, total (years)",life_expectancy_years_annual,2024,annual,83.3317073170732,years,observed,WB_WDI,SP.DYN.LE00.IN
"Macao SAR, China",MAC,East Asia & Pacific,High income,"Nominal GDP growth, year over year (annual)",gdp_nominal_growth_yoy_pct_annual_lcu,2025,annual,5.151423684475298,percent per year,derived,WB_WDI,calculated:NY.GDP.MKTP.CN:year_over_year
"Macao SAR, China",MAC,East Asia & Pacific,High income,"Nominal GDP per-capita growth, year over year (annual)",gdp_per_capita_nominal_growth_yoy_pct_annual_lcu,2025,annual,5.320058421394469,percent per year,derived,WB_WDI,calculated:NY.GDP.PCAP.CN:year_over_year
"Macao SAR, China",MAC,East Asia & Pacific,High income,"Population, total",population_total_annual,2025,annual,685900.0,people,observed,WB_WDI,SP.POP.TOTL
"Macao SAR, China",MAC,East Asia & Pacific,High income,"Unemployment, total (% of total labor force) (modeled ILO estimate)",unemployment_rate_ilo_modeled_pct_annual,2025,annual,2.347,percent of labor force,observed,WB_WDI,SL.UEM.TOTL.ZS
St. Martin (French part),MAF,Latin America & Caribbean,High income,GDP (constant LCU),gdp_real_constant_lcu_annual,2021,annual,510672500.0,constant local currency units (source base year varies),observed,WB_WDI,NY.GDP.MKTP.KN
St. Martin (French part),MAF,Latin America & Caribbean,High income,GDP (current LCU),gdp_nominal_current_lcu_annual,2021,annual,548900000.0,current local currency units,observed,WB_WDI,NY.GDP.MKTP.CN
St. Martin (French part),MAF,Latin America & Caribbean,High income,GDP (current US$),gdp_nominal_current_usd_annual,2021,annual,649206262.847519,current US dollars,observed,WB_WDI,NY.GDP.MKTP.CD
St. Martin (French part),MAF,Latin America & Caribbean,High income,GDP growth (annual %),gdp_real_growth_yoy_pct_annual,2021,annual,4.89999967133534,percent per year,observed,WB_WDI,NY.GDP.MKTP.KD.ZG
St. Martin (French part),MAF,Latin America & Caribbean,High income,GDP per capita (constant LCU),gdp_per_capita_real_lcu_annual,2021,annual,17044.5746136644,constant local currency units per person (source base year varies),observed,WB_WDI,NY.GDP.PCAP.KN
St. Martin (French part),MAF,Latin America & Caribbean,High income,GDP per capita (current LCU),gdp_per_capita_nominal_lcu_annual,2021,annual,18320.4832949501,current local currency units per person,observed,WB_WDI,NY.GDP.PCAP.CN
St. Martin (French part),MAF,Latin America & Caribbean,High income,GDP per capita (current US$),gdp_per_capita_nominal_usd_annual,2021,annual,21668.3776525323,current US dollars per person,observed,WB_WDI,NY.GDP.PCAP.CD
St. Martin (French part),MAF,Latin America & Caribbean,High income,GDP per capita growth (annual %),gdp_per_capita_real_growth_yoy_pct_annual,2021,annual,11.2897229582813,percent per year,observed,WB_WDI,NY.GDP.PCAP.KD.ZG
St. Martin (French part),MAF,Latin America & Caribbean,High income,"Life expectancy at birth, total (years)",life_expectancy_years_annual,2024,annual,80.438,years,observed,WB_WDI,SP.DYN.LE00.IN
St. Martin (French part),MAF,Latin America & Caribbean,High income,"Population, total",population_total_annual,2025,annual,24941.0,people,observed,WB_WDI,SP.POP.TOTL
Morocco,MAR,"Middle East, North Africa, Afghanistan & Pakistan",Lower middle income,Consumer price index (2010 = 100),cpi_index_annual_wdi,2025,annual,130.512793261471,index points (2010=100),observed,WB_WDI,FP.CPI.TOTL
Morocco,MAR,"Middle East, North Africa, Afghanistan & Pakistan",Lower middle income,GDP (constant 2015 US$),gdp_real_constant_2015_usd_annual,2025,annual,142223991027.897,constant 2015 US dollars,observed,WB_WDI,NY.GDP.MKTP.KD
Morocco,MAR,"Middle East, North Africa, Afghanistan & Pakistan",Lower middle income,GDP (constant LCU),gdp_real_constant_lcu_annual,2025,annual,1346016315400.0,constant local currency units (source base year varies),observed,WB_WDI,NY.GDP.MKTP.KN
Morocco,MAR,"Middle East, North Africa, Afghanistan & Pakistan",Lower middle income,GDP (current LCU),gdp_nominal_current_lcu_annual,2025,annual,1705253955500.0,current local currency units,observed,WB_WDI,NY.GDP.MKTP.CN
Morocco,MAR,"Middle East, North Africa, Afghanistan & Pakistan",Lower middle income,GDP (current US$),gdp_nominal_current_usd_annual,2025,annual,182374250612.28,current US dollars,observed,WB_WDI,NY.GDP.MKTP.CD
Morocco,MAR,"Middle East, North Africa, Afghanistan & Pakistan",Lower middle income,GDP growth (annual %),gdp_real_growth_yoy_pct_annual,2025,annual,4.59524349182247,percent per year,observed,WB_WDI,NY.GDP.MKTP.KD.ZG
Morocco,MAR,"Middle East, North Africa, Afghanistan & Pakistan",Lower middle income,GDP per capita (constant 2015 US$),gdp_per_capita_real_2015_usd_annual,2025,annual,3643.8095703125,constant 2015 US dollars per person,observed,WB_WDI,NY.GDP.PCAP.KD
Morocco,MAR,"Middle East, North Africa, Afghanistan & Pakistan",Lower middle income,GDP per capita (constant LCU),gdp_per_capita_real_lcu_annual,2025,annual,34485.23046875,constant local currency units per person (source base year varies),observed,WB_WDI,NY.GDP.PCAP.KN
Morocco,MAR,"Middle East, North Africa, Afghanistan & Pakistan",Lower middle income,GDP per capita (current LCU),gdp_per_capita_nominal_lcu_annual,2025,annual,43688.9765625,current local currency units per person,observed,WB_WDI,NY.GDP.PCAP.CN
Morocco,MAR,"Middle East, North Africa, Afghanistan & Pakistan",Lower middle income,GDP per capita (current US$),gdp_per_capita_nominal_usd_annual,2025,annual,4672.46826171875,current US dollars per person,observed,WB_WDI,NY.GDP.PCAP.CD
Morocco,MAR,"Middle East, North Africa, Afghanistan & Pakistan",Lower middle income,GDP per capita growth (annual %),gdp_per_capita_real_growth_yoy_pct_annual,2025,annual,3.63054771517801,percent per year,observed,WB_WDI,NY.GDP.PCAP.KD.ZG
Morocco,MAR,"Middle East, North Africa, Afghanistan & Pakistan",Lower middle income,"GNI per capita, PPP (current international $)",gni_per_capita_ppp_current_intl_dollar_annual,2025,annual,10960.0,current international dollars per person,observed,WB_WDI,NY.GNP.PCAP.PP.CD
Morocco,MAR,"Middle East, North Africa, Afghanistan & Pakistan",Lower middle income,"Inflation, consumer prices (annual %)",inflation_consumer_prices_yoy_pct_annual_wdi,2025,annual,0.701902154839545,percent per year,observed,WB_WDI,FP.CPI.TOTL.ZG
Morocco,MAR,"Middle East, North Africa, Afghanistan & Pakistan",Lower middle income,"Life expectancy at birth, total (years)",life_expectancy_years_annual,2024,annual,75.493,years,observed,WB_WDI,SP.DYN.LE00.IN
Morocco,MAR,"Middle East, North Africa, Afghanistan & Pakistan",Lower middle income,"Nominal GDP growth, year over year (annual)",gdp_nominal_growth_yoy_pct_annual_lcu,2025,annual,6.792023009783943,percent per year,derived,WB_WDI,calculated:NY.GDP.MKTP.CN:year_over_year
Morocco,MAR,"Middle East, North Africa, Afghanistan & Pakistan",Lower middle income,"Nominal GDP per-capita growth, year over year (annual)",gdp_per_capita_nominal_growth_yoy_pct_annual_lcu,2025,annual,5.80706378292879,percent per year,derived,WB_WDI,calculated:NY.GDP.PCAP.CN:year_over_year
Morocco,MAR,"Middle East, North Africa, Afghanistan & Pakistan",Lower middle income,"Population, total",population_total_annual,2025,annual,38430770.0,people,observed,WB_WDI,SP.POP.TOTL
Morocco,MAR,"Middle East, North Africa, Afghanistan & Pakistan",Lower middle income,Poverty headcount ratio at $3.00 a day (2021 PPP) (% of population),poverty_headcount_at_3usd_2021_ppp_pct_annual,2013,annual,3.7,percent of population,observed,WB_WDI,SI.POV.DDAY
Morocco,MAR,"Middle East, North Africa, Afghanistan & Pakistan",Lower middle income,"Unemployment, total (% of total labor force) (modeled ILO estimate)",unemployment_rate_ilo_modeled_pct_annual,2025,annual,9.0,percent of labor force,observed,WB_WDI,SL.UEM.TOTL.ZS
Monaco,MCO,Europe & Central Asia,High income,GDP (constant 2015 US$),gdp_real_constant_2015_usd_annual,2024,annual,9548428280.17131,constant 2015 US dollars,observed,WB_WDI,NY.GDP.MKTP.KD
Monaco,MCO,Europe & Central Asia,High income,GDP (constant LCU),gdp_real_constant_lcu_annual,2024,annual,9169900000.0,constant local currency units (source base year varies),observed,WB_WDI,NY.GDP.MKTP.KN
Monaco,MCO,Europe & Central Asia,High income,GDP (current LCU),gdp_nominal_current_lcu_annual,2024,annual,10279000000.0,current local currency units,observed,WB_WDI,NY.GDP.MKTP.CN
Monaco,MCO,Europe & Central Asia,High income,GDP (current US$),gdp_nominal_current_usd_annual,2024,annual,11125788838.2812,current US dollars,observed,WB_WDI,NY.GDP.MKTP.CD
Monaco,MCO,Europe & Central Asia,High income,GDP growth (annual %),gdp_real_growth_yoy_pct_annual,2024,annual,8.51053758860212,percent per year,observed,WB_WDI,NY.GDP.MKTP.KD.ZG
Monaco,MCO,Europe & Central Asia,High income,GDP per capita (constant 2015 US$),gdp_per_capita_real_2015_usd_annual,2024,annual,247170.10380708,constant 2015 US dollars per person,observed,WB_WDI,NY.GDP.PCAP.KD
Monaco,MCO,Europe & Central Asia,High income,GDP per capita (constant LCU),gdp_per_capita_real_lcu_annual,2024,annual,237371.540990396,constant local currency units per person (source base year varies),observed,WB_WDI,NY.GDP.PCAP.KN
Monaco,MCO,Europe & Central Asia,High income,GDP per capita (current LCU),gdp_per_capita_nominal_lcu_annual,2024,annual,266081.644275323,current local currency units per person,observed,WB_WDI,NY.GDP.PCAP.CN
Monaco,MCO,Europe & Central Asia,High income,GDP per capita (current US$),gdp_per_capita_nominal_usd_annual,2024,annual,288001.574856495,current US dollars per person,observed,WB_WDI,NY.GDP.PCAP.CD
Monaco,MCO,Europe & Central Asia,High income,GDP per capita growth (annual %),gdp_per_capita_real_growth_yoy_pct_annual,2024,annual,9.42342942977361,percent per year,observed,WB_WDI,NY.GDP.PCAP.KD.ZG
Monaco,MCO,Europe & Central Asia,High income,"Life expectancy at birth, total (years)",life_expectancy_years_annual,2024,annual,86.497,years,observed,WB_WDI,SP.DYN.LE00.IN
Monaco,MCO,Europe & Central Asia,High income,"Nominal GDP growth, year over year (annual)",gdp_nominal_growth_yoy_pct_annual_lcu,2024,annual,11.100302637267623,percent per year,derived,WB_WDI,calculated:NY.GDP.MKTP.CN:year_over_year
Monaco,MCO,Europe & Central Asia,High income,"Nominal GDP per-capita growth, year over year (annual)",gdp_per_capita_nominal_growth_yoy_pct_annual_lcu,2024,annual,12.034981997292494,percent per year,derived,WB_WDI,calculated:NY.GDP.PCAP.CN:year_over_year
Monaco,MCO,Europe & Central Asia,High income,"Population, total",population_total_annual,2025,annual,38341.0,people,observed,WB_WDI,SP.POP.TOTL
Moldova,MDA,Europe & Central Asia,Upper middle income,Consumer price index (2010 = 100),cpi_index_annual_wdi,2025,annual,298.535568206682,index points (2010=100),observed,WB_WDI,FP.CPI.TOTL
Moldova,MDA,Europe & Central Asia,Upper middle income,GDP (constant 2015 US$),gdp_real_constant_2015_usd_annual,2025,annual,9486079719.1752,constant 2015 US dollars,observed,WB_WDI,NY.GDP.MKTP.KD
Moldova,MDA,Europe & Central Asia,Upper middle income,GDP (constant LCU),gdp_real_constant_lcu_annual,2025,annual,178513553800.0,constant local currency units (source base year varies),observed,WB_WDI,NY.GDP.MKTP.KN
Moldova,MDA,Europe & Central Asia,Upper middle income,GDP (current LCU),gdp_nominal_current_lcu_annual,2025,annual,353520877200.0,current local currency units,observed,WB_WDI,NY.GDP.MKTP.CN
Moldova,MDA,Europe & Central Asia,Upper middle income,GDP (current US$),gdp_nominal_current_usd_annual,2025,annual,20351796275.2943,current US dollars,observed,WB_WDI,NY.GDP.MKTP.CD
Moldova,MDA,Europe & Central Asia,Upper middle income,GDP growth (annual %),gdp_real_growth_yoy_pct_annual,2025,annual,2.41649734575068,percent per year,observed,WB_WDI,NY.GDP.MKTP.KD.ZG
Moldova,MDA,Europe & Central Asia,Upper middle income,GDP per capita (constant 2015 US$),gdp_per_capita_real_2015_usd_annual,2025,annual,4018.62792468597,constant 2015 US dollars per person,observed,WB_WDI,NY.GDP.PCAP.KD
Moldova,MDA,Europe & Central Asia,Upper middle income,GDP per capita (constant LCU),gdp_per_capita_real_lcu_annual,2025,annual,75624.4490319323,constant local currency units per person (source base year varies),observed,WB_WDI,NY.GDP.PCAP.KN
Moldova,MDA,Europe & Central Asia,Upper middle income,GDP per capita (current LCU),gdp_per_capita_nominal_lcu_annual,2025,annual,149763.53890466,current local currency units per person,observed,WB_WDI,NY.GDP.PCAP.CN
Moldova,MDA,Europe & Central Asia,Upper middle income,GDP per capita (current US$),gdp_per_capita_nominal_usd_annual,2025,annual,8621.71721623786,current US dollars per person,observed,WB_WDI,NY.GDP.PCAP.CD
Moldova,MDA,Europe & Central Asia,Upper middle income,GDP per capita growth (annual %),gdp_per_capita_real_growth_yoy_pct_annual,2025,annual,4.22916834786508,percent per year,observed,WB_WDI,NY.GDP.PCAP.KD.ZG
Moldova,MDA,Europe & Central Asia,Upper middle income,"GNI per capita, PPP (current international $)",gni_per_capita_ppp_current_intl_dollar_annual,2025,annual,19990.0,current international dollars per person,observed,WB_WDI,NY.GNP.PCAP.PP.CD
Moldova,MDA,Europe & Central Asia,Upper middle income,"Inflation, consumer prices (annual %)",inflation_consumer_prices_yoy_pct_annual_wdi,2025,annual,7.75904124001159,percent per year,observed,WB_WDI,FP.CPI.TOTL.ZG
Moldova,MDA,Europe & Central Asia,Upper middle income,"Life expectancy at birth, total (years)",life_expectancy_years_annual,2024,annual,71.332,years,observed,WB_WDI,SP.DYN.LE00.IN
Moldova,MDA,Europe & Central Asia,Upper middle income,"Nominal GDP growth, year over year (annual)",gdp_nominal_growth_yoy_pct_annual_lcu,2025,annual,9.134120147884882,percent per year,derived,WB_WDI,calculated:NY.GDP.MKTP.CN:year_over_year
Moldova,MDA,Europe & Central Asia,Upper middle income,"Nominal GDP per-capita growth, year over year (annual)",gdp_per_capita_nominal_growth_yoy_pct_annual_lcu,2025,annual,11.065686448824952,percent per year,derived,WB_WDI,calculated:NY.GDP.PCAP.CN:year_over_year
Moldova,MDA,Europe & Central Asia,Upper middle income,"Population, total",population_total_annual,2025,annual,2360527.0,people,observed,WB_WDI,SP.POP.TOTL
Moldova,MDA,Europe & Central Asia,Upper middle income,Poverty headcount ratio at $3.00 a day (2021 PPP) (% of population),poverty_headcount_at_3usd_2021_ppp_pct_annual,2023,annual,0.1,percent of population,observed,WB_WDI,SI.POV.DDAY
Moldova,MDA,Europe & Central Asia,Upper middle income,"Unemployment, total (% of total labor force) (modeled ILO estimate)",unemployment_rate_ilo_modeled_pct_annual,2025,annual,1.505,percent of labor force,observed,WB_WDI,SL.UEM.TOTL.ZS
Madagascar,MDG,Sub-Saharan Africa,Low income,Consumer price index (2010 = 100),cpi_index_annual_wdi,2025,annual,280.820653516255,index points (2010=100),observed,WB_WDI,FP.CPI.TOTL
Madagascar,MDG,Sub-Saharan Africa,Low income,GDP (constant 2015 US$),gdp_real_constant_2015_usd_annual,2025,annual,14946436415.4163,constant 2015 US dollars,observed,WB_WDI,NY.GDP.MKTP.KD
Madagascar,MDG,Sub-Saharan Africa,Low income,GDP (constant LCU),gdp_real_constant_lcu_annual,2025,annual,24801536579500.0,constant local currency units (source base year varies),observed,WB_WDI,NY.GDP.MKTP.KN
Madagascar,MDG,Sub-Saharan Africa,Low income,GDP (current LCU),gdp_nominal_current_lcu_annual,2025,annual,88875314198800.0,current local currency units,observed,WB_WDI,NY.GDP.MKTP.CN
Madagascar,MDG,Sub-Saharan Africa,Low income,GDP (current US$),gdp_nominal_current_usd_annual,2025,annual,19620352035.7899,current US dollars,observed,WB_WDI,NY.GDP.MKTP.CD
Madagascar,MDG,Sub-Saharan Africa,Low income,GDP growth (annual %),gdp_real_growth_yoy_pct_annual,2025,annual,3.002568866856,percent per year,observed,WB_WDI,NY.GDP.MKTP.KD.ZG
Madagascar,MDG,Sub-Saharan Africa,Low income,GDP per capita (constant 2015 US$),gdp_per_capita_real_2015_usd_annual,2025,annual,456.509679348005,constant 2015 US dollars per person,observed,WB_WDI,NY.GDP.PCAP.KD
Madagascar,MDG,Sub-Saharan Africa,Low income,GDP per capita (constant LCU),gdp_per_capita_real_lcu_annual,2025,annual,757514.446692277,constant local currency units per person (source base year varies),observed,WB_WDI,NY.GDP.PCAP.KN
Madagascar,MDG,Sub-Saharan Africa,Low income,GDP per capita (current LCU),gdp_per_capita_nominal_lcu_annual,2025,annual,2714522.71693335,current local currency units per person,observed,WB_WDI,NY.GDP.PCAP.CN
Madagascar,MDG,Sub-Saharan Africa,Low income,GDP per capita (current US$),gdp_per_capita_nominal_usd_annual,2025,annual,599.265294255357,current US dollars per person,observed,WB_WDI,NY.GDP.PCAP.CD
Madagascar,MDG,Sub-Saharan Africa,Low income,GDP per capita growth (annual %),gdp_per_capita_real_growth_yoy_pct_annual,2025,annual,0.562138075333138,percent per year,observed,WB_WDI,NY.GDP.PCAP.KD.ZG
Madagascar,MDG,Sub-Saharan Africa,Low income,"GNI per capita, PPP (current international $)",gni_per_capita_ppp_current_intl_dollar_annual,2025,annual,1910.0,current international dollars per person,observed,WB_WDI,NY.GNP.PCAP.PP.CD
Madagascar,MDG,Sub-Saharan Africa,Low income,"Inflation, consumer prices (annual %)",inflation_consumer_prices_yoy_pct_annual_wdi,2025,annual,8.05052431791227,percent per year,observed,WB_WDI,FP.CPI.TOTL.ZG
Madagascar,MDG,Sub-Saharan Africa,Low income,"Life expectancy at birth, total (years)",life_expectancy_years_annual,2024,annual,63.835,years,observed,WB_WDI,SP.DYN.LE00.IN
Madagascar,MDG,Sub-Saharan Africa,Low income,"Nominal GDP growth, year over year (annual)",gdp_nominal_growth_yoy_pct_annual_lcu,2025,annual,11.631312631160394,percent per year,derived,WB_WDI,calculated:NY.GDP.MKTP.CN:year_over_year
Madagascar,MDG,Sub-Saharan Africa,Low income,"Nominal GDP per-capita growth, year over year (annual)",gdp_per_capita_nominal_growth_yoy_pct_annual_lcu,2025,annual,8.986441773664033,percent per year,derived,WB_WDI,calculated:NY.GDP.PCAP.CN:year_over_year
Madagascar,MDG,Sub-Saharan Africa,Low income,"Population, total",population_total_annual,2025,annual,32740678.0,people,observed,WB_WDI,SP.POP.TOTL
Madagascar,MDG,Sub-Saharan Africa,Low income,Poverty headcount ratio at $3.00 a day (2021 PPP) (% of population),poverty_headcount_at_3usd_2021_ppp_pct_annual,2021,annual,69.2,percent of population,observed,WB_WDI,SI.POV.DDAY
Madagascar,MDG,Sub-Saharan Africa,Low income,"Unemployment, total (% of total labor force) (modeled ILO estimate)",unemployment_rate_ilo_modeled_pct_annual,2025,annual,3.041,percent of labor force,observed,WB_WDI,SL.UEM.TOTL.ZS
Maldives,MDV,South Asia,Upper middle income,Consumer price index (2010 = 100),cpi_index_annual_wdi,2025,annual,150.409325350631,index points (2010=100),observed,WB_WDI,FP.CPI.TOTL
Maldives,MDV,South Asia,Upper middle income,GDP (constant 2015 US$),gdp_real_constant_2015_usd_annual,2025,annual,6620396113.49078,constant 2015 US dollars,observed,WB_WDI,NY.GDP.MKTP.KD
Maldives,MDV,South Asia,Upper middle income,GDP (constant LCU),gdp_real_constant_lcu_annual,2025,annual,106795988200.0,constant local currency units (source base year varies),observed,WB_WDI,NY.GDP.MKTP.KN
Maldives,MDV,South Asia,Upper middle income,GDP (current LCU),gdp_nominal_current_lcu_annual,2025,annual,119333794100.0,current local currency units,observed,WB_WDI,NY.GDP.MKTP.CN
Maldives,MDV,South Asia,Upper middle income,GDP (current US$),gdp_nominal_current_usd_annual,2025,annual,7741066860.6337,current US dollars,observed,WB_WDI,NY.GDP.MKTP.CD
Maldives,MDV,South Asia,Upper middle income,GDP growth (annual %),gdp_real_growth_yoy_pct_annual,2025,annual,6.31092335003081,percent per year,observed,WB_WDI,NY.GDP.MKTP.KD.ZG
Maldives,MDV,South Asia,Upper middle income,GDP per capita (constant 2015 US$),gdp_per_capita_real_2015_usd_annual,2025,annual,12498.9542918516,constant 2015 US dollars per person,observed,WB_WDI,NY.GDP.PCAP.KD
Maldives,MDV,South Asia,Upper middle income,GDP per capita (constant LCU),gdp_per_capita_real_lcu_annual,2025,annual,201625.122150145,constant local currency units per person (source base year varies),observed,WB_WDI,NY.GDP.PCAP.KN
Maldives,MDV,South Asia,Upper middle income,GDP per capita (current LCU),gdp_per_capita_nominal_lcu_annual,2025,annual,225295.830092358,current local currency units per person,observed,WB_WDI,NY.GDP.PCAP.CN
Maldives,MDV,South Asia,Upper middle income,GDP per capita (current US$),gdp_per_capita_nominal_usd_annual,2025,annual,14614.7208116541,current US dollars per person,observed,WB_WDI,NY.GDP.PCAP.CD
Maldives,MDV,South Asia,Upper middle income,GDP per capita growth (annual %),gdp_per_capita_real_growth_yoy_pct_annual,2025,annual,5.93419190830417,percent per year,observed,WB_WDI,NY.GDP.PCAP.KD.ZG
Maldives,MDV,South Asia,Upper middle income,"GNI per capita, PPP (current international $)",gni_per_capita_ppp_current_intl_dollar_annual,2025,annual,25600.0,current international dollars per person,observed,WB_WDI,NY.GNP.PCAP.PP.CD
Maldives,MDV,South Asia,Upper middle income,"Inflation, consumer prices (annual %)",inflation_consumer_prices_yoy_pct_annual_wdi,2025,annual,4.00578494118752,percent per year,observed,WB_WDI,FP.CPI.TOTL.ZG
Maldives,MDV,South Asia,Upper middle income,"Life expectancy at birth, total (years)",life_expectancy_years_annual,2024,annual,81.285,years,observed,WB_WDI,SP.DYN.LE00.IN
Maldives,MDV,South Asia,Upper middle income,"Nominal GDP growth, year over year (annual)",gdp_nominal_growth_yoy_pct_annual_lcu,2025,annual,9.810506779694306,percent per year,derived,WB_WDI,calculated:NY.GDP.MKTP.CN:year_over_year
Maldives,MDV,South Asia,Upper middle income,"Nominal GDP per-capita growth, year over year (annual)",gdp_per_capita_nominal_growth_yoy_pct_annual_lcu,2025,annual,9.421373949009704,percent per year,derived,WB_WDI,calculated:NY.GDP.PCAP.CN:year_over_year
Maldives,MDV,South Asia,Upper middle income,"Population, total",population_total_annual,2025,annual,529676.0,people,observed,WB_WDI,SP.POP.TOTL
Maldives,MDV,South Asia,Upper middle income,Poverty headcount ratio at $3.00 a day (2021 PPP) (% of population),poverty_headcount_at_3usd_2021_ppp_pct_annual,2019,annual,0.0,percent of population,observed,WB_WDI,SI.POV.DDAY
Maldives,MDV,South Asia,Upper middle income,"Unemployment, total (% of total labor force) (modeled ILO estimate)",unemployment_rate_ilo_modeled_pct_annual,2025,annual,4.514,percent of labor force,observed,WB_WDI,SL.UEM.TOTL.ZS
Mexico,MEX,Latin America & Caribbean,Upper middle income,Consumer price index (2010 = 100),cpi_index_annual_wdi,2025,annual,191.453424862064,index points (2010=100),observed,WB_WDI,FP.CPI.TOTL
Mexico,MEX,Latin America & Caribbean,Upper middle income,GDP (constant 2015 US$),gdp_real_constant_2015_usd_annual,2025,annual,1353338023059.52,constant 2015 US dollars,observed,WB_WDI,NY.GDP.MKTP.KD
Mexico,MEX,Latin America & Caribbean,Upper middle income,GDP (constant LCU),gdp_real_constant_lcu_annual,2025,annual,25507692897000.0,constant local currency units (source base year varies),observed,WB_WDI,NY.GDP.MKTP.KN
Mexico,MEX,Latin America & Caribbean,Upper middle income,GDP (current LCU),gdp_nominal_current_lcu_annual,2025,annual,35255452916000.0,current local currency units,observed,WB_WDI,NY.GDP.MKTP.CN
Mexico,MEX,Latin America & Caribbean,Upper middle income,GDP (current US$),gdp_nominal_current_usd_annual,2025,annual,1832641364775.52,current US dollars,observed,WB_WDI,NY.GDP.MKTP.CD
Mexico,MEX,Latin America & Caribbean,Upper middle income,GDP growth (annual %),gdp_real_growth_yoy_pct_annual,2025,annual,0.561683456144578,percent per year,observed,WB_WDI,NY.GDP.MKTP.KD.ZG
Mexico,MEX,Latin America & Caribbean,Upper middle income,GDP per capita (constant 2015 US$),gdp_per_capita_real_2015_usd_annual,2025,annual,10256.6867661121,constant 2015 US dollars per person,observed,WB_WDI,NY.GDP.PCAP.KD
Mexico,MEX,Latin America & Caribbean,Upper middle income,GDP per capita (constant LCU),gdp_per_capita_real_lcu_annual,2025,annual,193317.864209011,constant local currency units per person (source base year varies),observed,WB_WDI,NY.GDP.PCAP.KN
Mexico,MEX,Latin America & Caribbean,Upper middle income,GDP per capita (current LCU),gdp_per_capita_nominal_lcu_annual,2025,annual,267194.249474599,current local currency units per person,observed,WB_WDI,NY.GDP.PCAP.CN
Mexico,MEX,Latin America & Caribbean,Upper middle income,GDP per capita (current US$),gdp_per_capita_nominal_usd_annual,2025,annual,13889.2339628708,current US dollars per person,observed,WB_WDI,NY.GDP.PCAP.CD
Mexico,MEX,Latin America & Caribbean,Upper middle income,GDP per capita growth (annual %),gdp_per_capita_real_growth_yoy_pct_annual,2025,annual,-0.26591634448161,percent per year,observed,WB_WDI,NY.GDP.PCAP.KD.ZG
Mexico,MEX,Latin America & Caribbean,Upper middle income,"GNI per capita, PPP (current international $)",gni_per_capita_ppp_current_intl_dollar_annual,2025,annual,25070.0,current international dollars per person,observed,WB_WDI,NY.GNP.PCAP.PP.CD
Mexico,MEX,Latin America & Caribbean,Upper middle income,"Inflation, consumer prices (annual %)",inflation_consumer_prices_yoy_pct_annual_wdi,2025,annual,3.80668650726485,percent per year,observed,WB_WDI,FP.CPI.TOTL.ZG
Mexico,MEX,Latin America & Caribbean,Upper middle income,"Life expectancy at birth, total (years)",life_expectancy_years_annual,2024,annual,75.264,years,observed,WB_WDI,SP.DYN.LE00.IN
Mexico,MEX,Latin America & Caribbean,Upper middle income,"Nominal GDP growth, year over year (annual)",gdp_nominal_growth_yoy_pct_annual_lcu,2025,annual,5.218652804594792,percent per year,derived,WB_WDI,calculated:NY.GDP.MKTP.CN:year_over_year
Mexico,MEX,Latin America & Caribbean,Upper middle income,"Nominal GDP per-capita growth, year over year (annual)",gdp_per_capita_nominal_growth_yoy_pct_annual_lcu,2025,annual,4.352727204600071,percent per year,derived,WB_WDI,calculated:NY.GDP.PCAP.CN:year_over_year
Mexico,MEX,Latin America & Caribbean,Upper middle income,"Population, total",population_total_annual,2025,annual,131946900.0,people,observed,WB_WDI,SP.POP.TOTL
Mexico,MEX,Latin America & Caribbean,Upper middle income,Poverty headcount ratio at $3.00 a day (2021 PPP) (% of population),poverty_headcount_at_3usd_2021_ppp_pct_annual,2024,annual,1.6,percent of population,observed,WB_WDI,SI.POV.DDAY
Mexico,MEX,Latin America & Caribbean,Upper middle income,"Unemployment, total (% of total labor force) (modeled ILO estimate)",unemployment_rate_ilo_modeled_pct_annual,2025,annual,2.673,percent of labor force,observed,WB_WDI,SL.UEM.TOTL.ZS
Marshall Islands,MHL,East Asia & Pacific,Upper middle income,GDP (constant 2015 US$),gdp_real_constant_2015_usd_annual,2025,annual,224000000.0,constant 2015 US dollars,observed,WB_WDI,NY.GDP.MKTP.KD
Marshall Islands,MHL,East Asia & Pacific,Upper middle income,GDP (constant LCU),gdp_real_constant_lcu_annual,2025,annual,224000000.0,constant local currency units (source base year varies),observed,WB_WDI,NY.GDP.MKTP.KN
Marshall Islands,MHL,East Asia & Pacific,Upper middle income,GDP (current LCU),gdp_nominal_current_lcu_annual,2025,annual,308000000.0,current local currency units,observed,WB_WDI,NY.GDP.MKTP.CN
Marshall Islands,MHL,East Asia & Pacific,Upper middle income,GDP (current US$),gdp_nominal_current_usd_annual,2025,annual,308000000.0,current US dollars,observed,WB_WDI,NY.GDP.MKTP.CD
Marshall Islands,MHL,East Asia & Pacific,Upper middle income,GDP growth (annual %),gdp_real_growth_yoy_pct_annual,2025,annual,2.28310502283105,percent per year,observed,WB_WDI,NY.GDP.MKTP.KD.ZG
Marshall Islands,MHL,East Asia & Pacific,Upper middle income,GDP per capita (constant 2015 US$),gdp_per_capita_real_2015_usd_annual,2025,annual,6173.86031641034,constant 2015 US dollars per person,observed,WB_WDI,NY.GDP.PCAP.KD
Marshall Islands,MHL,East Asia & Pacific,Upper middle income,GDP per capita (constant LCU),gdp_per_capita_real_lcu_annual,2025,annual,6173.86031641034,constant local currency units per person (source base year varies),observed,WB_WDI,NY.GDP.PCAP.KN
Marshall Islands,MHL,East Asia & Pacific,Upper middle income,GDP per capita (current LCU),gdp_per_capita_nominal_lcu_annual,2025,annual,8489.05793506422,current local currency units per person,observed,WB_WDI,NY.GDP.PCAP.CN
Marshall Islands,MHL,East Asia & Pacific,Upper middle income,GDP per capita (current US$),gdp_per_capita_nominal_usd_annual,2025,annual,8489.05793506422,current US dollars per person,observed,WB_WDI,NY.GDP.PCAP.CD
Marshall Islands,MHL,East Asia & Pacific,Upper middle income,GDP per capita growth (annual %),gdp_per_capita_real_growth_yoy_pct_annual,2025,annual,5.85210372629017,percent per year,observed,WB_WDI,NY.GDP.PCAP.KD.ZG
Marshall Islands,MHL,East Asia & Pacific,Upper middle income,"GNI per capita, PPP (current international $)",gni_per_capita_ppp_current_intl_dollar_annual,2025,annual,10590.0,current international dollars per person,observed,WB_WDI,NY.GNP.PCAP.PP.CD
Marshall Islands,MHL,East Asia & Pacific,Upper middle income,"Life expectancy at birth, total (years)",life_expectancy_years_annual,2024,annual,67.075,years,observed,WB_WDI,SP.DYN.LE00.IN
Marshall Islands,MHL,East Asia & Pacific,Upper middle income,"Nominal GDP growth, year over year (annual)",gdp_nominal_growth_yoy_pct_annual_lcu,2025,annual,8.070175438596493,percent per year,derived,WB_WDI,calculated:NY.GDP.MKTP.CN:year_over_year
Marshall Islands,MHL,East Asia & Pacific,Upper middle income,"Nominal GDP per-capita growth, year over year (annual)",gdp_per_capita_nominal_growth_yoy_pct_annual_lcu,2025,annual,11.841104331856611,percent per year,derived,WB_WDI,calculated:NY.GDP.PCAP.CN:year_over_year
Marshall Islands,MHL,East Asia & Pacific,Upper middle income,"Population, total",population_total_annual,2025,annual,36282.0,people,observed,WB_WDI,SP.POP.TOTL
Marshall Islands,MHL,East Asia & Pacific,Upper middle income,Poverty headcount ratio at $3.00 a day (2021 PPP) (% of population),poverty_headcount_at_3usd_2021_ppp_pct_annual,2019,annual,2.1,percent of population,observed,WB_WDI,SI.POV.DDAY
North Macedonia,MKD,Europe & Central Asia,Upper middle income,Consumer price index (2010 = 100),cpi_index_annual_wdi,2025,annual,159.356666666667,index points (2010=100),observed,WB_WDI,FP.CPI.TOTL
North Macedonia,MKD,Europe & Central Asia,Upper middle income,GDP (constant 2015 US$),gdp_real_constant_2015_usd_annual,2025,annual,12515101178.9676,constant 2015 US dollars,observed,WB_WDI,NY.GDP.MKTP.KD
North Macedonia,MKD,Europe & Central Asia,Upper middle income,GDP (constant LCU),gdp_real_constant_lcu_annual,2025,annual,526304690000.0,constant local currency units (source base year varies),observed,WB_WDI,NY.GDP.MKTP.KN
North Macedonia,MKD,Europe & Central Asia,Upper middle income,GDP (current LCU),gdp_nominal_current_lcu_annual,2025,annual,1043880570000.0,current local currency units,observed,WB_WDI,NY.GDP.MKTP.CN
North Macedonia,MKD,Europe & Central Asia,Upper middle income,GDP (current US$),gdp_nominal_current_usd_annual,2025,annual,19101199817.0174,current US dollars,observed,WB_WDI,NY.GDP.MKTP.CD
North Macedonia,MKD,Europe & Central Asia,Upper middle income,GDP growth (annual %),gdp_real_growth_yoy_pct_annual,2025,annual,3.48706619829503,percent per year,observed,WB_WDI,NY.GDP.MKTP.KD.ZG
North Macedonia,MKD,Europe & Central Asia,Upper middle income,GDP per capita (constant 2015 US$),gdp_per_capita_real_2015_usd_annual,2025,annual,6872.99649733602,constant 2015 US dollars per person,observed,WB_WDI,NY.GDP.PCAP.KD
North Macedonia,MKD,Europe & Central Asia,Upper middle income,GDP per capita (constant LCU),gdp_per_capita_real_lcu_annual,2025,annual,289034.042887371,constant local currency units per person (source base year varies),observed,WB_WDI,NY.GDP.PCAP.KN
North Macedonia,MKD,Europe & Central Asia,Upper middle income,GDP per capita (current LCU),gdp_per_capita_nominal_lcu_annual,2025,annual,573274.430517945,current local currency units per person,observed,WB_WDI,NY.GDP.PCAP.CN
North Macedonia,MKD,Europe & Central Asia,Upper middle income,GDP per capita (current US$),gdp_per_capita_nominal_usd_annual,2025,annual,10489.9255355525,current US dollars per person,observed,WB_WDI,NY.GDP.PCAP.CD
North Macedonia,MKD,Europe & Central Asia,Upper middle income,GDP per capita growth (annual %),gdp_per_capita_real_growth_yoy_pct_annual,2025,annual,3.6831388072964,percent per year,observed,WB_WDI,NY.GDP.PCAP.KD.ZG
North Macedonia,MKD,Europe & Central Asia,Upper middle income,"GNI per capita, PPP (current international $)",gni_per_capita_ppp_current_intl_dollar_annual,2025,annual,26680.0,current international dollars per person,observed,WB_WDI,NY.GNP.PCAP.PP.CD
North Macedonia,MKD,Europe & Central Asia,Upper middle income,"Inflation, consumer prices (annual %)",inflation_consumer_prices_yoy_pct_annual_wdi,2025,annual,4.07249176848348,percent per year,observed,WB_WDI,FP.CPI.TOTL.ZG
North Macedonia,MKD,Europe & Central Asia,Upper middle income,"Life expectancy at birth, total (years)",life_expectancy_years_annual,2024,annual,76.6165853658537,years,observed,WB_WDI,SP.DYN.LE00.IN
North Macedonia,MKD,Europe & Central Asia,Upper middle income,"Nominal GDP growth, year over year (annual)",gdp_nominal_growth_yoy_pct_annual_lcu,2025,annual,8.276628025259548,percent per year,derived,WB_WDI,calculated:NY.GDP.MKTP.CN:year_over_year
North Macedonia,MKD,Europe & Central Asia,Upper middle income,"Nominal GDP per-capita growth, year over year (annual)",gdp_per_capita_nominal_growth_yoy_pct_annual_lcu,2025,annual,8.481775216408094,percent per year,derived,WB_WDI,calculated:NY.GDP.PCAP.CN:year_over_year
North Macedonia,MKD,Europe & Central Asia,Upper middle income,"Population, total",population_total_annual,2025,annual,1820909.0,people,observed,WB_WDI,SP.POP.TOTL
North Macedonia,MKD,Europe & Central Asia,Upper middle income,Poverty headcount ratio at $3.00 a day (2021 PPP) (% of population),poverty_headcount_at_3usd_2021_ppp_pct_annual,2019,annual,3.9,percent of population,observed,WB_WDI,SI.POV.DDAY
North Macedonia,MKD,Europe & Central Asia,Upper middle income,"Unemployment, total (% of total labor force) (modeled ILO estimate)",unemployment_rate_ilo_modeled_pct_annual,2025,annual,12.256,percent of labor force,observed,WB_WDI,SL.UEM.TOTL.ZS
Mali,MLI,Sub-Saharan Africa,Low income,Consumer price index (2010 = 100),cpi_index_annual_wdi,2025,annual,135.336913627197,index points (2010=100),observed,WB_WDI,FP.CPI.TOTL
Mali,MLI,Sub-Saharan Africa,Low income,GDP (constant 2015 US$),gdp_real_constant_2015_usd_annual,2025,annual,23530596747.9351,constant 2015 US dollars,observed,WB_WDI,NY.GDP.MKTP.KD
Mali,MLI,Sub-Saharan Africa,Low income,GDP (constant LCU),gdp_real_constant_lcu_annual,2025,annual,13911564058300.0,constant local currency units (source base year varies),observed,WB_WDI,NY.GDP.MKTP.KN
Mali,MLI,Sub-Saharan Africa,Low income,GDP (current LCU),gdp_nominal_current_lcu_annual,2025,annual,17498093958570.1,current local currency units,observed,WB_WDI,NY.GDP.MKTP.CN
Mali,MLI,Sub-Saharan Africa,Low income,GDP (current US$),gdp_nominal_current_usd_annual,2025,annual,30069148580.7688,current US dollars,observed,WB_WDI,NY.GDP.MKTP.CD
Mali,MLI,Sub-Saharan Africa,Low income,GDP growth (annual %),gdp_real_growth_yoy_pct_annual,2025,annual,5.59946842896643,percent per year,observed,WB_WDI,NY.GDP.MKTP.KD.ZG
Mali,MLI,Sub-Saharan Africa,Low income,GDP per capita (constant 2015 US$),gdp_per_capita_real_2015_usd_annual,2025,annual,933.797527588101,constant 2015 US dollars per person,observed,WB_WDI,NY.GDP.PCAP.KD
Mali,MLI,Sub-Saharan Africa,Low income,GDP per capita (constant LCU),gdp_per_capita_real_lcu_annual,2025,annual,552072.021873563,constant local currency units per person (source base year varies),observed,WB_WDI,NY.GDP.PCAP.KN
Mali,MLI,Sub-Saharan Africa,Low income,GDP per capita (current LCU),gdp_per_capita_nominal_lcu_annual,2025,annual,694401.295940397,current local currency units per person,observed,WB_WDI,NY.GDP.PCAP.CN
Mali,MLI,Sub-Saharan Africa,Low income,GDP per capita (current US$),gdp_per_capita_nominal_usd_annual,2025,annual,1193.27601004701,current US dollars per person,observed,WB_WDI,NY.GDP.PCAP.CD
Mali,MLI,Sub-Saharan Africa,Low income,GDP per capita growth (annual %),gdp_per_capita_real_growth_yoy_pct_annual,2025,annual,2.58125250732783,percent per year,observed,WB_WDI,NY.GDP.PCAP.KD.ZG
Mali,MLI,Sub-Saharan Africa,Low income,"GNI per capita, PPP (current international $)",gni_per_capita_ppp_current_intl_dollar_annual,2025,annual,3400.0,current international dollars per person,observed,WB_WDI,NY.GNP.PCAP.PP.CD
Mali,MLI,Sub-Saharan Africa,Low income,"Inflation, consumer prices (annual %)",inflation_consumer_prices_yoy_pct_annual_wdi,2025,annual,3.27823540357584,percent per year,observed,WB_WDI,FP.CPI.TOTL.ZG
Mali,MLI,Sub-Saharan Africa,Low income,"Life expectancy at birth, total (years)",life_expectancy_years_annual,2024,annual,60.675,years,observed,WB_WDI,SP.DYN.LE00.IN
Mali,MLI,Sub-Saharan Africa,Low income,"Nominal GDP growth, year over year (annual)",gdp_nominal_growth_yoy_pct_annual_lcu,2025,annual,7.836015033765165,percent per year,derived,WB_WDI,calculated:NY.GDP.MKTP.CN:year_over_year
Mali,MLI,Sub-Saharan Africa,Low income,"Nominal GDP per-capita growth, year over year (annual)",gdp_per_capita_nominal_growth_yoy_pct_annual_lcu,2025,annual,4.7538747318951025,percent per year,derived,WB_WDI,calculated:NY.GDP.PCAP.CN:year_over_year
Mali,MLI,Sub-Saharan Africa,Low income,"Population, total",population_total_annual,2025,annual,25198821.0,people,observed,WB_WDI,SP.POP.TOTL
Mali,MLI,Sub-Saharan Africa,Low income,Poverty headcount ratio at $3.00 a day (2021 PPP) (% of population),poverty_headcount_at_3usd_2021_ppp_pct_annual,2021,annual,36.1,percent of population,observed,WB_WDI,SI.POV.DDAY
Mali,MLI,Sub-Saharan Africa,Low income,"Unemployment, total (% of total labor force) (modeled ILO estimate)",unemployment_rate_ilo_modeled_pct_annual,2025,annual,2.831,percent of labor force,observed,WB_WDI,SL.UEM.TOTL.ZS
Malta,MLT,"Middle East, North Africa, Afghanistan & Pakistan",High income,Consumer price index (2010 = 100),cpi_index_annual_wdi,2025,annual,134.525457387157,index points (2010=100),observed,WB_WDI,FP.CPI.TOTL
Malta,MLT,"Middle East, North Africa, Afghanistan & Pakistan",High income,GDP (constant 2015 US$),gdp_real_constant_2015_usd_annual,2025,annual,20403744841.7559,constant 2015 US dollars,observed,WB_WDI,NY.GDP.MKTP.KD
Malta,MLT,"Middle East, North Africa, Afghanistan & Pakistan",High income,GDP (constant LCU),gdp_real_constant_lcu_annual,2025,annual,20403600000.0,constant local currency units (source base year varies),observed,WB_WDI,NY.GDP.MKTP.KN
Malta,MLT,"Middle East, North Africa, Afghanistan & Pakistan",High income,GDP (current LCU),gdp_nominal_current_lcu_annual,2025,annual,24577200000.0,current local currency units,observed,WB_WDI,NY.GDP.MKTP.CN
Malta,MLT,"Middle East, North Africa, Afghanistan & Pakistan",High income,GDP (current US$),gdp_nominal_current_usd_annual,2025,annual,27771821560.9411,current US dollars,observed,WB_WDI,NY.GDP.MKTP.CD
Malta,MLT,"Middle East, North Africa, Afghanistan & Pakistan",High income,GDP growth (annual %),gdp_real_growth_yoy_pct_annual,2025,annual,3.96156139018959,percent per year,observed,WB_WDI,NY.GDP.MKTP.KD.ZG
Malta,MLT,"Middle East, North Africa, Afghanistan & Pakistan",High income,GDP per capita (constant 2015 US$),gdp_per_capita_real_2015_usd_annual,2025,annual,35196.832938458,constant 2015 US dollars per person,observed,WB_WDI,NY.GDP.PCAP.KD
Malta,MLT,"Middle East, North Africa, Afghanistan & Pakistan",High income,GDP per capita (constant LCU),gdp_per_capita_real_lcu_annual,2025,annual,35196.5830837807,constant local currency units per person (source base year varies),observed,WB_WDI,NY.GDP.PCAP.KN
Malta,MLT,"Middle East, North Africa, Afghanistan & Pakistan",High income,GDP per capita (current LCU),gdp_per_capita_nominal_lcu_annual,2025,annual,42396.1193988656,current local currency units per person,observed,WB_WDI,NY.GDP.PCAP.CN
Malta,MLT,"Middle East, North Africa, Afghanistan & Pakistan",High income,GDP per capita (current US$),gdp_per_capita_nominal_usd_annual,2025,annual,47906.9000057635,current US dollars per person,observed,WB_WDI,NY.GDP.PCAP.CD
Malta,MLT,"Middle East, North Africa, Afghanistan & Pakistan",High income,GDP per capita growth (annual %),gdp_per_capita_real_growth_yoy_pct_annual,2025,annual,2.01451484227326,percent per year,observed,WB_WDI,NY.GDP.PCAP.KD.ZG
Malta,MLT,"Middle East, North Africa, Afghanistan & Pakistan",High income,"GNI per capita, PPP (current international $)",gni_per_capita_ppp_current_intl_dollar_annual,2025,annual,64900.0,current international dollars per person,observed,WB_WDI,NY.GNP.PCAP.PP.CD
Malta,MLT,"Middle East, North Africa, Afghanistan & Pakistan",High income,"Inflation, consumer prices (annual %)",inflation_consumer_prices_yoy_pct_annual_wdi,2025,annual,2.36351752252186,percent per year,observed,WB_WDI,FP.CPI.TOTL.ZG
Malta,MLT,"Middle East, North Africa, Afghanistan & Pakistan",High income,"Life expectancy at birth, total (years)",life_expectancy_years_annual,2024,annual,82.9560975609756,years,observed,WB_WDI,SP.DYN.LE00.IN
Malta,MLT,"Middle East, North Africa, Afghanistan & Pakistan",High income,"Nominal GDP growth, year over year (annual)",gdp_nominal_growth_yoy_pct_annual_lcu,2025,annual,6.226039149921991,percent per year,derived,WB_WDI,calculated:NY.GDP.MKTP.CN:year_over_year
Malta,MLT,"Middle East, North Africa, Afghanistan & Pakistan",High income,"Nominal GDP per-capita growth, year over year (annual)",gdp_per_capita_nominal_growth_yoy_pct_annual_lcu,2025,annual,4.236582277016621,percent per year,derived,WB_WDI,calculated:NY.GDP.PCAP.CN:year_over_year
Malta,MLT,"Middle East, North Africa, Afghanistan & Pakistan",High income,"Population, total",population_total_annual,2025,annual,579704.0,people,observed,WB_WDI,SP.POP.TOTL
Malta,MLT,"Middle East, North Africa, Afghanistan & Pakistan",High income,Poverty headcount ratio at $3.00 a day (2021 PPP) (% of population),poverty_headcount_at_3usd_2021_ppp_pct_annual,2023,annual,0.4,percent of population,observed,WB_WDI,SI.POV.DDAY
Malta,MLT,"Middle East, North Africa, Afghanistan & Pakistan",High income,"Unemployment, total (% of total labor force) (modeled ILO estimate)",unemployment_rate_ilo_modeled_pct_annual,2025,annual,2.896,percent of labor force,observed,WB_WDI,SL.UEM.TOTL.ZS
Myanmar,MMR,East Asia & Pacific,Lower middle income,Consumer price index (2010 = 100),cpi_index_annual_wdi,2019,annual,168.182700659368,index points (2010=100),observed,WB_WDI,FP.CPI.TOTL
Myanmar,MMR,East Asia & Pacific,Lower middle income,GDP (constant 2015 US$),gdp_real_constant_2015_usd_annual,2025,annual,61867003258.5508,constant 2015 US dollars,observed,WB_WDI,NY.GDP.MKTP.KD
Myanmar,MMR,East Asia & Pacific,Lower middle income,GDP (constant LCU),gdp_real_constant_lcu_annual,2025,annual,75466016406380.3,constant local currency units (source base year varies),observed,WB_WDI,NY.GDP.MKTP.KN
Myanmar,MMR,East Asia & Pacific,Lower middle income,GDP (current LCU),gdp_nominal_current_lcu_annual,2025,annual,171498125000000.0,current local currency units,observed,WB_WDI,NY.GDP.MKTP.CN
Myanmar,MMR,East Asia & Pacific,Lower middle income,GDP (current US$),gdp_nominal_current_usd_annual,2025,annual,81665773809.5238,current US dollars,observed,WB_WDI,NY.GDP.MKTP.CD
Myanmar,MMR,East Asia & Pacific,Lower middle income,GDP growth (annual %),gdp_real_growth_yoy_pct_annual,2025,annual,-2.01184475795665,percent per year,observed,WB_WDI,NY.GDP.MKTP.KD.ZG
Myanmar,MMR,East Asia & Pacific,Lower middle income,GDP per capita (constant 2015 US$),gdp_per_capita_real_2015_usd_annual,2025,annual,1127.91745429427,constant 2015 US dollars per person,observed,WB_WDI,NY.GDP.PCAP.KD
Myanmar,MMR,East Asia & Pacific,Lower middle income,GDP per capita (constant LCU),gdp_per_capita_real_lcu_annual,2025,annual,1375845.48511406,constant local currency units per person (source base year varies),observed,WB_WDI,NY.GDP.PCAP.KN
Myanmar,MMR,East Asia & Pacific,Lower middle income,GDP per capita (current LCU),gdp_per_capita_nominal_lcu_annual,2025,annual,3126638.08456739,current local currency units per person,observed,WB_WDI,NY.GDP.PCAP.CN
Myanmar,MMR,East Asia & Pacific,Lower middle income,GDP per capita (current US$),gdp_per_capita_nominal_usd_annual,2025,annual,1488.87527836542,current US dollars per person,observed,WB_WDI,NY.GDP.PCAP.CD
Myanmar,MMR,East Asia & Pacific,Lower middle income,GDP per capita growth (annual %),gdp_per_capita_real_growth_yoy_pct_annual,2025,annual,-2.63809868547972,percent per year,observed,WB_WDI,NY.GDP.PCAP.KD.ZG
Myanmar,MMR,East Asia & Pacific,Lower middle income,"GNI per capita, PPP (current international $)",gni_per_capita_ppp_current_intl_dollar_annual,2025,annual,5890.0,current international dollars per person,observed,WB_WDI,NY.GNP.PCAP.PP.CD
Myanmar,MMR,East Asia & Pacific,Lower middle income,"Inflation, consumer prices (annual %)",inflation_consumer_prices_yoy_pct_annual_wdi,2019,annual,8.82506696804558,percent per year,observed,WB_WDI,FP.CPI.TOTL.ZG
Myanmar,MMR,East Asia & Pacific,Lower middle income,"Life expectancy at birth, total (years)",life_expectancy_years_annual,2024,annual,67.095,years,observed,WB_WDI,SP.DYN.LE00.IN
Myanmar,MMR,East Asia & Pacific,Lower middle income,"Nominal GDP growth, year over year (annual)",gdp_nominal_growth_yoy_pct_annual_lcu,2025,annual,10.257315485708318,percent per year,derived,WB_WDI,calculated:NY.GDP.MKTP.CN:year_over_year
Myanmar,MMR,East Asia & Pacific,Lower middle income,"Nominal GDP per-capita growth, year over year (annual)",gdp_per_capita_nominal_growth_yoy_pct_annual_lcu,2025,annual,9.552647899197385,percent per year,derived,WB_WDI,calculated:NY.GDP.PCAP.CN:year_over_year
Myanmar,MMR,East Asia & Pacific,Lower middle income,"Population, total",population_total_annual,2025,annual,54850648.0,people,observed,WB_WDI,SP.POP.TOTL
Myanmar,MMR,East Asia & Pacific,Lower middle income,Poverty headcount ratio at $3.00 a day (2021 PPP) (% of population),poverty_headcount_at_3usd_2021_ppp_pct_annual,2017,annual,10.3,percent of population,observed,WB_WDI,SI.POV.DDAY
Myanmar,MMR,East Asia & Pacific,Lower middle income,"Unemployment, total (% of total labor force) (modeled ILO estimate)",unemployment_rate_ilo_modeled_pct_annual,2025,annual,3.047,percent of labor force,observed,WB_WDI,SL.UEM.TOTL.ZS
Montenegro,MNE,Europe & Central Asia,Upper middle income,Consumer price index (2010 = 100),cpi_index_annual_wdi,2025,annual,157.154661939617,index points (2010=100),observed,WB_WDI,FP.CPI.TOTL
Montenegro,MNE,Europe & Central Asia,Upper middle income,GDP (constant 2015 US$),gdp_real_constant_2015_usd_annual,2025,annual,5471051068.05593,constant 2015 US dollars,observed,WB_WDI,NY.GDP.MKTP.KD
Montenegro,MNE,Europe & Central Asia,Upper middle income,GDP (constant LCU),gdp_real_constant_lcu_annual,2025,annual,4657354719.04826,constant local currency units (source base year varies),observed,WB_WDI,NY.GDP.MKTP.KN
Montenegro,MNE,Europe & Central Asia,Upper middle income,GDP (current LCU),gdp_nominal_current_lcu_annual,2025,annual,8170742695.52559,current local currency units,observed,WB_WDI,NY.GDP.MKTP.CN
Montenegro,MNE,Europe & Central Asia,Upper middle income,GDP (current US$),gdp_nominal_current_usd_annual,2025,annual,9232801464.79257,current US dollars,observed,WB_WDI,NY.GDP.MKTP.CD
Montenegro,MNE,Europe & Central Asia,Upper middle income,GDP growth (annual %),gdp_real_growth_yoy_pct_annual,2025,annual,2.74455354258522,percent per year,observed,WB_WDI,NY.GDP.MKTP.KD.ZG
Montenegro,MNE,Europe & Central Asia,Upper middle income,GDP per capita (constant 2015 US$),gdp_per_capita_real_2015_usd_annual,2025,annual,8779.9654133509,constant 2015 US dollars per person,observed,WB_WDI,NY.GDP.PCAP.KD
Montenegro,MNE,Europe & Central Asia,Upper middle income,GDP per capita (constant LCU),gdp_per_capita_real_lcu_annual,2025,annual,7474.14214239469,constant local currency units per person (source base year varies),observed,WB_WDI,NY.GDP.PCAP.KN
Montenegro,MNE,Europe & Central Asia,Upper middle income,GDP per capita (current LCU),gdp_per_capita_nominal_lcu_annual,2025,annual,13112.4417183691,current local currency units per person,observed,WB_WDI,NY.GDP.PCAP.CN
Montenegro,MNE,Europe & Central Asia,Upper middle income,GDP per capita (current US$),gdp_per_capita_nominal_usd_annual,2025,annual,14816.8380299947,current US dollars per person,observed,WB_WDI,NY.GDP.PCAP.CD
Montenegro,MNE,Europe & Central Asia,Upper middle income,GDP per capita growth (annual %),gdp_per_capita_real_growth_yoy_pct_annual,2025,annual,2.809847957069,percent per year,observed,WB_WDI,NY.GDP.PCAP.KD.ZG
Montenegro,MNE,Europe & Central Asia,Upper middle income,"GNI per capita, PPP (current international $)",gni_per_capita_ppp_current_intl_dollar_annual,2025,annual,35700.0,current international dollars per person,observed,WB_WDI,NY.GNP.PCAP.PP.CD
Montenegro,MNE,Europe & Central Asia,Upper middle income,"Inflation, consumer prices (annual %)",inflation_consumer_prices_yoy_pct_annual_wdi,2025,annual,3.89960910704956,percent per year,observed,WB_WDI,FP.CPI.TOTL.ZG
Montenegro,MNE,Europe & Central Asia,Upper middle income,"Life expectancy at birth, total (years)",life_expectancy_years_annual,2024,annual,77.890243902439,years,observed,WB_WDI,SP.DYN.LE00.IN
Montenegro,MNE,Europe & Central Asia,Upper middle income,"Nominal GDP growth, year over year (annual)",gdp_nominal_growth_yoy_pct_annual_lcu,2025,annual,6.883512277511228,percent per year,derived,WB_WDI,calculated:NY.GDP.MKTP.CN:year_over_year
Montenegro,MNE,Europe & Central Asia,Upper middle income,"Nominal GDP per-capita growth, year over year (annual)",gdp_per_capita_nominal_growth_yoy_pct_annual_lcu,2025,annual,6.951437010370909,percent per year,derived,WB_WDI,calculated:NY.GDP.PCAP.CN:year_over_year
Montenegro,MNE,Europe & Central Asia,Upper middle income,"Population, total",population_total_annual,2025,annual,623129.0,people,observed,WB_WDI,SP.POP.TOTL
Montenegro,MNE,Europe & Central Asia,Upper middle income,Poverty headcount ratio at $3.00 a day (2021 PPP) (% of population),poverty_headcount_at_3usd_2021_ppp_pct_annual,2021,annual,2.5,percent of population,observed,WB_WDI,SI.POV.DDAY
Montenegro,MNE,Europe & Central Asia,Upper middle income,"Unemployment, total (% of total labor force) (modeled ILO estimate)",unemployment_rate_ilo_modeled_pct_annual,2025,annual,13.572,percent of labor force,observed,WB_WDI,SL.UEM.TOTL.ZS
Mongolia,MNG,East Asia & Pacific,Upper middle income,Consumer price index (2010 = 100),cpi_index_annual_wdi,2025,annual,319.473795398154,index points (2010=100),observed,WB_WDI,FP.CPI.TOTL
Mongolia,MNG,East Asia & Pacific,Upper middle income,GDP (constant 2015 US$),gdp_real_constant_2015_usd_annual,2025,annual,17424613413.4745,constant 2015 US dollars,observed,WB_WDI,NY.GDP.MKTP.KD
Mongolia,MNG,East Asia & Pacific,Upper middle income,GDP (constant LCU),gdp_real_constant_lcu_annual,2025,annual,34331875540000.0,constant local currency units (source base year varies),observed,WB_WDI,NY.GDP.MKTP.KN
Mongolia,MNG,East Asia & Pacific,Upper middle income,GDP (current LCU),gdp_nominal_current_lcu_annual,2025,annual,89937127610000.0,current local currency units,observed,WB_WDI,NY.GDP.MKTP.CN
Mongolia,MNG,East Asia & Pacific,Upper middle income,GDP (current US$),gdp_nominal_current_usd_annual,2025,annual,25369107325.4549,current US dollars,observed,WB_WDI,NY.GDP.MKTP.CD
Mongolia,MNG,East Asia & Pacific,Upper middle income,GDP growth (annual %),gdp_real_growth_yoy_pct_annual,2025,annual,6.84391415938607,percent per year,observed,WB_WDI,NY.GDP.MKTP.KD.ZG
Mongolia,MNG,East Asia & Pacific,Upper middle income,GDP per capita (constant 2015 US$),gdp_per_capita_real_2015_usd_annual,2025,annual,4882.24175477532,constant 2015 US dollars per person,observed,WB_WDI,NY.GDP.PCAP.KD
Mongolia,MNG,East Asia & Pacific,Upper middle income,GDP per capita (constant LCU),gdp_per_capita_real_lcu_annual,2025,annual,9619525.68494398,constant local currency units per person (source base year varies),observed,WB_WDI,NY.GDP.PCAP.KN
Mongolia,MNG,East Asia & Pacific,Upper middle income,GDP per capita (current LCU),gdp_per_capita_nominal_lcu_annual,2025,annual,25199686.7478589,current local currency units per person,observed,WB_WDI,NY.GDP.PCAP.CN
Mongolia,MNG,East Asia & Pacific,Upper middle income,GDP per capita (current US$),gdp_per_capita_nominal_usd_annual,2025,annual,7108.22743246244,current US dollars per person,observed,WB_WDI,NY.GDP.PCAP.CD
Mongolia,MNG,East Asia & Pacific,Upper middle income,GDP per capita growth (annual %),gdp_per_capita_real_growth_yoy_pct_annual,2025,annual,5.52100531357551,percent per year,observed,WB_WDI,NY.GDP.PCAP.KD.ZG
Mongolia,MNG,East Asia & Pacific,Upper middle income,"GNI per capita, PPP (current international $)",gni_per_capita_ppp_current_intl_dollar_annual,2025,annual,18460.0,current international dollars per person,observed,WB_WDI,NY.GNP.PCAP.PP.CD
Mongolia,MNG,East Asia & Pacific,Upper middle income,"Inflation, consumer prices (annual %)",inflation_consumer_prices_yoy_pct_annual_wdi,2025,annual,8.60536487369695,percent per year,observed,WB_WDI,FP.CPI.TOTL.ZG
Mongolia,MNG,East Asia & Pacific,Upper middle income,"Life expectancy at birth, total (years)",life_expectancy_years_annual,2024,annual,72.3980487804878,years,observed,WB_WDI,SP.DYN.LE00.IN
Mongolia,MNG,East Asia & Pacific,Upper middle income,"Nominal GDP growth, year over year (annual)",gdp_nominal_growth_yoy_pct_annual_lcu,2025,annual,11.497304577034818,percent per year,derived,WB_WDI,calculated:NY.GDP.MKTP.CN:year_over_year
Mongolia,MNG,East Asia & Pacific,Upper middle income,"Nominal GDP per-capita growth, year over year (annual)",gdp_per_capita_nominal_growth_yoy_pct_annual_lcu,2025,annual,10.11677886652067,percent per year,derived,WB_WDI,calculated:NY.GDP.PCAP.CN:year_over_year
Mongolia,MNG,East Asia & Pacific,Upper middle income,"Population, total",population_total_annual,2025,annual,3568978.0,people,observed,WB_WDI,SP.POP.TOTL
Mongolia,MNG,East Asia & Pacific,Upper middle income,Poverty headcount ratio at $3.00 a day (2021 PPP) (% of population),poverty_headcount_at_3usd_2021_ppp_pct_annual,2022,annual,0.4,percent of population,observed,WB_WDI,SI.POV.DDAY
Mongolia,MNG,East Asia & Pacific,Upper middle income,"Unemployment, total (% of total labor force) (modeled ILO estimate)",unemployment_rate_ilo_modeled_pct_annual,2025,annual,5.233,percent of labor force,observed,WB_WDI,SL.UEM.TOTL.ZS
Northern Mariana Islands,MNP,East Asia & Pacific,High income,GDP (constant 2015 US$),gdp_real_constant_2015_usd_annual,2022,annual,896763636.363636,constant 2015 US dollars,observed,WB_WDI,NY.GDP.MKTP.KD
Northern Mariana Islands,MNP,East Asia & Pacific,High income,GDP (constant LCU),gdp_real_constant_lcu_annual,2022,annual,813000000.0,constant local currency units (source base year varies),observed,WB_WDI,NY.GDP.MKTP.KN
Northern Mariana Islands,MNP,East Asia & Pacific,High income,GDP (current LCU),gdp_nominal_current_lcu_annual,2022,annual,1096000000.0,current local currency units,observed,WB_WDI,NY.GDP.MKTP.CN
Northern Mariana Islands,MNP,East Asia & Pacific,High income,GDP (current US$),gdp_nominal_current_usd_annual,2022,annual,1096000000.0,current US dollars,observed,WB_WDI,NY.GDP.MKTP.CD
Northern Mariana Islands,MNP,East Asia & Pacific,High income,GDP growth (annual %),gdp_real_growth_yoy_pct_annual,2022,annual,16.6427546628408,percent per year,observed,WB_WDI,NY.GDP.MKTP.KD.ZG
Northern Mariana Islands,MNP,East Asia & Pacific,High income,GDP per capita (constant 2015 US$),gdp_per_capita_real_2015_usd_annual,2022,annual,19461.8611129744,constant 2015 US dollars per person,observed,WB_WDI,NY.GDP.PCAP.KD
Northern Mariana Islands,MNP,East Asia & Pacific,High income,GDP per capita (constant LCU),gdp_per_capita_real_lcu_annual,2022,annual,17643.9949650592,constant local currency units per person (source base year varies),observed,WB_WDI,NY.GDP.PCAP.KN
Northern Mariana Islands,MNP,East Asia & Pacific,High income,GDP per capita (current LCU),gdp_per_capita_nominal_lcu_annual,2022,annual,23785.754590043,current local currency units per person,observed,WB_WDI,NY.GDP.PCAP.CN
Northern Mariana Islands,MNP,East Asia & Pacific,High income,GDP per capita (current US$),gdp_per_capita_nominal_usd_annual,2022,annual,23785.754590043,current US dollars per person,observed,WB_WDI,NY.GDP.PCAP.CD
Northern Mariana Islands,MNP,East Asia & Pacific,High income,GDP per capita growth (annual %),gdp_per_capita_real_growth_yoy_pct_annual,2022,annual,18.9235637680801,percent per year,observed,WB_WDI,NY.GDP.PCAP.KD.ZG
Northern Mariana Islands,MNP,East Asia & Pacific,High income,"Life expectancy at birth, total (years)",life_expectancy_years_annual,2024,annual,78.947,years,observed,WB_WDI,SP.DYN.LE00.IN
Northern Mariana Islands,MNP,East Asia & Pacific,High income,"Nominal GDP growth, year over year (annual)",gdp_nominal_growth_yoy_pct_annual_lcu,2022,annual,19.912472647702415,percent per year,derived,WB_WDI,calculated:NY.GDP.MKTP.CN:year_over_year
Northern Mariana Islands,MNP,East Asia & Pacific,High income,"Nominal GDP per-capita growth, year over year (annual)",gdp_per_capita_nominal_growth_yoy_pct_annual_lcu,2022,annual,22.25721716472966,percent per year,derived,WB_WDI,calculated:NY.GDP.PCAP.CN:year_over_year
Northern Mariana Islands,MNP,East Asia & Pacific,High income,"Population, total",population_total_annual,2025,annual,43541.0,people,observed,WB_WDI,SP.POP.TOTL
Mozambique,MOZ,Sub-Saharan Africa,Low income,Consumer price index (2010 = 100),cpi_index_annual_wdi,2025,annual,257.68323359846,index points (2010=100),observed,WB_WDI,FP.CPI.TOTL
Mozambique,MOZ,Sub-Saharan Africa,Low income,GDP (constant 2015 US$),gdp_real_constant_2015_usd_annual,2025,annual,20868838925.8263,constant 2015 US dollars,observed,WB_WDI,NY.GDP.MKTP.KD
Mozambique,MOZ,Sub-Saharan Africa,Low income,GDP (constant LCU),gdp_real_constant_lcu_annual,2025,annual,1097932337000.0,constant local currency units (source base year varies),observed,WB_WDI,NY.GDP.MKTP.KN
Mozambique,MOZ,Sub-Saharan Africa,Low income,GDP (current LCU),gdp_nominal_current_lcu_annual,2025,annual,1431561810700.0,current local currency units,observed,WB_WDI,NY.GDP.MKTP.CN
Mozambique,MOZ,Sub-Saharan Africa,Low income,GDP (current US$),gdp_nominal_current_usd_annual,2025,annual,22337997046.1913,current US dollars,observed,WB_WDI,NY.GDP.MKTP.CD
Mozambique,MOZ,Sub-Saharan Africa,Low income,GDP growth (annual %),gdp_real_growth_yoy_pct_annual,2025,annual,-0.523485382072337,percent per year,observed,WB_WDI,NY.GDP.MKTP.KD.ZG
Mozambique,MOZ,Sub-Saharan Africa,Low income,GDP per capita (constant 2015 US$),gdp_per_capita_real_2015_usd_annual,2025,annual,585.682593109736,constant 2015 US dollars per person,observed,WB_WDI,NY.GDP.PCAP.KD
Mozambique,MOZ,Sub-Saharan Africa,Low income,GDP per capita (constant LCU),gdp_per_capita_real_lcu_annual,2025,annual,30813.3988900262,constant local currency units per person (source base year varies),observed,WB_WDI,NY.GDP.PCAP.KN
Mozambique,MOZ,Sub-Saharan Africa,Low income,GDP per capita (current LCU),gdp_per_capita_nominal_lcu_annual,2025,annual,40176.6881457899,current local currency units per person,observed,WB_WDI,NY.GDP.PCAP.CN
Mozambique,MOZ,Sub-Saharan Africa,Low income,GDP per capita (current US$),gdp_per_capita_nominal_usd_annual,2025,annual,626.914419215727,current US dollars per person,observed,WB_WDI,NY.GDP.PCAP.CD
Mozambique,MOZ,Sub-Saharan Africa,Low income,GDP per capita growth (annual %),gdp_per_capita_real_growth_yoy_pct_annual,2025,annual,-3.3149717543654,percent per year,observed,WB_WDI,NY.GDP.PCAP.KD.ZG
Mozambique,MOZ,Sub-Saharan Africa,Low income,"GNI per capita, PPP (current international $)",gni_per_capita_ppp_current_intl_dollar_annual,2025,annual,1540.0,current international dollars per person,observed,WB_WDI,NY.GNP.PCAP.PP.CD
Mozambique,MOZ,Sub-Saharan Africa,Low income,"Inflation, consumer prices (annual %)",inflation_consumer_prices_yoy_pct_annual_wdi,2025,annual,4.3684695014615,percent per year,observed,WB_WDI,FP.CPI.TOTL.ZG
Mozambique,MOZ,Sub-Saharan Africa,Low income,"Life expectancy at birth, total (years)",life_expectancy_years_annual,2024,annual,63.797,years,observed,WB_WDI,SP.DYN.LE00.IN
Mozambique,MOZ,Sub-Saharan Africa,Low income,"Nominal GDP growth, year over year (annual)",gdp_nominal_growth_yoy_pct_annual_lcu,2025,annual,-1.5419967515813982,percent per year,derived,WB_WDI,calculated:NY.GDP.MKTP.CN:year_over_year
Mozambique,MOZ,Sub-Saharan Africa,Low income,"Nominal GDP per-capita growth, year over year (annual)",gdp_per_capita_nominal_growth_yoy_pct_annual_lcu,2025,annual,-4.304901899261571,percent per year,derived,WB_WDI,calculated:NY.GDP.PCAP.CN:year_over_year
Mozambique,MOZ,Sub-Saharan Africa,Low income,"Population, total",population_total_annual,2025,annual,35631653.0,people,observed,WB_WDI,SP.POP.TOTL
Mozambique,MOZ,Sub-Saharan Africa,Low income,Poverty headcount ratio at $3.00 a day (2021 PPP) (% of population),poverty_headcount_at_3usd_2021_ppp_pct_annual,2022,annual,81.4,percent of population,observed,WB_WDI,SI.POV.DDAY
Mozambique,MOZ,Sub-Saharan Africa,Low income,"Unemployment, total (% of total labor force) (modeled ILO estimate)",unemployment_rate_ilo_modeled_pct_annual,2025,annual,6.628,percent of labor force,observed,WB_WDI,SL.UEM.TOTL.ZS
Mauritania,MRT,Sub-Saharan Africa,Lower middle income,Consumer price index (2010 = 100),cpi_index_annual_wdi,2025,annual,171.283930911729,index points (2010=100),observed,WB_WDI,FP.CPI.TOTL
Mauritania,MRT,Sub-Saharan Africa,Lower middle income,GDP (constant 2015 US$),gdp_real_constant_2015_usd_annual,2025,annual,9103536665.50591,constant 2015 US dollars,observed,WB_WDI,NY.GDP.MKTP.KD
Mauritania,MRT,Sub-Saharan Africa,Lower middle income,GDP (constant LCU),gdp_real_constant_lcu_annual,2025,annual,309673351400.0,constant local currency units (source base year varies),observed,WB_WDI,NY.GDP.MKTP.KN
Mauritania,MRT,Sub-Saharan Africa,Lower middle income,GDP (current LCU),gdp_nominal_current_lcu_annual,2025,annual,464733923300.0,current local currency units,observed,WB_WDI,NY.GDP.MKTP.CN
Mauritania,MRT,Sub-Saharan Africa,Lower middle income,GDP (current US$),gdp_nominal_current_usd_annual,2025,annual,11679910946.4371,current US dollars,observed,WB_WDI,NY.GDP.MKTP.CD
Mauritania,MRT,Sub-Saharan Africa,Lower middle income,GDP growth (annual %),gdp_real_growth_yoy_pct_annual,2025,annual,4.02891976567948,percent per year,observed,WB_WDI,NY.GDP.MKTP.KD.ZG
Mauritania,MRT,Sub-Saharan Africa,Lower middle income,GDP per capita (constant 2015 US$),gdp_per_capita_real_2015_usd_annual,2025,annual,1712.77993129076,constant 2015 US dollars per person,observed,WB_WDI,NY.GDP.PCAP.KD
Mauritania,MRT,Sub-Saharan Africa,Lower middle income,GDP per capita (constant LCU),gdp_per_capita_real_lcu_annual,2025,annual,58263.3234776997,constant local currency units per person (source base year varies),observed,WB_WDI,NY.GDP.PCAP.KN
Mauritania,MRT,Sub-Saharan Africa,Lower middle income,GDP per capita (current LCU),gdp_per_capita_nominal_lcu_annual,2025,annual,87437.1100447502,current local currency units per person,observed,WB_WDI,NY.GDP.PCAP.CN
Mauritania,MRT,Sub-Saharan Africa,Lower middle income,GDP per capita (current US$),gdp_per_capita_nominal_usd_annual,2025,annual,2197.51046251309,current US dollars per person,observed,WB_WDI,NY.GDP.PCAP.CD
Mauritania,MRT,Sub-Saharan Africa,Lower middle income,GDP per capita growth (annual %),gdp_per_capita_real_growth_yoy_pct_annual,2025,annual,1.17779889655245,percent per year,observed,WB_WDI,NY.GDP.PCAP.KD.ZG
Mauritania,MRT,Sub-Saharan Africa,Lower middle income,"GNI per capita, PPP (current international $)",gni_per_capita_ppp_current_intl_dollar_annual,2025,annual,7640.0,current international dollars per person,observed,WB_WDI,NY.GNP.PCAP.PP.CD
Mauritania,MRT,Sub-Saharan Africa,Lower middle income,"Inflation, consumer prices (annual %)",inflation_consumer_prices_yoy_pct_annual_wdi,2025,annual,1.54796926167072,percent per year,observed,WB_WDI,FP.CPI.TOTL.ZG
Mauritania,MRT,Sub-Saharan Africa,Lower middle income,"Life expectancy at birth, total (years)",life_expectancy_years_annual,2024,annual,68.713,years,observed,WB_WDI,SP.DYN.LE00.IN
Mauritania,MRT,Sub-Saharan Africa,Lower middle income,"Nominal GDP growth, year over year (annual)",gdp_nominal_growth_yoy_pct_annual_lcu,2025,annual,7.540081221891959,percent per year,derived,WB_WDI,calculated:NY.GDP.MKTP.CN:year_over_year
Mauritania,MRT,Sub-Saharan Africa,Lower middle income,"Nominal GDP per-capita growth, year over year (annual)",gdp_per_capita_nominal_growth_yoy_pct_annual_lcu,2025,annual,4.592729941786655,percent per year,derived,WB_WDI,calculated:NY.GDP.PCAP.CN:year_over_year
Mauritania,MRT,Sub-Saharan Africa,Lower middle income,"Population, total",population_total_annual,2025,annual,5315065.0,people,observed,WB_WDI,SP.POP.TOTL
Mauritania,MRT,Sub-Saharan Africa,Lower middle income,Poverty headcount ratio at $3.00 a day (2021 PPP) (% of population),poverty_headcount_at_3usd_2021_ppp_pct_annual,2019,annual,10.2,percent of population,observed,WB_WDI,SI.POV.DDAY
Mauritania,MRT,Sub-Saharan Africa,Lower middle income,"Unemployment, total (% of total labor force) (modeled ILO estimate)",unemployment_rate_ilo_modeled_pct_annual,2025,annual,10.319,percent of labor force,observed,WB_WDI,SL.UEM.TOTL.ZS
Mauritius,MUS,Sub-Saharan Africa,Upper middle income,Consumer price index (2010 = 100),cpi_index_annual_wdi,2025,annual,176.586341028867,index points (2010=100),observed,WB_WDI,FP.CPI.TOTL
Mauritius,MUS,Sub-Saharan Africa,Upper middle income,GDP (constant 2015 US$),gdp_real_constant_2015_usd_annual,2025,annual,15316148267.1641,constant 2015 US dollars,observed,WB_WDI,NY.GDP.MKTP.KD
Mauritius,MUS,Sub-Saharan Africa,Upper middle income,GDP (constant LCU),gdp_real_constant_lcu_annual,2025,annual,568484000000.0,constant local currency units (source base year varies),observed,WB_WDI,NY.GDP.MKTP.KN
Mauritius,MUS,Sub-Saharan Africa,Upper middle income,GDP (current LCU),gdp_nominal_current_lcu_annual,2025,annual,743210000000.0,current local currency units,observed,WB_WDI,NY.GDP.MKTP.CN
Mauritius,MUS,Sub-Saharan Africa,Upper middle income,GDP (current US$),gdp_nominal_current_usd_annual,2025,annual,16157804491.7614,current US dollars,observed,WB_WDI,NY.GDP.MKTP.CD
Mauritius,MUS,Sub-Saharan Africa,Upper middle income,GDP growth (annual %),gdp_real_growth_yoy_pct_annual,2025,annual,3.15157395305867,percent per year,observed,WB_WDI,NY.GDP.MKTP.KD.ZG
Mauritius,MUS,Sub-Saharan Africa,Upper middle income,GDP per capita (constant 2015 US$),gdp_per_capita_real_2015_usd_annual,2025,annual,12314.5801796066,constant 2015 US dollars per person,observed,WB_WDI,NY.GDP.PCAP.KD
Mauritius,MUS,Sub-Saharan Africa,Upper middle income,GDP per capita (constant LCU),gdp_per_capita_real_lcu_annual,2025,annual,457075.870297755,constant local currency units per person (source base year varies),observed,WB_WDI,NY.GDP.PCAP.KN
Mauritius,MUS,Sub-Saharan Africa,Upper middle income,GDP per capita (current LCU),gdp_per_capita_nominal_lcu_annual,2025,annual,597560.102947479,current local currency units per person,observed,WB_WDI,NY.GDP.PCAP.CN
Mauritius,MUS,Sub-Saharan Africa,Upper middle income,GDP per capita (current US$),gdp_per_capita_nominal_usd_annual,2025,annual,12991.2935987166,current US dollars per person,observed,WB_WDI,NY.GDP.PCAP.CD
Mauritius,MUS,Sub-Saharan Africa,Upper middle income,GDP per capita growth (annual %),gdp_per_capita_real_growth_yoy_pct_annual,2025,annual,3.32059861954176,percent per year,observed,WB_WDI,NY.GDP.PCAP.KD.ZG
Mauritius,MUS,Sub-Saharan Africa,Upper middle income,"GNI per capita, PPP (current international $)",gni_per_capita_ppp_current_intl_dollar_annual,2025,annual,37000.0,current international dollars per person,observed,WB_WDI,NY.GNP.PCAP.PP.CD
Mauritius,MUS,Sub-Saharan Africa,Upper middle income,"Inflation, consumer prices (annual %)",inflation_consumer_prices_yoy_pct_annual_wdi,2025,annual,3.67359279962943,percent per year,observed,WB_WDI,FP.CPI.TOTL.ZG
Mauritius,MUS,Sub-Saharan Africa,Upper middle income,"Life expectancy at birth, total (years)",life_expectancy_years_annual,2024,annual,73.7890243902439,years,observed,WB_WDI,SP.DYN.LE00.IN
Mauritius,MUS,Sub-Saharan Africa,Upper middle income,"Nominal GDP growth, year over year (annual)",gdp_nominal_growth_yoy_pct_annual_lcu,2025,annual,7.191946289365325,percent per year,derived,WB_WDI,calculated:NY.GDP.MKTP.CN:year_over_year
Mauritius,MUS,Sub-Saharan Africa,Upper middle income,"Nominal GDP per-capita growth, year over year (annual)",gdp_per_capita_nominal_growth_yoy_pct_annual_lcu,2025,annual,7.367591529441686,percent per year,derived,WB_WDI,calculated:NY.GDP.PCAP.CN:year_over_year
Mauritius,MUS,Sub-Saharan Africa,Upper middle income,"Population, total",population_total_annual,2025,annual,1243741.0,people,observed,WB_WDI,SP.POP.TOTL
Mauritius,MUS,Sub-Saharan Africa,Upper middle income,Poverty headcount ratio at $3.00 a day (2021 PPP) (% of population),poverty_headcount_at_3usd_2021_ppp_pct_annual,2017,annual,0.5,percent of population,observed,WB_WDI,SI.POV.DDAY
Mauritius,MUS,Sub-Saharan Africa,Upper middle income,"Unemployment, total (% of total labor force) (modeled ILO estimate)",unemployment_rate_ilo_modeled_pct_annual,2025,annual,5.635,percent of labor force,observed,WB_WDI,SL.UEM.TOTL.ZS
Malawi,MWI,Sub-Saharan Africa,Low income,Consumer price index (2010 = 100),cpi_index_annual_wdi,2025,annual,1313.21568389077,index points (2010=100),observed,WB_WDI,FP.CPI.TOTL
Malawi,MWI,Sub-Saharan Africa,Low income,GDP (constant 2015 US$),gdp_real_constant_2015_usd_annual,2025,annual,12177998253.3931,constant 2015 US dollars,observed,WB_WDI,NY.GDP.MKTP.KD
Malawi,MWI,Sub-Saharan Africa,Low income,GDP (constant LCU),gdp_real_constant_lcu_annual,2025,annual,8092955000000.0,constant local currency units (source base year varies),observed,WB_WDI,NY.GDP.MKTP.KN
Malawi,MWI,Sub-Saharan Africa,Low income,GDP (current LCU),gdp_nominal_current_lcu_annual,2025,annual,26118872000000.0,current local currency units,observed,WB_WDI,NY.GDP.MKTP.CN
Malawi,MWI,Sub-Saharan Africa,Low income,GDP (current US$),gdp_nominal_current_usd_annual,2025,annual,14918276698.303,current US dollars,observed,WB_WDI,NY.GDP.MKTP.CD
Malawi,MWI,Sub-Saharan Africa,Low income,GDP growth (annual %),gdp_real_growth_yoy_pct_annual,2025,annual,1.88518707821663,percent per year,observed,WB_WDI,NY.GDP.MKTP.KD.ZG
Malawi,MWI,Sub-Saharan Africa,Low income,GDP per capita (constant 2015 US$),gdp_per_capita_real_2015_usd_annual,2025,annual,548.160446261232,constant 2015 US dollars per person,observed,WB_WDI,NY.GDP.PCAP.KD
Malawi,MWI,Sub-Saharan Africa,Low income,GDP per capita (constant LCU),gdp_per_capita_real_lcu_annual,2025,annual,364283.007113753,constant local currency units per person (source base year varies),observed,WB_WDI,NY.GDP.PCAP.KN
Malawi,MWI,Sub-Saharan Africa,Low income,GDP per capita (current LCU),gdp_per_capita_nominal_lcu_annual,2025,annual,1175672.07955305,current local currency units per person,observed,WB_WDI,NY.GDP.PCAP.CN
Malawi,MWI,Sub-Saharan Africa,Low income,GDP per capita (current US$),gdp_per_capita_nominal_usd_annual,2025,annual,671.506847203876,current US dollars per person,observed,WB_WDI,NY.GDP.PCAP.CD
Malawi,MWI,Sub-Saharan Africa,Low income,GDP per capita growth (annual %),gdp_per_capita_real_growth_yoy_pct_annual,2025,annual,-0.686849668516146,percent per year,observed,WB_WDI,NY.GDP.PCAP.KD.ZG
Malawi,MWI,Sub-Saharan Africa,Low income,"GNI per capita, PPP (current international $)",gni_per_capita_ppp_current_intl_dollar_annual,2025,annual,1880.0,current international dollars per person,observed,WB_WDI,NY.GNP.PCAP.PP.CD
Malawi,MWI,Sub-Saharan Africa,Low income,"Inflation, consumer prices (annual %)",inflation_consumer_prices_yoy_pct_annual_wdi,2025,annual,28.3702565330281,percent per year,observed,WB_WDI,FP.CPI.TOTL.ZG
Malawi,MWI,Sub-Saharan Africa,Low income,"Life expectancy at birth, total (years)",life_expectancy_years_annual,2024,annual,67.561,years,observed,WB_WDI,SP.DYN.LE00.IN
Malawi,MWI,Sub-Saharan Africa,Low income,"Nominal GDP growth, year over year (annual)",gdp_nominal_growth_yoy_pct_annual_lcu,2025,annual,32.82551316050268,percent per year,derived,WB_WDI,calculated:NY.GDP.MKTP.CN:year_over_year
Malawi,MWI,Sub-Saharan Africa,Low income,"Nominal GDP per-capita growth, year over year (annual)",gdp_per_capita_nominal_growth_yoy_pct_annual_lcu,2025,annual,29.472404523717934,percent per year,derived,WB_WDI,calculated:NY.GDP.PCAP.CN:year_over_year
Malawi,MWI,Sub-Saharan Africa,Low income,"Population, total",population_total_annual,2025,annual,22216120.0,people,observed,WB_WDI,SP.POP.TOTL
Malawi,MWI,Sub-Saharan Africa,Low income,Poverty headcount ratio at $3.00 a day (2021 PPP) (% of population),poverty_headcount_at_3usd_2021_ppp_pct_annual,2019,annual,75.4,percent of population,observed,WB_WDI,SI.POV.DDAY
Malawi,MWI,Sub-Saharan Africa,Low income,"Unemployment, total (% of total labor force) (modeled ILO estimate)",unemployment_rate_ilo_modeled_pct_annual,2025,annual,5.072,percent of labor force,observed,WB_WDI,SL.UEM.TOTL.ZS
Malaysia,MYS,East Asia & Pacific,Upper middle income,Consumer price index (2010 = 100),cpi_index_annual_wdi,2025,annual,134.60256623896,index points (2010=100),observed,WB_WDI,FP.CPI.TOTL
Malaysia,MYS,East Asia & Pacific,Upper middle income,GDP (constant 2015 US$),gdp_real_constant_2015_usd_annual,2025,annual,444411684411.754,constant 2015 US dollars,observed,WB_WDI,NY.GDP.MKTP.KD
Malaysia,MYS,East Asia & Pacific,Upper middle income,GDP (constant LCU),gdp_real_constant_lcu_annual,2025,annual,1735647167000.0,constant local currency units (source base year varies),observed,WB_WDI,NY.GDP.MKTP.KN
Malaysia,MYS,East Asia & Pacific,Upper middle income,GDP (current LCU),gdp_nominal_current_lcu_annual,2025,annual,2023075573000.0,current local currency units,observed,WB_WDI,NY.GDP.MKTP.CN
Malaysia,MYS,East Asia & Pacific,Upper middle income,GDP (current US$),gdp_nominal_current_usd_annual,2025,annual,472193128644.597,current US dollars,observed,WB_WDI,NY.GDP.MKTP.CD
Malaysia,MYS,East Asia & Pacific,Upper middle income,GDP growth (annual %),gdp_real_growth_yoy_pct_annual,2025,annual,5.17127082911057,percent per year,observed,WB_WDI,NY.GDP.MKTP.KD.ZG
Malaysia,MYS,East Asia & Pacific,Upper middle income,GDP per capita (constant 2015 US$),gdp_per_capita_real_2015_usd_annual,2025,annual,12352.373269671,constant 2015 US dollars per person,observed,WB_WDI,NY.GDP.PCAP.KD
Malaysia,MYS,East Asia & Pacific,Upper middle income,GDP per capita (constant LCU),gdp_per_capita_real_lcu_annual,2025,annual,48242.1196904606,constant local currency units per person (source base year varies),observed,WB_WDI,NY.GDP.PCAP.KN
Malaysia,MYS,East Asia & Pacific,Upper middle income,GDP per capita (current LCU),gdp_per_capita_nominal_lcu_annual,2025,annual,56231.1602214674,current local currency units per person,observed,WB_WDI,NY.GDP.PCAP.CN
Malaysia,MYS,East Asia & Pacific,Upper middle income,GDP per capita (current US$),gdp_per_capita_nominal_usd_annual,2025,annual,13124.5554178269,current US dollars per person,observed,WB_WDI,NY.GDP.PCAP.CD
Malaysia,MYS,East Asia & Pacific,Upper middle income,GDP per capita growth (annual %),gdp_per_capita_real_growth_yoy_pct_annual,2025,annual,3.94303451852645,percent per year,observed,WB_WDI,NY.GDP.PCAP.KD.ZG
Malaysia,MYS,East Asia & Pacific,Upper middle income,"GNI per capita, PPP (current international $)",gni_per_capita_ppp_current_intl_dollar_annual,2025,annual,40070.0,current international dollars per person,observed,WB_WDI,NY.GNP.PCAP.PP.CD
Malaysia,MYS,East Asia & Pacific,Upper middle income,"Inflation, consumer prices (annual %)",inflation_consumer_prices_yoy_pct_annual_wdi,2025,annual,1.38060872293692,percent per year,observed,WB_WDI,FP.CPI.TOTL.ZG
Malaysia,MYS,East Asia & Pacific,Upper middle income,"Life expectancy at birth, total (years)",life_expectancy_years_annual,2024,annual,76.821,years,observed,WB_WDI,SP.DYN.LE00.IN
Malaysia,MYS,East Asia & Pacific,Upper middle income,"Nominal GDP growth, year over year (annual)",gdp_nominal_growth_yoy_pct_annual_lcu,2025,annual,4.698260250579489,percent per year,derived,WB_WDI,calculated:NY.GDP.MKTP.CN:year_over_year
Malaysia,MYS,East Asia & Pacific,Upper middle income,"Nominal GDP per-capita growth, year over year (annual)",gdp_per_capita_nominal_growth_yoy_pct_annual_lcu,2025,annual,3.475547965361314,percent per year,derived,WB_WDI,calculated:NY.GDP.PCAP.CN:year_over_year
Malaysia,MYS,East Asia & Pacific,Upper middle income,"Population, total",population_total_annual,2025,annual,35977838.0,people,observed,WB_WDI,SP.POP.TOTL
Malaysia,MYS,East Asia & Pacific,Upper middle income,Poverty headcount ratio at $3.00 a day (2021 PPP) (% of population),poverty_headcount_at_3usd_2021_ppp_pct_annual,2021,annual,0.0,percent of population,observed,WB_WDI,SI.POV.DDAY
Malaysia,MYS,East Asia & Pacific,Upper middle income,"Unemployment, total (% of total labor force) (modeled ILO estimate)",unemployment_rate_ilo_modeled_pct_annual,2025,annual,3.764,percent of labor force,observed,WB_WDI,SL.UEM.TOTL.ZS
Namibia,NAM,Sub-Saharan Africa,Lower middle income,Consumer price index (2010 = 100),cpi_index_annual_wdi,2025,annual,202.749489241663,index points (2010=100),observed,WB_WDI,FP.CPI.TOTL
Namibia,NAM,Sub-Saharan Africa,Lower middle income,GDP (constant 2015 US$),gdp_real_constant_2015_usd_annual,2025,annual,12430110584.9587,constant 2015 US dollars,observed,WB_WDI,NY.GDP.MKTP.KD
Namibia,NAM,Sub-Saharan Africa,Lower middle income,GDP (constant LCU),gdp_real_constant_lcu_annual,2025,annual,160123703125.0,constant local currency units (source base year varies),observed,WB_WDI,NY.GDP.MKTP.KN
Namibia,NAM,Sub-Saharan Africa,Lower middle income,GDP (current LCU),gdp_nominal_current_lcu_annual,2025,annual,269768187500.0,current local currency units,observed,WB_WDI,NY.GDP.MKTP.CN
Namibia,NAM,Sub-Saharan Africa,Lower middle income,GDP (current US$),gdp_nominal_current_usd_annual,2025,annual,15080340653.5276,current US dollars,observed,WB_WDI,NY.GDP.MKTP.CD
Namibia,NAM,Sub-Saharan Africa,Lower middle income,GDP growth (annual %),gdp_real_growth_yoy_pct_annual,2025,annual,1.73018153842335,percent per year,observed,WB_WDI,NY.GDP.MKTP.KD.ZG
Namibia,NAM,Sub-Saharan Africa,Lower middle income,GDP per capita (constant 2015 US$),gdp_per_capita_real_2015_usd_annual,2025,annual,4019.02686256106,constant 2015 US dollars per person,observed,WB_WDI,NY.GDP.PCAP.KD
Namibia,NAM,Sub-Saharan Africa,Lower middle income,GDP per capita (constant LCU),gdp_per_capita_real_lcu_annual,2025,annual,51772.7867176709,constant local currency units per person (source base year varies),observed,WB_WDI,NY.GDP.PCAP.KN
Namibia,NAM,Sub-Saharan Africa,Lower middle income,GDP per capita (current LCU),gdp_per_capita_nominal_lcu_annual,2025,annual,87224.1308567985,current local currency units per person,observed,WB_WDI,NY.GDP.PCAP.CN
Namibia,NAM,Sub-Saharan Africa,Lower middle income,GDP per capita (current US$),gdp_per_capita_nominal_usd_annual,2025,annual,4875.92558158247,current US dollars per person,observed,WB_WDI,NY.GDP.PCAP.CD
Namibia,NAM,Sub-Saharan Africa,Lower middle income,GDP per capita growth (annual %),gdp_per_capita_real_growth_yoy_pct_annual,2025,annual,-0.331679377239283,percent per year,observed,WB_WDI,NY.GDP.PCAP.KD.ZG
Namibia,NAM,Sub-Saharan Africa,Lower middle income,"GNI per capita, PPP (current international $)",gni_per_capita_ppp_current_intl_dollar_annual,2025,annual,11260.0,current international dollars per person,observed,WB_WDI,NY.GNP.PCAP.PP.CD
Namibia,NAM,Sub-Saharan Africa,Lower middle income,"Inflation, consumer prices (annual %)",inflation_consumer_prices_yoy_pct_annual_wdi,2025,annual,3.51074539609587,percent per year,observed,WB_WDI,FP.CPI.TOTL.ZG
Namibia,NAM,Sub-Saharan Africa,Lower middle income,"Life expectancy at birth, total (years)",life_expectancy_years_annual,2024,annual,67.516,years,observed,WB_WDI,SP.DYN.LE00.IN
Namibia,NAM,Sub-Saharan Africa,Lower middle income,"Nominal GDP growth, year over year (annual)",gdp_nominal_growth_yoy_pct_annual_lcu,2025,annual,7.896606723010269,percent per year,derived,WB_WDI,calculated:NY.GDP.MKTP.CN:year_over_year
Namibia,NAM,Sub-Saharan Africa,Lower middle income,"Nominal GDP per-capita growth, year over year (annual)",gdp_per_capita_nominal_growth_yoy_pct_annual_lcu,2025,annual,5.709765089873464,percent per year,derived,WB_WDI,calculated:NY.GDP.PCAP.CN:year_over_year
Namibia,NAM,Sub-Saharan Africa,Lower middle income,"Population, total",population_total_annual,2025,annual,3092816.0,people,observed,WB_WDI,SP.POP.TOTL
Namibia,NAM,Sub-Saharan Africa,Lower middle income,Poverty headcount ratio at $3.00 a day (2021 PPP) (% of population),poverty_headcount_at_3usd_2021_ppp_pct_annual,2015,annual,22.9,percent of population,observed,WB_WDI,SI.POV.DDAY
Namibia,NAM,Sub-Saharan Africa,Lower middle income,"Unemployment, total (% of total labor force) (modeled ILO estimate)",unemployment_rate_ilo_modeled_pct_annual,2025,annual,19.291,percent of labor force,observed,WB_WDI,SL.UEM.TOTL.ZS
New Caledonia,NCL,East Asia & Pacific,High income,Consumer price index (2010 = 100),cpi_index_annual_wdi,2016,annual,106.959768427235,index points (2010=100),observed,WB_WDI,FP.CPI.TOTL
New Caledonia,NCL,East Asia & Pacific,High income,GDP (constant 2015 US$),gdp_real_constant_2015_usd_annual,2015,annual,8738203074.3957,constant 2015 US dollars,observed,WB_WDI,NY.GDP.MKTP.KD
New Caledonia,NCL,East Asia & Pacific,High income,GDP (constant LCU),gdp_real_constant_lcu_annual,2024,annual,843633242300.0,constant local currency units (source base year varies),observed,WB_WDI,NY.GDP.MKTP.KN
New Caledonia,NCL,East Asia & Pacific,High income,GDP (current LCU),gdp_nominal_current_lcu_annual,2024,annual,943000000000.0,current local currency units,observed,WB_WDI,NY.GDP.MKTP.CN
New Caledonia,NCL,East Asia & Pacific,High income,GDP (current US$),gdp_nominal_current_usd_annual,2024,annual,8548919387.12607,current US dollars,observed,WB_WDI,NY.GDP.MKTP.CD
New Caledonia,NCL,East Asia & Pacific,High income,GDP growth (annual %),gdp_real_growth_yoy_pct_annual,2024,annual,-13.4999999989747,percent per year,observed,WB_WDI,NY.GDP.MKTP.KD.ZG
New Caledonia,NCL,East Asia & Pacific,High income,GDP per capita (constant 2015 US$),gdp_per_capita_real_2015_usd_annual,2015,annual,30858.7237060533,constant 2015 US dollars per person,observed,WB_WDI,NY.GDP.PCAP.KD
New Caledonia,NCL,East Asia & Pacific,High income,GDP per capita (constant LCU),gdp_per_capita_real_lcu_annual,2024,annual,2882846.24503228,constant local currency units per person (source base year varies),observed,WB_WDI,NY.GDP.PCAP.KN
New Caledonia,NCL,East Asia & Pacific,High income,GDP per capita (current LCU),gdp_per_capita_nominal_lcu_annual,2024,annual,3222400.29524431,current local currency units per person,observed,WB_WDI,NY.GDP.PCAP.CN
New Caledonia,NCL,East Asia & Pacific,High income,GDP per capita (current US$),gdp_per_capita_nominal_usd_annual,2024,annual,29213.1923192946,current US dollars per person,observed,WB_WDI,NY.GDP.PCAP.CD
New Caledonia,NCL,East Asia & Pacific,High income,GDP per capita growth (annual %),gdp_per_capita_real_growth_yoy_pct_annual,2024,annual,-14.3184777138481,percent per year,observed,WB_WDI,NY.GDP.PCAP.KD.ZG
New Caledonia,NCL,East Asia & Pacific,High income,"Inflation, consumer prices (annual %)",inflation_consumer_prices_yoy_pct_annual_wdi,2016,annual,0.578317435520754,percent per year,observed,WB_WDI,FP.CPI.TOTL.ZG
New Caledonia,NCL,East Asia & Pacific,High income,"Life expectancy at birth, total (years)",life_expectancy_years_annual,2024,annual,78.921,years,observed,WB_WDI,SP.DYN.LE00.IN
New Caledonia,NCL,East Asia & Pacific,High income,"Nominal GDP growth, year over year (annual)",gdp_nominal_growth_yoy_pct_annual_lcu,2024,annual,-12.523191094619667,percent per year,derived,WB_WDI,calculated:NY.GDP.MKTP.CN:year_over_year
New Caledonia,NCL,East Asia & Pacific,High income,"Nominal GDP per-capita growth, year over year (annual)",gdp_per_capita_nominal_growth_yoy_pct_annual_lcu,2024,annual,-13.350911541515131,percent per year,derived,WB_WDI,calculated:NY.GDP.PCAP.CN:year_over_year
New Caledonia,NCL,East Asia & Pacific,High income,"Population, total",population_total_annual,2025,annual,295333.0,people,observed,WB_WDI,SP.POP.TOTL
New Caledonia,NCL,East Asia & Pacific,High income,"Unemployment, total (% of total labor force) (modeled ILO estimate)",unemployment_rate_ilo_modeled_pct_annual,2025,annual,11.174,percent of labor force,observed,WB_WDI,SL.UEM.TOTL.ZS
Niger,NER,Sub-Saharan Africa,Low income,Consumer price index (2010 = 100),cpi_index_annual_wdi,2025,annual,131.570417062881,index points (2010=100),observed,WB_WDI,FP.CPI.TOTL
Niger,NER,Sub-Saharan Africa,Low income,GDP (constant 2015 US$),gdp_real_constant_2015_usd_annual,2025,annual,17040361036.8007,constant 2015 US dollars,observed,WB_WDI,NY.GDP.MKTP.KD
Niger,NER,Sub-Saharan Africa,Low income,GDP (constant LCU),gdp_real_constant_lcu_annual,2025,annual,10074460783100.0,constant local currency units (source base year varies),observed,WB_WDI,NY.GDP.MKTP.KN
Niger,NER,Sub-Saharan Africa,Low income,GDP (current LCU),gdp_nominal_current_lcu_annual,2025,annual,12596535274000.0,current local currency units,observed,WB_WDI,NY.GDP.MKTP.CN
Niger,NER,Sub-Saharan Africa,Low income,GDP (current US$),gdp_nominal_current_usd_annual,2025,annual,21646191388.2507,current US dollars,observed,WB_WDI,NY.GDP.MKTP.CD
Niger,NER,Sub-Saharan Africa,Low income,GDP growth (annual %),gdp_real_growth_yoy_pct_annual,2025,annual,7.00782960149,percent per year,observed,WB_WDI,NY.GDP.MKTP.KD.ZG
Niger,NER,Sub-Saharan Africa,Low income,GDP per capita (constant 2015 US$),gdp_per_capita_real_2015_usd_annual,2025,annual,610.375535148154,constant 2015 US dollars per person,observed,WB_WDI,NY.GDP.PCAP.KD
Niger,NER,Sub-Saharan Africa,Low income,GDP per capita (constant LCU),gdp_per_capita_real_lcu_annual,2025,annual,360861.156552599,constant local currency units per person (source base year varies),observed,WB_WDI,NY.GDP.PCAP.KN
Niger,NER,Sub-Saharan Africa,Low income,GDP per capita (current LCU),gdp_per_capita_nominal_lcu_annual,2025,annual,451200.355572036,current local currency units per person,observed,WB_WDI,NY.GDP.PCAP.CN
Niger,NER,Sub-Saharan Africa,Low income,GDP per capita (current US$),gdp_per_capita_nominal_usd_annual,2025,annual,775.353622143879,current US dollars per person,observed,WB_WDI,NY.GDP.PCAP.CD
Niger,NER,Sub-Saharan Africa,Low income,GDP per capita growth (annual %),gdp_per_capita_real_growth_yoy_pct_annual,2025,annual,3.61405715985865,percent per year,observed,WB_WDI,NY.GDP.PCAP.KD.ZG
Niger,NER,Sub-Saharan Africa,Low income,"GNI per capita, PPP (current international $)",gni_per_capita_ppp_current_intl_dollar_annual,2025,annual,2150.0,current international dollars per person,observed,WB_WDI,NY.GNP.PCAP.PP.CD
Niger,NER,Sub-Saharan Africa,Low income,"Inflation, consumer prices (annual %)",inflation_consumer_prices_yoy_pct_annual_wdi,2025,annual,-4.45470804102568,percent per year,observed,WB_WDI,FP.CPI.TOTL.ZG
Niger,NER,Sub-Saharan Africa,Low income,"Life expectancy at birth, total (years)",life_expectancy_years_annual,2024,annual,61.433,years,observed,WB_WDI,SP.DYN.LE00.IN
Niger,NER,Sub-Saharan Africa,Low income,"Nominal GDP growth, year over year (annual)",gdp_nominal_growth_yoy_pct_annual_lcu,2025,annual,5.295234790621772,percent per year,derived,WB_WDI,calculated:NY.GDP.MKTP.CN:year_over_year
Niger,NER,Sub-Saharan Africa,Low income,"Nominal GDP per-capita growth, year over year (annual)",gdp_per_capita_nominal_growth_yoy_pct_annual_lcu,2025,annual,1.9557775995141524,percent per year,derived,WB_WDI,calculated:NY.GDP.PCAP.CN:year_over_year
Niger,NER,Sub-Saharan Africa,Low income,"Population, total",population_total_annual,2025,annual,27917831.0,people,observed,WB_WDI,SP.POP.TOTL
Niger,NER,Sub-Saharan Africa,Low income,Poverty headcount ratio at $3.00 a day (2021 PPP) (% of population),poverty_headcount_at_3usd_2021_ppp_pct_annual,2021,annual,60.5,percent of population,observed,WB_WDI,SI.POV.DDAY
Niger,NER,Sub-Saharan Africa,Low income,"Unemployment, total (% of total labor force) (modeled ILO estimate)",unemployment_rate_ilo_modeled_pct_annual,2025,annual,0.394,percent of labor force,observed,WB_WDI,SL.UEM.TOTL.ZS
Nigeria,NGA,Sub-Saharan Africa,Lower middle income,Consumer price index (2010 = 100),cpi_index_annual_wdi,2025,annual,860.323721691846,index points (2010=100),observed,WB_WDI,FP.CPI.TOTL
Nigeria,NGA,Sub-Saharan Africa,Lower middle income,GDP (constant 2015 US$),gdp_real_constant_2015_usd_annual,2025,annual,562593735122.067,constant 2015 US dollars,observed,WB_WDI,NY.GDP.MKTP.KD
Nigeria,NGA,Sub-Saharan Africa,Lower middle income,GDP (constant LCU),gdp_real_constant_lcu_annual,2025,annual,226519398369100.0,constant local currency units (source base year varies),observed,WB_WDI,NY.GDP.MKTP.KN
Nigeria,NGA,Sub-Saharan Africa,Lower middle income,GDP (current LCU),gdp_nominal_current_lcu_annual,2025,annual,441535409810000.0,current local currency units,observed,WB_WDI,NY.GDP.MKTP.CN
Nigeria,NGA,Sub-Saharan Africa,Lower middle income,GDP (current US$),gdp_nominal_current_usd_annual,2025,annual,290794361542.112,current US dollars,observed,WB_WDI,NY.GDP.MKTP.CD
Nigeria,NGA,Sub-Saharan Africa,Lower middle income,GDP growth (annual %),gdp_real_growth_yoy_pct_annual,2025,annual,4.01336180700973,percent per year,observed,WB_WDI,NY.GDP.MKTP.KD.ZG
Nigeria,NGA,Sub-Saharan Africa,Lower middle income,GDP per capita (constant 2015 US$),gdp_per_capita_real_2015_usd_annual,2025,annual,2368.53866265659,constant 2015 US dollars per person,observed,WB_WDI,NY.GDP.PCAP.KD
Nigeria,NGA,Sub-Saharan Africa,Lower middle income,GDP per capita (constant LCU),gdp_per_capita_real_lcu_annual,2025,annual,953654.332397631,constant local currency units per person (source base year varies),observed,WB_WDI,NY.GDP.PCAP.KN
Nigeria,NGA,Sub-Saharan Africa,Lower middle income,GDP per capita (current LCU),gdp_per_capita_nominal_lcu_annual,2025,annual,1858879.01656068,current local currency units per person,observed,WB_WDI,NY.GDP.PCAP.CN
Nigeria,NGA,Sub-Saharan Africa,Lower middle income,GDP per capita (current US$),gdp_per_capita_nominal_usd_annual,2025,annual,1224.25410237743,current US dollars per person,observed,WB_WDI,NY.GDP.PCAP.CD
Nigeria,NGA,Sub-Saharan Africa,Lower middle income,GDP per capita growth (annual %),gdp_per_capita_real_growth_yoy_pct_annual,2025,annual,1.89029058621935,percent per year,observed,WB_WDI,NY.GDP.PCAP.KD.ZG
Nigeria,NGA,Sub-Saharan Africa,Lower middle income,"GNI per capita, PPP (current international $)",gni_per_capita_ppp_current_intl_dollar_annual,2025,annual,9230.0,current international dollars per person,observed,WB_WDI,NY.GNP.PCAP.PP.CD
Nigeria,NGA,Sub-Saharan Africa,Lower middle income,"Inflation, consumer prices (annual %)",inflation_consumer_prices_yoy_pct_annual_wdi,2025,annual,23.0101235833333,percent per year,observed,WB_WDI,FP.CPI.TOTL.ZG
Nigeria,NGA,Sub-Saharan Africa,Lower middle income,"Life expectancy at birth, total (years)",life_expectancy_years_annual,2024,annual,54.635,years,observed,WB_WDI,SP.DYN.LE00.IN
Nigeria,NGA,Sub-Saharan Africa,Lower middle income,"Nominal GDP growth, year over year (annual)",gdp_nominal_growth_yoy_pct_annual_lcu,2025,annual,18.43035871159797,percent per year,derived,WB_WDI,calculated:NY.GDP.MKTP.CN:year_over_year
Nigeria,NGA,Sub-Saharan Africa,Lower middle income,"Nominal GDP per-capita growth, year over year (annual)",gdp_per_capita_nominal_growth_yoy_pct_annual_lcu,2025,annual,16.013014613874965,percent per year,derived,WB_WDI,calculated:NY.GDP.PCAP.CN:year_over_year
Nigeria,NGA,Sub-Saharan Africa,Lower middle income,"Population, total",population_total_annual,2025,annual,237527782.0,people,observed,WB_WDI,SP.POP.TOTL
Nigeria,NGA,Sub-Saharan Africa,Lower middle income,Poverty headcount ratio at $3.00 a day (2021 PPP) (% of population),poverty_headcount_at_3usd_2021_ppp_pct_annual,2022,annual,41.8,percent of population,observed,WB_WDI,SI.POV.DDAY
Nigeria,NGA,Sub-Saharan Africa,Lower middle income,"Unemployment, total (% of total labor force) (modeled ILO estimate)",unemployment_rate_ilo_modeled_pct_annual,2025,annual,3.064,percent of labor force,observed,WB_WDI,SL.UEM.TOTL.ZS
Nicaragua,NIC,Latin America & Caribbean,Lower middle income,Consumer price index (2010 = 100),cpi_index_annual_wdi,2025,annual,226.403787162385,index points (2010=100),observed,WB_WDI,FP.CPI.TOTL
Nicaragua,NIC,Latin America & Caribbean,Lower middle income,GDP (constant 2015 US$),gdp_real_constant_2015_usd_annual,2025,annual,16620068188.7789,constant 2015 US dollars,observed,WB_WDI,NY.GDP.MKTP.KD
Nicaragua,NIC,Latin America & Caribbean,Lower middle income,GDP (constant LCU),gdp_real_constant_lcu_annual,2025,annual,221655999200.0,constant local currency units (source base year varies),observed,WB_WDI,NY.GDP.MKTP.KN
Nicaragua,NIC,Latin America & Caribbean,Lower middle income,GDP (current LCU),gdp_nominal_current_lcu_annual,2025,annual,814420679500.0,current local currency units,observed,WB_WDI,NY.GDP.MKTP.CN
Nicaragua,NIC,Latin America & Caribbean,Lower middle income,GDP (current US$),gdp_nominal_current_usd_annual,2025,annual,22237167113.0916,current US dollars,observed,WB_WDI,NY.GDP.MKTP.CD
Nicaragua,NIC,Latin America & Caribbean,Lower middle income,GDP growth (annual %),gdp_real_growth_yoy_pct_annual,2025,annual,4.92352556770889,percent per year,observed,WB_WDI,NY.GDP.MKTP.KD.ZG
Nicaragua,NIC,Latin America & Caribbean,Lower middle income,GDP per capita (constant 2015 US$),gdp_per_capita_real_2015_usd_annual,2025,annual,2371.75361331026,constant 2015 US dollars per person,observed,WB_WDI,NY.GDP.PCAP.KD
Nicaragua,NIC,Latin America & Caribbean,Lower middle income,GDP per capita (constant LCU),gdp_per_capita_real_lcu_annual,2025,annual,31631.2430877651,constant local currency units per person (source base year varies),observed,WB_WDI,NY.GDP.PCAP.KN
Nicaragua,NIC,Latin America & Caribbean,Lower middle income,GDP per capita (current LCU),gdp_per_capita_nominal_lcu_annual,2025,annual,116221.255377451,current local currency units per person,observed,WB_WDI,NY.GDP.PCAP.CN
Nicaragua,NIC,Latin America & Caribbean,Lower middle income,GDP per capita (current US$),gdp_per_capita_nominal_usd_annual,2025,annual,3173.33724815085,current US dollars per person,observed,WB_WDI,NY.GDP.PCAP.CD
Nicaragua,NIC,Latin America & Caribbean,Lower middle income,GDP per capita growth (annual %),gdp_per_capita_real_growth_yoy_pct_annual,2025,annual,3.55555975864928,percent per year,observed,WB_WDI,NY.GDP.PCAP.KD.ZG
Nicaragua,NIC,Latin America & Caribbean,Lower middle income,"GNI per capita, PPP (current international $)",gni_per_capita_ppp_current_intl_dollar_annual,2025,annual,8780.0,current international dollars per person,observed,WB_WDI,NY.GNP.PCAP.PP.CD
Nicaragua,NIC,Latin America & Caribbean,Lower middle income,"Inflation, consumer prices (annual %)",inflation_consumer_prices_yoy_pct_annual_wdi,2025,annual,2.08132127098376,percent per year,observed,WB_WDI,FP.CPI.TOTL.ZG
Nicaragua,NIC,Latin America & Caribbean,Lower middle income,"Life expectancy at birth, total (years)",life_expectancy_years_annual,2024,annual,75.1,years,observed,WB_WDI,SP.DYN.LE00.IN
Nicaragua,NIC,Latin America & Caribbean,Lower middle income,"Nominal GDP growth, year over year (annual)",gdp_nominal_growth_yoy_pct_annual_lcu,2025,annual,12.900157562849902,percent per year,derived,WB_WDI,calculated:NY.GDP.MKTP.CN:year_over_year
Nicaragua,NIC,Latin America & Caribbean,Lower middle income,"Nominal GDP per-capita growth, year over year (annual)",gdp_per_capita_nominal_growth_yoy_pct_annual_lcu,2025,annual,11.428194487383614,percent per year,derived,WB_WDI,calculated:NY.GDP.PCAP.CN:year_over_year
Nicaragua,NIC,Latin America & Caribbean,Lower middle income,"Population, total",population_total_annual,2025,annual,7007502.0,people,observed,WB_WDI,SP.POP.TOTL
Nicaragua,NIC,Latin America & Caribbean,Lower middle income,Poverty headcount ratio at $3.00 a day (2021 PPP) (% of population),poverty_headcount_at_3usd_2021_ppp_pct_annual,2014,annual,6.6,percent of population,observed,WB_WDI,SI.POV.DDAY
Nicaragua,NIC,Latin America & Caribbean,Lower middle income,"Unemployment, total (% of total labor force) (modeled ILO estimate)",unemployment_rate_ilo_modeled_pct_annual,2025,annual,5.04,percent of labor force,observed,WB_WDI,SL.UEM.TOTL.ZS
Netherlands,NLD,Europe & Central Asia,High income,Consumer price index (2010 = 100),cpi_index_annual_wdi,2025,annual,146.912389565724,index points (2010=100),observed,WB_WDI,FP.CPI.TOTL
Netherlands,NLD,Europe & Central Asia,High income,GDP (constant 2015 US$),gdp_real_constant_2015_usd_annual,2025,annual,937247947433.363,constant 2015 US dollars,observed,WB_WDI,NY.GDP.MKTP.KD
Netherlands,NLD,Europe & Central Asia,High income,GDP (constant LCU),gdp_real_constant_lcu_annual,2025,annual,931773043000.0,constant local currency units (source base year varies),observed,WB_WDI,NY.GDP.MKTP.KN
Netherlands,NLD,Europe & Central Asia,High income,GDP (current LCU),gdp_nominal_current_lcu_annual,2025,annual,1179458000000.0,current local currency units,observed,WB_WDI,NY.GDP.MKTP.CN
Netherlands,NLD,Europe & Central Asia,High income,GDP (current US$),gdp_nominal_current_usd_annual,2025,annual,1332767651100.39,current US dollars,observed,WB_WDI,NY.GDP.MKTP.CD
Netherlands,NLD,Europe & Central Asia,High income,GDP growth (annual %),gdp_real_growth_yoy_pct_annual,2025,annual,1.78463214703797,percent per year,observed,WB_WDI,NY.GDP.MKTP.KD.ZG
Netherlands,NLD,Europe & Central Asia,High income,GDP per capita (constant 2015 US$),gdp_per_capita_real_2015_usd_annual,2025,annual,51817.0590609265,constant 2015 US dollars per person,observed,WB_WDI,NY.GDP.PCAP.KD
Netherlands,NLD,Europe & Central Asia,High income,GDP per capita (constant LCU),gdp_per_capita_real_lcu_annual,2025,annual,51514.3713386931,constant local currency units per person (source base year varies),observed,WB_WDI,NY.GDP.PCAP.KN
Netherlands,NLD,Europe & Central Asia,High income,GDP per capita (current LCU),gdp_per_capita_nominal_lcu_annual,2025,annual,65207.9793967514,current local currency units per person,observed,WB_WDI,NY.GDP.PCAP.CN
Netherlands,NLD,Europe & Central Asia,High income,GDP per capita (current US$),gdp_per_capita_nominal_usd_annual,2025,annual,73683.917132794,current US dollars per person,observed,WB_WDI,NY.GDP.PCAP.CD
Netherlands,NLD,Europe & Central Asia,High income,GDP per capita growth (annual %),gdp_per_capita_real_growth_yoy_pct_annual,2025,annual,1.25483261232941,percent per year,observed,WB_WDI,NY.GDP.PCAP.KD.ZG
Netherlands,NLD,Europe & Central Asia,High income,"GNI per capita, PPP (current international $)",gni_per_capita_ppp_current_intl_dollar_annual,2025,annual,85480.0,current international dollars per person,observed,WB_WDI,NY.GNP.PCAP.PP.CD
Netherlands,NLD,Europe & Central Asia,High income,"Inflation, consumer prices (annual %)",inflation_consumer_prices_yoy_pct_annual_wdi,2025,annual,3.2595766451366,percent per year,observed,WB_WDI,FP.CPI.TOTL.ZG
Netherlands,NLD,Europe & Central Asia,High income,"Life expectancy at birth, total (years)",life_expectancy_years_annual,2024,annual,81.9658536585366,years,observed,WB_WDI,SP.DYN.LE00.IN
Netherlands,NLD,Europe & Central Asia,High income,"Nominal GDP growth, year over year (annual)",gdp_nominal_growth_yoy_pct_annual_lcu,2025,annual,5.163867992578086,percent per year,derived,WB_WDI,calculated:NY.GDP.MKTP.CN:year_over_year
Netherlands,NLD,Europe & Central Asia,High income,"Nominal GDP per-capita growth, year over year (annual)",gdp_per_capita_nominal_growth_yoy_pct_annual_lcu,2025,annual,4.616479185885525,percent per year,derived,WB_WDI,calculated:NY.GDP.PCAP.CN:year_over_year
Netherlands,NLD,Europe & Central Asia,High income,"Population, total",population_total_annual,2025,annual,18087633.0,people,observed,WB_WDI,SP.POP.TOTL
Netherlands,NLD,Europe & Central Asia,High income,Poverty headcount ratio at $3.00 a day (2021 PPP) (% of population),poverty_headcount_at_3usd_2021_ppp_pct_annual,2021,annual,0.1,percent of population,observed,WB_WDI,SI.POV.DDAY
Netherlands,NLD,Europe & Central Asia,High income,"Unemployment, total (% of total labor force) (modeled ILO estimate)",unemployment_rate_ilo_modeled_pct_annual,2025,annual,3.874,percent of labor force,observed,WB_WDI,SL.UEM.TOTL.ZS
Norway,NOR,Europe & Central Asia,High income,Consumer price index (2010 = 100),cpi_index_annual_wdi,2025,annual,149.543027780291,index points (2010=100),observed,WB_WDI,FP.CPI.TOTL
Norway,NOR,Europe & Central Asia,High income,GDP (constant 2015 US$),gdp_real_constant_2015_usd_annual,2025,annual,470262478012.781,constant 2015 US dollars,observed,WB_WDI,NY.GDP.MKTP.KD
Norway,NOR,Europe & Central Asia,High income,GDP (constant LCU),gdp_real_constant_lcu_annual,2025,annual,4013888158000.0,constant local currency units (source base year varies),observed,WB_WDI,NY.GDP.MKTP.KN
Norway,NOR,Europe & Central Asia,High income,GDP (current LCU),gdp_nominal_current_lcu_annual,2025,annual,5517648000000.0,current local currency units,observed,WB_WDI,NY.GDP.MKTP.CN
Norway,NOR,Europe & Central Asia,High income,GDP (current US$),gdp_nominal_current_usd_annual,2025,annual,530755719438.879,current US dollars,observed,WB_WDI,NY.GDP.MKTP.CD
Norway,NOR,Europe & Central Asia,High income,GDP growth (annual %),gdp_real_growth_yoy_pct_annual,2025,annual,1.08528185031417,percent per year,observed,WB_WDI,NY.GDP.MKTP.KD.ZG
Norway,NOR,Europe & Central Asia,High income,GDP per capita (constant 2015 US$),gdp_per_capita_real_2015_usd_annual,2025,annual,83812.7559563457,constant 2015 US dollars per person,observed,WB_WDI,NY.GDP.PCAP.KD
Norway,NOR,Europe & Central Asia,High income,GDP per capita (constant LCU),gdp_per_capita_real_lcu_annual,2025,annual,715377.144364421,constant local currency units per person (source base year varies),observed,WB_WDI,NY.GDP.PCAP.KN
Norway,NOR,Europe & Central Asia,High income,GDP per capita (current LCU),gdp_per_capita_nominal_lcu_annual,2025,annual,983385.464286287,current local currency units per person,observed,WB_WDI,NY.GDP.PCAP.CN
Norway,NOR,Europe & Central Asia,High income,GDP per capita (current US$),gdp_per_capita_nominal_usd_annual,2025,annual,94594.1929573987,current US dollars per person,observed,WB_WDI,NY.GDP.PCAP.CD
Norway,NOR,Europe & Central Asia,High income,GDP per capita growth (annual %),gdp_per_capita_real_growth_yoy_pct_annual,2025,annual,0.390027440234192,percent per year,observed,WB_WDI,NY.GDP.PCAP.KD.ZG
Norway,NOR,Europe & Central Asia,High income,"GNI per capita, PPP (current international $)",gni_per_capita_ppp_current_intl_dollar_annual,2025,annual,107770.0,current international dollars per person,observed,WB_WDI,NY.GNP.PCAP.PP.CD
Norway,NOR,Europe & Central Asia,High income,"Inflation, consumer prices (annual %)",inflation_consumer_prices_yoy_pct_annual_wdi,2025,annual,3.05562484410077,percent per year,observed,WB_WDI,FP.CPI.TOTL.ZG
Norway,NOR,Europe & Central Asia,High income,"Life expectancy at birth, total (years)",life_expectancy_years_annual,2024,annual,83.1609756097561,years,observed,WB_WDI,SP.DYN.LE00.IN
Norway,NOR,Europe & Central Asia,High income,"Nominal GDP growth, year over year (annual)",gdp_nominal_growth_yoy_pct_annual_lcu,2025,annual,2.5120015249586514,percent per year,derived,WB_WDI,calculated:NY.GDP.MKTP.CN:year_over_year
Norway,NOR,Europe & Central Asia,High income,"Nominal GDP per-capita growth, year over year (annual)",gdp_per_capita_nominal_growth_yoy_pct_annual_lcu,2025,annual,1.806934280333583,percent per year,derived,WB_WDI,calculated:NY.GDP.PCAP.CN:year_over_year
Norway,NOR,Europe & Central Asia,High income,"Population, total",population_total_annual,2025,annual,5610870.0,people,observed,WB_WDI,SP.POP.TOTL
Norway,NOR,Europe & Central Asia,High income,Poverty headcount ratio at $3.00 a day (2021 PPP) (% of population),poverty_headcount_at_3usd_2021_ppp_pct_annual,2023,annual,0.2,percent of population,observed,WB_WDI,SI.POV.DDAY
Norway,NOR,Europe & Central Asia,High income,"Unemployment, total (% of total labor force) (modeled ILO estimate)",unemployment_rate_ilo_modeled_pct_annual,2025,annual,4.637,percent of labor force,observed,WB_WDI,SL.UEM.TOTL.ZS
Nepal,NPL,South Asia,Lower middle income,Consumer price index (2010 = 100),cpi_index_annual_wdi,2025,annual,254.615350687251,index points (2010=100),observed,WB_WDI,FP.CPI.TOTL
Nepal,NPL,South Asia,Lower middle income,GDP (constant 2015 US$),gdp_real_constant_2015_usd_annual,2025,annual,36537085383.278,constant 2015 US dollars,observed,WB_WDI,NY.GDP.MKTP.KD
Nepal,NPL,South Asia,Lower middle income,GDP (constant LCU),gdp_real_constant_lcu_annual,2025,annual,2793221497100.0,constant local currency units (source base year varies),observed,WB_WDI,NY.GDP.MKTP.KN
Nepal,NPL,South Asia,Lower middle income,GDP (current LCU),gdp_nominal_current_lcu_annual,2025,annual,6199865107300.0,current local currency units,observed,WB_WDI,NY.GDP.MKTP.CN
Nepal,NPL,South Asia,Lower middle income,GDP (current US$),gdp_nominal_current_usd_annual,2025,annual,45489810283.1132,current US dollars,observed,WB_WDI,NY.GDP.MKTP.CD
Nepal,NPL,South Asia,Lower middle income,GDP growth (annual %),gdp_real_growth_yoy_pct_annual,2025,annual,4.43073194983359,percent per year,observed,WB_WDI,NY.GDP.MKTP.KD.ZG
Nepal,NPL,South Asia,Lower middle income,GDP per capita (constant 2015 US$),gdp_per_capita_real_2015_usd_annual,2025,annual,1233.60590916945,constant 2015 US dollars per person,observed,WB_WDI,NY.GDP.PCAP.KD
Nepal,NPL,South Asia,Lower middle income,GDP per capita (constant LCU),gdp_per_capita_real_lcu_annual,2025,annual,94307.8657833695,constant local currency units per person (source base year varies),observed,WB_WDI,NY.GDP.PCAP.KN
Nepal,NPL,South Asia,Lower middle income,GDP per capita (current LCU),gdp_per_capita_nominal_lcu_annual,2025,annual,209326.774486482,current local currency units per person,observed,WB_WDI,NY.GDP.PCAP.CN
Nepal,NPL,South Asia,Lower middle income,GDP per capita (current US$),gdp_per_capita_nominal_usd_annual,2025,annual,1535.87781246307,current US dollars per person,observed,WB_WDI,NY.GDP.PCAP.CD
Nepal,NPL,South Asia,Lower middle income,GDP per capita growth (annual %),gdp_per_capita_real_growth_yoy_pct_annual,2025,annual,4.54686122541752,percent per year,observed,WB_WDI,NY.GDP.PCAP.KD.ZG
Nepal,NPL,South Asia,Lower middle income,"GNI per capita, PPP (current international $)",gni_per_capita_ppp_current_intl_dollar_annual,2025,annual,6250.0,current international dollars per person,observed,WB_WDI,NY.GNP.PCAP.PP.CD
Nepal,NPL,South Asia,Lower middle income,"Inflation, consumer prices (annual %)",inflation_consumer_prices_yoy_pct_annual_wdi,2025,annual,2.65334269811436,percent per year,observed,WB_WDI,FP.CPI.TOTL.ZG
Nepal,NPL,South Asia,Lower middle income,"Life expectancy at birth, total (years)",life_expectancy_years_annual,2024,annual,70.636,years,observed,WB_WDI,SP.DYN.LE00.IN
Nepal,NPL,South Asia,Lower middle income,"Nominal GDP growth, year over year (annual)",gdp_nominal_growth_yoy_pct_annual_lcu,2025,annual,7.632157444691168,percent per year,derived,WB_WDI,calculated:NY.GDP.MKTP.CN:year_over_year
Nepal,NPL,South Asia,Lower middle income,"Nominal GDP per-capita growth, year over year (annual)",gdp_per_capita_nominal_growth_yoy_pct_annual_lcu,2025,annual,7.751846775985083,percent per year,derived,WB_WDI,calculated:NY.GDP.PCAP.CN:year_over_year
Nepal,NPL,South Asia,Lower middle income,"Population, total",population_total_annual,2025,annual,29618118.0,people,observed,WB_WDI,SP.POP.TOTL
Nepal,NPL,South Asia,Lower middle income,Poverty headcount ratio at $3.00 a day (2021 PPP) (% of population),poverty_headcount_at_3usd_2021_ppp_pct_annual,2022,annual,2.4,percent of population,observed,WB_WDI,SI.POV.DDAY
Nepal,NPL,South Asia,Lower middle income,"Unemployment, total (% of total labor force) (modeled ILO estimate)",unemployment_rate_ilo_modeled_pct_annual,2025,annual,10.465,percent of labor force,observed,WB_WDI,SL.UEM.TOTL.ZS
Naoero,NRU,East Asia & Pacific,High income,Consumer price index (2010 = 100),cpi_index_annual_wdi,2012,annual,100.175175175175,index points (2010=100),observed,WB_WDI,FP.CPI.TOTL
Naoero,NRU,East Asia & Pacific,High income,GDP (constant 2015 US$),gdp_real_constant_2015_usd_annual,2025,annual,100293157.049327,constant 2015 US dollars,observed,WB_WDI,NY.GDP.MKTP.KD
Naoero,NRU,East Asia & Pacific,High income,GDP (constant LCU),gdp_real_constant_lcu_annual,2025,annual,130257425.742574,constant local currency units (source base year varies),observed,WB_WDI,NY.GDP.MKTP.KN
Naoero,NRU,East Asia & Pacific,High income,GDP (current LCU),gdp_nominal_current_lcu_annual,2025,annual,272000000.0,current local currency units,observed,WB_WDI,NY.GDP.MKTP.CN
Naoero,NRU,East Asia & Pacific,High income,GDP (current US$),gdp_nominal_current_usd_annual,2025,annual,176040043.932346,current US dollars,observed,WB_WDI,NY.GDP.MKTP.CD
Naoero,NRU,East Asia & Pacific,High income,GDP growth (annual %),gdp_real_growth_yoy_pct_annual,2025,annual,2.14285714285656,percent per year,observed,WB_WDI,NY.GDP.MKTP.KD.ZG
Naoero,NRU,East Asia & Pacific,High income,GDP per capita (constant 2015 US$),gdp_per_capita_real_2015_usd_annual,2025,annual,8340.38728060931,constant 2015 US dollars per person,observed,WB_WDI,NY.GDP.PCAP.KD
Naoero,NRU,East Asia & Pacific,High income,GDP per capita (constant LCU),gdp_per_capita_real_lcu_annual,2025,annual,10832.2183569708,constant local currency units per person (source base year varies),observed,WB_WDI,NY.GDP.PCAP.KN
Naoero,NRU,East Asia & Pacific,High income,GDP per capita (current LCU),gdp_per_capita_nominal_lcu_annual,2025,annual,22619.5426195426,current local currency units per person,observed,WB_WDI,NY.GDP.PCAP.CN
Naoero,NRU,East Asia & Pacific,High income,GDP per capita (current US$),gdp_per_capita_nominal_usd_annual,2025,annual,14639.5046929186,current US dollars per person,observed,WB_WDI,NY.GDP.PCAP.CD
Naoero,NRU,East Asia & Pacific,High income,GDP per capita growth (annual %),gdp_per_capita_real_growth_yoy_pct_annual,2025,annual,1.4803088803083,percent per year,observed,WB_WDI,NY.GDP.PCAP.KD.ZG
Naoero,NRU,East Asia & Pacific,High income,"GNI per capita, PPP (current international $)",gni_per_capita_ppp_current_intl_dollar_annual,2025,annual,20200.0,current international dollars per person,observed,WB_WDI,NY.GNP.PCAP.PP.CD
Naoero,NRU,East Asia & Pacific,High income,"Inflation, consumer prices (annual %)",inflation_consumer_prices_yoy_pct_annual_wdi,2012,annual,-0.124750499001971,percent per year,observed,WB_WDI,FP.CPI.TOTL.ZG
Naoero,NRU,East Asia & Pacific,High income,"Life expectancy at birth, total (years)",life_expectancy_years_annual,2024,annual,62.279,years,observed,WB_WDI,SP.DYN.LE00.IN
Naoero,NRU,East Asia & Pacific,High income,"Nominal GDP growth, year over year (annual)",gdp_nominal_growth_yoy_pct_annual_lcu,2025,annual,6.25,percent per year,derived,WB_WDI,calculated:NY.GDP.MKTP.CN:year_over_year
Naoero,NRU,East Asia & Pacific,High income,"Nominal GDP per-capita growth, year over year (annual)",gdp_per_capita_nominal_growth_yoy_pct_annual_lcu,2025,annual,5.560810810810968,percent per year,derived,WB_WDI,calculated:NY.GDP.PCAP.CN:year_over_year
Naoero,NRU,East Asia & Pacific,High income,"Population, total",population_total_annual,2025,annual,12025.0,people,observed,WB_WDI,SP.POP.TOTL
Naoero,NRU,East Asia & Pacific,High income,Poverty headcount ratio at $3.00 a day (2021 PPP) (% of population),poverty_headcount_at_3usd_2021_ppp_pct_annual,2012,annual,9.7,percent of population,observed,WB_WDI,SI.POV.DDAY
New Zealand,NZL,East Asia & Pacific,High income,Consumer price index (2010 = 100),cpi_index_annual_wdi,2025,annual,144.863324722274,index points (2010=100),observed,WB_WDI,FP.CPI.TOTL
New Zealand,NZL,East Asia & Pacific,High income,GDP (constant 2015 US$),gdp_real_constant_2015_usd_annual,2025,annual,220101916574.919,constant 2015 US dollars,observed,WB_WDI,NY.GDP.MKTP.KD
New Zealand,NZL,East Asia & Pacific,High income,GDP (constant LCU),gdp_real_constant_lcu_annual,2025,annual,359520046782.775,constant local currency units (source base year varies),observed,WB_WDI,NY.GDP.MKTP.KN
New Zealand,NZL,East Asia & Pacific,High income,GDP (current LCU),gdp_nominal_current_lcu_annual,2025,annual,449802000000.0,current local currency units,observed,WB_WDI,NY.GDP.MKTP.CN
New Zealand,NZL,East Asia & Pacific,High income,GDP (current US$),gdp_nominal_current_usd_annual,2025,annual,264057413739.965,current US dollars,observed,WB_WDI,NY.GDP.MKTP.CD
New Zealand,NZL,East Asia & Pacific,High income,GDP growth (annual %),gdp_real_growth_yoy_pct_annual,2025,annual,0.462871830681081,percent per year,observed,WB_WDI,NY.GDP.MKTP.KD.ZG
New Zealand,NZL,East Asia & Pacific,High income,GDP per capita (constant 2015 US$),gdp_per_capita_real_2015_usd_annual,2025,annual,41336.0220434801,constant 2015 US dollars per person,observed,WB_WDI,NY.GDP.PCAP.KD
New Zealand,NZL,East Asia & Pacific,High income,GDP per capita (constant LCU),gdp_per_capita_real_lcu_annual,2025,annual,67519.3056477877,constant local currency units per person (source base year varies),observed,WB_WDI,NY.GDP.PCAP.KN
New Zealand,NZL,East Asia & Pacific,High income,GDP per capita (current LCU),gdp_per_capita_nominal_lcu_annual,2025,annual,84474.6182883543,current local currency units per person,observed,WB_WDI,NY.GDP.PCAP.CN
New Zealand,NZL,East Asia & Pacific,High income,GDP per capita (current US$),gdp_per_capita_nominal_usd_annual,2025,annual,49591.0405731713,current US dollars per person,observed,WB_WDI,NY.GDP.PCAP.CD
New Zealand,NZL,East Asia & Pacific,High income,GDP per capita growth (annual %),gdp_per_capita_real_growth_yoy_pct_annual,2025,annual,-0.19182451888318,percent per year,observed,WB_WDI,NY.GDP.PCAP.KD.ZG
New Zealand,NZL,East Asia & Pacific,High income,"GNI per capita, PPP (current international $)",gni_per_capita_ppp_current_intl_dollar_annual,2025,annual,53600.0,current international dollars per person,observed,WB_WDI,NY.GNP.PCAP.PP.CD
New Zealand,NZL,East Asia & Pacific,High income,"Inflation, consumer prices (annual %)",inflation_consumer_prices_yoy_pct_annual_wdi,2025,annual,2.8397963180572,percent per year,observed,WB_WDI,FP.CPI.TOTL.ZG
New Zealand,NZL,East Asia & Pacific,High income,"Life expectancy at birth, total (years)",life_expectancy_years_annual,2024,annual,82.009756097561,years,observed,WB_WDI,SP.DYN.LE00.IN
New Zealand,NZL,East Asia & Pacific,High income,"Nominal GDP growth, year over year (annual)",gdp_nominal_growth_yoy_pct_annual_lcu,2025,annual,4.103000874850138,percent per year,derived,WB_WDI,calculated:NY.GDP.MKTP.CN:year_over_year
New Zealand,NZL,East Asia & Pacific,High income,"Nominal GDP per-capita growth, year over year (annual)",gdp_per_capita_nominal_growth_yoy_pct_annual_lcu,2025,annual,3.424582535721732,percent per year,derived,WB_WDI,calculated:NY.GDP.PCAP.CN:year_over_year
New Zealand,NZL,East Asia & Pacific,High income,"Population, total",population_total_annual,2025,annual,5324700.0,people,observed,WB_WDI,SP.POP.TOTL
New Zealand,NZL,East Asia & Pacific,High income,"Unemployment, total (% of total labor force) (modeled ILO estimate)",unemployment_rate_ilo_modeled_pct_annual,2025,annual,5.076,percent of labor force,observed,WB_WDI,SL.UEM.TOTL.ZS
Oman,OMN,"Middle East, North Africa, Afghanistan & Pakistan",High income,Consumer price index (2010 = 100),cpi_index_annual_wdi,2025,annual,121.266598525264,index points (2010=100),observed,WB_WDI,FP.CPI.TOTL
Oman,OMN,"Middle East, North Africa, Afghanistan & Pakistan",High income,GDP (constant 2015 US$),gdp_real_constant_2015_usd_annual,2025,annual,93817318343.1259,constant 2015 US dollars,observed,WB_WDI,NY.GDP.MKTP.KD
Oman,OMN,"Middle East, North Africa, Afghanistan & Pakistan",High income,GDP (constant LCU),gdp_real_constant_lcu_annual,2025,annual,39295245825.4765,constant local currency units (source base year varies),observed,WB_WDI,NY.GDP.MKTP.KN
Oman,OMN,"Middle East, North Africa, Afghanistan & Pakistan",High income,GDP (current LCU),gdp_nominal_current_lcu_annual,2025,annual,42143038177.7006,current local currency units,observed,WB_WDI,NY.GDP.MKTP.CN
Oman,OMN,"Middle East, North Africa, Afghanistan & Pakistan",High income,GDP (current US$),gdp_nominal_current_usd_annual,2025,annual,109604780696.23,current US dollars,observed,WB_WDI,NY.GDP.MKTP.CD
Oman,OMN,"Middle East, North Africa, Afghanistan & Pakistan",High income,GDP growth (annual %),gdp_real_growth_yoy_pct_annual,2025,annual,2.39787382295398,percent per year,observed,WB_WDI,NY.GDP.MKTP.KD.ZG
Oman,OMN,"Middle East, North Africa, Afghanistan & Pakistan",High income,GDP per capita (constant 2015 US$),gdp_per_capita_real_2015_usd_annual,2025,annual,17074.1754801364,constant 2015 US dollars per person,observed,WB_WDI,NY.GDP.PCAP.KD
Oman,OMN,"Middle East, North Africa, Afghanistan & Pakistan",High income,GDP per capita (constant LCU),gdp_per_capita_real_lcu_annual,2025,annual,7151.49329152022,constant local currency units per person (source base year varies),observed,WB_WDI,NY.GDP.PCAP.KN
Oman,OMN,"Middle East, North Africa, Afghanistan & Pakistan",High income,GDP per capita (current LCU),gdp_per_capita_nominal_lcu_annual,2025,annual,7669.77400143167,current local currency units per person,observed,WB_WDI,NY.GDP.PCAP.CN
Oman,OMN,"Middle East, North Africa, Afghanistan & Pakistan",High income,GDP per capita (current US$),gdp_per_capita_nominal_usd_annual,2025,annual,19947.3966227092,current US dollars per person,observed,WB_WDI,NY.GDP.PCAP.CD
Oman,OMN,"Middle East, North Africa, Afghanistan & Pakistan",High income,GDP per capita growth (annual %),gdp_per_capita_real_growth_yoy_pct_annual,2025,annual,-1.57439941297214,percent per year,observed,WB_WDI,NY.GDP.PCAP.KD.ZG
Oman,OMN,"Middle East, North Africa, Afghanistan & Pakistan",High income,"GNI per capita, PPP (current international $)",gni_per_capita_ppp_current_intl_dollar_annual,2024,annual,39390.0,current international dollars per person,observed,WB_WDI,NY.GNP.PCAP.PP.CD
Oman,OMN,"Middle East, North Africa, Afghanistan & Pakistan",High income,"Inflation, consumer prices (annual %)",inflation_consumer_prices_yoy_pct_annual_wdi,2025,annual,0.967741935483928,percent per year,observed,WB_WDI,FP.CPI.TOTL.ZG
Oman,OMN,"Middle East, North Africa, Afghanistan & Pakistan",High income,"Life expectancy at birth, total (years)",life_expectancy_years_annual,2024,annual,80.246,years,observed,WB_WDI,SP.DYN.LE00.IN
Oman,OMN,"Middle East, North Africa, Afghanistan & Pakistan",High income,"Nominal GDP growth, year over year (annual)",gdp_nominal_growth_yoy_pct_annual_lcu,2025,annual,2.3031981669962454,percent per year,derived,WB_WDI,calculated:NY.GDP.MKTP.CN:year_over_year
Oman,OMN,"Middle East, North Africa, Afghanistan & Pakistan",High income,"Nominal GDP per-capita growth, year over year (annual)",gdp_per_capita_nominal_growth_yoy_pct_annual_lcu,2025,annual,-1.6654023601107015,percent per year,derived,WB_WDI,calculated:NY.GDP.PCAP.CN:year_over_year
Oman,OMN,"Middle East, North Africa, Afghanistan & Pakistan",High income,"Population, total",population_total_annual,2025,annual,5494691.0,people,observed,WB_WDI,SP.POP.TOTL
Oman,OMN,"Middle East, North Africa, Afghanistan & Pakistan",High income,"Unemployment, total (% of total labor force) (modeled ILO estimate)",unemployment_rate_ilo_modeled_pct_annual,2025,annual,3.251,percent of labor force,observed,WB_WDI,SL.UEM.TOTL.ZS
Pakistan,PAK,"Middle East, North Africa, Afghanistan & Pakistan",Lower middle income,Consumer price index (2010 = 100),cpi_index_annual_wdi,2025,annual,400.518188961503,index points (2010=100),observed,WB_WDI,FP.CPI.TOTL
Pakistan,PAK,"Middle East, North Africa, Afghanistan & Pakistan",Lower middle income,GDP (constant 2015 US$),gdp_real_constant_2015_usd_annual,2025,annual,426041897772.178,constant 2015 US dollars,observed,WB_WDI,NY.GDP.MKTP.KD
Pakistan,PAK,"Middle East, North Africa, Afghanistan & Pakistan",Lower middle income,GDP (constant LCU),gdp_real_constant_lcu_annual,2025,annual,43612749335699.5,constant local currency units (source base year varies),observed,WB_WDI,NY.GDP.MKTP.KN
Pakistan,PAK,"Middle East, North Africa, Afghanistan & Pakistan",Lower middle income,GDP (current LCU),gdp_nominal_current_lcu_annual,2025,annual,113807399205117.0,current local currency units,observed,WB_WDI,NY.GDP.MKTP.CN
Pakistan,PAK,"Middle East, North Africa, Afghanistan & Pakistan",Lower middle income,GDP (current US$),gdp_nominal_current_usd_annual,2025,annual,407307214476.222,current US dollars,observed,WB_WDI,NY.GDP.MKTP.CD
Pakistan,PAK,"Middle East, North Africa, Afghanistan & Pakistan",Lower middle income,GDP growth (annual %),gdp_real_growth_yoy_pct_annual,2025,annual,3.69842668749033,percent per year,observed,WB_WDI,NY.GDP.MKTP.KD.ZG
Pakistan,PAK,"Middle East, North Africa, Afghanistan & Pakistan",Lower middle income,GDP per capita (constant 2015 US$),gdp_per_capita_real_2015_usd_annual,2025,annual,1669.31526638503,constant 2015 US dollars per person,observed,WB_WDI,NY.GDP.PCAP.KD
Pakistan,PAK,"Middle East, North Africa, Afghanistan & Pakistan",Lower middle income,GDP per capita (constant LCU),gdp_per_capita_real_lcu_annual,2025,annual,170883.259735261,constant local currency units per person (source base year varies),observed,WB_WDI,NY.GDP.PCAP.KN
Pakistan,PAK,"Middle East, North Africa, Afghanistan & Pakistan",Lower middle income,GDP per capita (current LCU),gdp_per_capita_nominal_lcu_annual,2025,annual,445919.591275193,current local currency units per person,observed,WB_WDI,NY.GDP.PCAP.CN
Pakistan,PAK,"Middle East, North Africa, Afghanistan & Pakistan",Lower middle income,GDP per capita (current US$),gdp_per_capita_nominal_usd_annual,2025,annual,1595.90912252837,current US dollars per person,observed,WB_WDI,NY.GDP.PCAP.CD
Pakistan,PAK,"Middle East, North Africa, Afghanistan & Pakistan",Lower middle income,GDP per capita growth (annual %),gdp_per_capita_real_growth_yoy_pct_annual,2025,annual,2.09334109987897,percent per year,observed,WB_WDI,NY.GDP.PCAP.KD.ZG
Pakistan,PAK,"Middle East, North Africa, Afghanistan & Pakistan",Lower middle income,"GNI per capita, PPP (current international $)",gni_per_capita_ppp_current_intl_dollar_annual,2025,annual,6430.0,current international dollars per person,observed,WB_WDI,NY.GNP.PCAP.PP.CD
Pakistan,PAK,"Middle East, North Africa, Afghanistan & Pakistan",Lower middle income,"Inflation, consumer prices (annual %)",inflation_consumer_prices_yoy_pct_annual_wdi,2025,annual,3.54555214890893,percent per year,observed,WB_WDI,FP.CPI.TOTL.ZG
Pakistan,PAK,"Middle East, North Africa, Afghanistan & Pakistan",Lower middle income,"Life expectancy at birth, total (years)",life_expectancy_years_annual,2024,annual,67.799,years,observed,WB_WDI,SP.DYN.LE00.IN
Pakistan,PAK,"Middle East, North Africa, Afghanistan & Pakistan",Lower middle income,"Nominal GDP growth, year over year (annual)",gdp_nominal_growth_yoy_pct_annual_lcu,2025,annual,8.140271508995767,percent per year,derived,WB_WDI,calculated:NY.GDP.MKTP.CN:year_over_year
Pakistan,PAK,"Middle East, North Africa, Afghanistan & Pakistan",Lower middle income,"Nominal GDP per-capita growth, year over year (annual)",gdp_per_capita_nominal_growth_yoy_pct_annual_lcu,2025,annual,6.4664332764972965,percent per year,derived,WB_WDI,calculated:NY.GDP.PCAP.CN:year_over_year
Pakistan,PAK,"Middle East, North Africa, Afghanistan & Pakistan",Lower middle income,"Population, total",population_total_annual,2025,annual,255219554.0,people,observed,WB_WDI,SP.POP.TOTL
Pakistan,PAK,"Middle East, North Africa, Afghanistan & Pakistan",Lower middle income,Poverty headcount ratio at $3.00 a day (2021 PPP) (% of population),poverty_headcount_at_3usd_2021_ppp_pct_annual,2024,annual,23.0,percent of population,observed,WB_WDI,SI.POV.DDAY
Pakistan,PAK,"Middle East, North Africa, Afghanistan & Pakistan",Lower middle income,"Unemployment, total (% of total labor force) (modeled ILO estimate)",unemployment_rate_ilo_modeled_pct_annual,2025,annual,5.42,percent of labor force,observed,WB_WDI,SL.UEM.TOTL.ZS
Panama,PAN,Latin America & Caribbean,High income,Consumer price index (2010 = 100),cpi_index_annual_wdi,2025,annual,128.136500396492,index points (2010=100),observed,WB_WDI,FP.CPI.TOTL
Panama,PAN,Latin America & Caribbean,High income,GDP (constant 2015 US$),gdp_real_constant_2015_usd_annual,2025,annual,80682556210.6412,constant 2015 US dollars,observed,WB_WDI,NY.GDP.MKTP.KD
Panama,PAN,Latin America & Caribbean,High income,GDP (constant LCU),gdp_real_constant_lcu_annual,2025,annual,84752900000.0,constant local currency units (source base year varies),observed,WB_WDI,NY.GDP.MKTP.KN
Panama,PAN,Latin America & Caribbean,High income,GDP (current LCU),gdp_nominal_current_lcu_annual,2025,annual,90462600000.0,current local currency units,observed,WB_WDI,NY.GDP.MKTP.CN
Panama,PAN,Latin America & Caribbean,High income,GDP (current US$),gdp_nominal_current_usd_annual,2025,annual,90462600000.0,current US dollars,observed,WB_WDI,NY.GDP.MKTP.CD
Panama,PAN,Latin America & Caribbean,High income,GDP growth (annual %),gdp_real_growth_yoy_pct_annual,2025,annual,4.35030460627731,percent per year,observed,WB_WDI,NY.GDP.MKTP.KD.ZG
Panama,PAN,Latin America & Caribbean,High income,GDP per capita (constant 2015 US$),gdp_per_capita_real_2015_usd_annual,2025,annual,17650.2341536614,constant 2015 US dollars per person,observed,WB_WDI,NY.GDP.PCAP.KD
Panama,PAN,Latin America & Caribbean,High income,GDP per capita (constant LCU),gdp_per_capita_real_lcu_annual,2025,annual,18540.6685219097,constant local currency units per person (source base year varies),observed,WB_WDI,NY.GDP.PCAP.KN
Panama,PAN,Latin America & Caribbean,High income,GDP per capita (current LCU),gdp_per_capita_nominal_lcu_annual,2025,annual,19789.7308555826,current local currency units per person,observed,WB_WDI,NY.GDP.PCAP.CN
Panama,PAN,Latin America & Caribbean,High income,GDP per capita (current US$),gdp_per_capita_nominal_usd_annual,2025,annual,19789.7308555826,current US dollars per person,observed,WB_WDI,NY.GDP.PCAP.CD
Panama,PAN,Latin America & Caribbean,High income,GDP per capita growth (annual %),gdp_per_capita_real_growth_yoy_pct_annual,2025,annual,3.08080357716555,percent per year,observed,WB_WDI,NY.GDP.PCAP.KD.ZG
Panama,PAN,Latin America & Caribbean,High income,"GNI per capita, PPP (current international $)",gni_per_capita_ppp_current_intl_dollar_annual,2025,annual,41770.0,current international dollars per person,observed,WB_WDI,NY.GNP.PCAP.PP.CD
Panama,PAN,Latin America & Caribbean,High income,"Inflation, consumer prices (annual %)",inflation_consumer_prices_yoy_pct_annual_wdi,2025,annual,-0.189587880235675,percent per year,observed,WB_WDI,FP.CPI.TOTL.ZG
Panama,PAN,Latin America & Caribbean,High income,"Life expectancy at birth, total (years)",life_expectancy_years_annual,2024,annual,79.775,years,observed,WB_WDI,SP.DYN.LE00.IN
Panama,PAN,Latin America & Caribbean,High income,"Nominal GDP growth, year over year (annual)",gdp_nominal_growth_yoy_pct_annual_lcu,2025,annual,4.55208122809998,percent per year,derived,WB_WDI,calculated:NY.GDP.MKTP.CN:year_over_year
Panama,PAN,Latin America & Caribbean,High income,"Nominal GDP per-capita growth, year over year (annual)",gdp_per_capita_nominal_growth_yoy_pct_annual_lcu,2025,annual,3.2801254325163898,percent per year,derived,WB_WDI,calculated:NY.GDP.PCAP.CN:year_over_year
Panama,PAN,Latin America & Caribbean,High income,"Population, total",population_total_annual,2025,annual,4571189.0,people,observed,WB_WDI,SP.POP.TOTL
Panama,PAN,Latin America & Caribbean,High income,Poverty headcount ratio at $3.00 a day (2021 PPP) (% of population),poverty_headcount_at_3usd_2021_ppp_pct_annual,2024,annual,3.1,percent of population,observed,WB_WDI,SI.POV.DDAY
Panama,PAN,Latin America & Caribbean,High income,"Unemployment, total (% of total labor force) (modeled ILO estimate)",unemployment_rate_ilo_modeled_pct_annual,2025,annual,8.36,percent of labor force,observed,WB_WDI,SL.UEM.TOTL.ZS
Peru,PER,Latin America & Caribbean,Upper middle income,Consumer price index (2010 = 100),cpi_index_annual_wdi,2025,annual,165.521417370033,index points (2010=100),observed,WB_WDI,FP.CPI.TOTL
Peru,PER,Latin America & Caribbean,Upper middle income,GDP (constant 2015 US$),gdp_real_constant_2015_usd_annual,2025,annual,238266842609.231,constant 2015 US dollars,observed,WB_WDI,NY.GDP.MKTP.KD
Peru,PER,Latin America & Caribbean,Upper middle income,GDP (constant LCU),gdp_real_constant_lcu_annual,2025,annual,605708000000.0,constant local currency units (source base year varies),observed,WB_WDI,NY.GDP.MKTP.KN
Peru,PER,Latin America & Caribbean,Upper middle income,GDP (current LCU),gdp_nominal_current_lcu_annual,2025,annual,1194448000000.0,current local currency units,observed,WB_WDI,NY.GDP.MKTP.CN
Peru,PER,Latin America & Caribbean,Upper middle income,GDP (current US$),gdp_nominal_current_usd_annual,2025,annual,334854659181.893,current US dollars,observed,WB_WDI,NY.GDP.MKTP.CD
Peru,PER,Latin America & Caribbean,Upper middle income,GDP growth (annual %),gdp_real_growth_yoy_pct_annual,2025,annual,3.43056395124466,percent per year,observed,WB_WDI,NY.GDP.MKTP.KD.ZG
Peru,PER,Latin America & Caribbean,Upper middle income,GDP per capita (constant 2015 US$),gdp_per_capita_real_2015_usd_annual,2025,annual,6890.97235402058,constant 2015 US dollars per person,observed,WB_WDI,NY.GDP.PCAP.KD
Peru,PER,Latin America & Caribbean,Upper middle income,GDP per capita (constant LCU),gdp_per_capita_real_lcu_annual,2025,annual,17517.8259673106,constant local currency units per person (source base year varies),observed,WB_WDI,NY.GDP.PCAP.KN
Peru,PER,Latin America & Caribbean,Upper middle income,GDP per capita (current LCU),gdp_per_capita_nominal_lcu_annual,2025,annual,34544.9163474846,current local currency units per person,observed,WB_WDI,NY.GDP.PCAP.CN
Peru,PER,Latin America & Caribbean,Upper middle income,GDP per capita (current US$),gdp_per_capita_nominal_usd_annual,2025,annual,9684.41170314988,current US dollars per person,observed,WB_WDI,NY.GDP.PCAP.CD
Peru,PER,Latin America & Caribbean,Upper middle income,GDP per capita growth (annual %),gdp_per_capita_real_growth_yoy_pct_annual,2025,annual,2.35722027667993,percent per year,observed,WB_WDI,NY.GDP.PCAP.KD.ZG
Peru,PER,Latin America & Caribbean,Upper middle income,"GNI per capita, PPP (current international $)",gni_per_capita_ppp_current_intl_dollar_annual,2025,annual,17540.0,current international dollars per person,observed,WB_WDI,NY.GNP.PCAP.PP.CD
Peru,PER,Latin America & Caribbean,Upper middle income,"Inflation, consumer prices (annual %)",inflation_consumer_prices_yoy_pct_annual_wdi,2025,annual,1.53125450314273,percent per year,observed,WB_WDI,FP.CPI.TOTL.ZG
Peru,PER,Latin America & Caribbean,Upper middle income,"Life expectancy at birth, total (years)",life_expectancy_years_annual,2024,annual,77.941,years,observed,WB_WDI,SP.DYN.LE00.IN
Peru,PER,Latin America & Caribbean,Upper middle income,"Nominal GDP growth, year over year (annual)",gdp_nominal_growth_yoy_pct_annual_lcu,2025,annual,9.061690790026322,percent per year,derived,WB_WDI,calculated:NY.GDP.MKTP.CN:year_over_year
Peru,PER,Latin America & Caribbean,Upper middle income,"Nominal GDP per-capita growth, year over year (annual)",gdp_per_capita_nominal_growth_yoy_pct_annual_lcu,2025,annual,7.929910477951485,percent per year,derived,WB_WDI,calculated:NY.GDP.PCAP.CN:year_over_year
Peru,PER,Latin America & Caribbean,Upper middle income,"Population, total",population_total_annual,2025,annual,34576665.0,people,observed,WB_WDI,SP.POP.TOTL
Peru,PER,Latin America & Caribbean,Upper middle income,Poverty headcount ratio at $3.00 a day (2021 PPP) (% of population),poverty_headcount_at_3usd_2021_ppp_pct_annual,2024,annual,5.1,percent of population,observed,WB_WDI,SI.POV.DDAY
Peru,PER,Latin America & Caribbean,Upper middle income,"Unemployment, total (% of total labor force) (modeled ILO estimate)",unemployment_rate_ilo_modeled_pct_annual,2025,annual,5.117,percent of labor force,observed,WB_WDI,SL.UEM.TOTL.ZS
Philippines,PHL,East Asia & Pacific,Upper middle income,Consumer price index (2010 = 100),cpi_index_annual_wdi,2025,annual,162.309740706683,index points (2010=100),observed,WB_WDI,FP.CPI.TOTL
Philippines,PHL,East Asia & Pacific,Upper middle income,GDP (constant 2015 US$),gdp_real_constant_2015_usd_annual,2025,annual,474842491496.932,constant 2015 US dollars,observed,WB_WDI,NY.GDP.MKTP.KD
Philippines,PHL,East Asia & Pacific,Upper middle income,GDP (constant LCU),gdp_real_constant_lcu_annual,2025,annual,23228636805222.4,constant local currency units (source base year varies),observed,WB_WDI,NY.GDP.MKTP.KN
Philippines,PHL,East Asia & Pacific,Upper middle income,GDP (current LCU),gdp_nominal_current_lcu_annual,2025,annual,28009934791896.6,current local currency units,observed,WB_WDI,NY.GDP.MKTP.CN
Philippines,PHL,East Asia & Pacific,Upper middle income,GDP (current US$),gdp_nominal_current_usd_annual,2025,annual,487086123720.417,current US dollars,observed,WB_WDI,NY.GDP.MKTP.CD
Philippines,PHL,East Asia & Pacific,Upper middle income,GDP growth (annual %),gdp_real_growth_yoy_pct_annual,2025,annual,4.40240158710621,percent per year,observed,WB_WDI,NY.GDP.MKTP.KD.ZG
Philippines,PHL,East Asia & Pacific,Upper middle income,GDP per capita (constant 2015 US$),gdp_per_capita_real_2015_usd_annual,2025,annual,4065.88615171728,constant 2015 US dollars per person,observed,WB_WDI,NY.GDP.PCAP.KD
Philippines,PHL,East Asia & Pacific,Upper middle income,GDP per capita (constant LCU),gdp_per_capita_real_lcu_annual,2025,annual,198897.517389162,constant local currency units per person (source base year varies),observed,WB_WDI,NY.GDP.PCAP.KN
Philippines,PHL,East Asia & Pacific,Upper middle income,GDP per capita (current LCU),gdp_per_capita_nominal_lcu_annual,2025,annual,239837.857858625,current local currency units per person,observed,WB_WDI,NY.GDP.PCAP.CN
Philippines,PHL,East Asia & Pacific,Upper middle income,GDP per capita (current US$),gdp_per_capita_nominal_usd_annual,2025,annual,4170.72347271451,current US dollars per person,observed,WB_WDI,NY.GDP.PCAP.CD
Philippines,PHL,East Asia & Pacific,Upper middle income,GDP per capita growth (annual %),gdp_per_capita_real_growth_yoy_pct_annual,2025,annual,3.55914007476458,percent per year,observed,WB_WDI,NY.GDP.PCAP.KD.ZG
Philippines,PHL,East Asia & Pacific,Upper middle income,"GNI per capita, PPP (current international $)",gni_per_capita_ppp_current_intl_dollar_annual,2025,annual,14460.0,current international dollars per person,observed,WB_WDI,NY.GNP.PCAP.PP.CD
Philippines,PHL,East Asia & Pacific,Upper middle income,"Inflation, consumer prices (annual %)",inflation_consumer_prices_yoy_pct_annual_wdi,2025,annual,1.6587364525509,percent per year,observed,WB_WDI,FP.CPI.TOTL.ZG
Philippines,PHL,East Asia & Pacific,Upper middle income,"Life expectancy at birth, total (years)",life_expectancy_years_annual,2024,annual,69.946,years,observed,WB_WDI,SP.DYN.LE00.IN
Philippines,PHL,East Asia & Pacific,Upper middle income,"Nominal GDP growth, year over year (annual)",gdp_nominal_growth_yoy_pct_annual_lcu,2025,annual,5.899904051281313,percent per year,derived,WB_WDI,calculated:NY.GDP.MKTP.CN:year_over_year
Philippines,PHL,East Asia & Pacific,Upper middle income,"Nominal GDP per-capita growth, year over year (annual)",gdp_per_capita_nominal_growth_yoy_pct_annual_lcu,2025,annual,5.044547163991719,percent per year,derived,WB_WDI,calculated:NY.GDP.PCAP.CN:year_over_year
Philippines,PHL,East Asia & Pacific,Upper middle income,"Population, total",population_total_annual,2025,annual,116786962.0,people,observed,WB_WDI,SP.POP.TOTL
Philippines,PHL,East Asia & Pacific,Upper middle income,Poverty headcount ratio at $3.00 a day (2021 PPP) (% of population),poverty_headcount_at_3usd_2021_ppp_pct_annual,2023,annual,5.3,percent of population,observed,WB_WDI,SI.POV.DDAY
Philippines,PHL,East Asia & Pacific,Upper middle income,"Unemployment, total (% of total labor force) (modeled ILO estimate)",unemployment_rate_ilo_modeled_pct_annual,2025,annual,2.235,percent of labor force,observed,WB_WDI,SL.UEM.TOTL.ZS
Palau,PLW,East Asia & Pacific,High income,Consumer price index (2010 = 100),cpi_index_annual_wdi,2025,annual,160.767850571037,index points (2010=100),observed,WB_WDI,FP.CPI.TOTL
Palau,PLW,East Asia & Pacific,High income,GDP (constant 2015 US$),gdp_real_constant_2015_usd_annual,2025,annual,275839216.548176,constant 2015 US dollars,observed,WB_WDI,NY.GDP.MKTP.KD
Palau,PLW,East Asia & Pacific,High income,GDP (constant LCU),gdp_real_constant_lcu_annual,2025,annual,280000000.0,constant local currency units (source base year varies),observed,WB_WDI,NY.GDP.MKTP.KN
Palau,PLW,East Asia & Pacific,High income,GDP (current LCU),gdp_nominal_current_lcu_annual,2025,annual,345000000.0,current local currency units,observed,WB_WDI,NY.GDP.MKTP.CN
Palau,PLW,East Asia & Pacific,High income,GDP (current US$),gdp_nominal_current_usd_annual,2025,annual,345000000.0,current US dollars,observed,WB_WDI,NY.GDP.MKTP.CD
Palau,PLW,East Asia & Pacific,High income,GDP growth (annual %),gdp_real_growth_yoy_pct_annual,2025,annual,6.28637654202731,percent per year,observed,WB_WDI,NY.GDP.MKTP.KD.ZG
Palau,PLW,East Asia & Pacific,High income,GDP per capita (constant 2015 US$),gdp_per_capita_real_2015_usd_annual,2025,annual,15616.7817781904,constant 2015 US dollars per person,observed,WB_WDI,NY.GDP.PCAP.KD
Palau,PLW,East Asia & Pacific,High income,GDP per capita (constant LCU),gdp_per_capita_real_lcu_annual,2025,annual,15852.3467134688,constant local currency units per person (source base year varies),observed,WB_WDI,NY.GDP.PCAP.KN
Palau,PLW,East Asia & Pacific,High income,GDP per capita (current LCU),gdp_per_capita_nominal_lcu_annual,2025,annual,19532.3557719527,current local currency units per person,observed,WB_WDI,NY.GDP.PCAP.CN
Palau,PLW,East Asia & Pacific,High income,GDP per capita (current US$),gdp_per_capita_nominal_usd_annual,2025,annual,19532.3557719527,current US dollars per person,observed,WB_WDI,NY.GDP.PCAP.CD
Palau,PLW,East Asia & Pacific,High income,GDP per capita growth (annual %),gdp_per_capita_real_growth_yoy_pct_annual,2025,annual,6.4789352268116,percent per year,observed,WB_WDI,NY.GDP.PCAP.KD.ZG
Palau,PLW,East Asia & Pacific,High income,"GNI per capita, PPP (current international $)",gni_per_capita_ppp_current_intl_dollar_annual,2025,annual,23480.0,current international dollars per person,observed,WB_WDI,NY.GNP.PCAP.PP.CD
Palau,PLW,East Asia & Pacific,High income,"Inflation, consumer prices (annual %)",inflation_consumer_prices_yoy_pct_annual_wdi,2025,annual,-0.418410041841039,percent per year,observed,WB_WDI,FP.CPI.TOTL.ZG
Palau,PLW,East Asia & Pacific,High income,"Life expectancy at birth, total (years)",life_expectancy_years_annual,2024,annual,69.383,years,observed,WB_WDI,SP.DYN.LE00.IN
Palau,PLW,East Asia & Pacific,High income,"Nominal GDP growth, year over year (annual)",gdp_nominal_growth_yoy_pct_annual_lcu,2025,annual,7.308881812291501,percent per year,derived,WB_WDI,calculated:NY.GDP.MKTP.CN:year_over_year
Palau,PLW,East Asia & Pacific,High income,"Nominal GDP per-capita growth, year over year (annual)",gdp_per_capita_nominal_growth_yoy_pct_annual_lcu,2025,annual,7.503292966568642,percent per year,derived,WB_WDI,calculated:NY.GDP.PCAP.CN:year_over_year
Palau,PLW,East Asia & Pacific,High income,"Population, total",population_total_annual,2025,annual,17663.0,people,observed,WB_WDI,SP.POP.TOTL
Papua New Guinea,PNG,East Asia & Pacific,Lower middle income,Consumer price index (2010 = 100),cpi_index_annual_wdi,2025,annual,193.237384313418,index points (2010=100),observed,WB_WDI,FP.CPI.TOTL
Papua New Guinea,PNG,East Asia & Pacific,Lower middle income,GDP (constant 2015 US$),gdp_real_constant_2015_usd_annual,2025,annual,28679571266.808,constant 2015 US dollars,observed,WB_WDI,NY.GDP.MKTP.KD
Papua New Guinea,PNG,East Asia & Pacific,Lower middle income,GDP (constant LCU),gdp_real_constant_lcu_annual,2025,annual,76241000000.0,constant local currency units (source base year varies),observed,WB_WDI,NY.GDP.MKTP.KN
Papua New Guinea,PNG,East Asia & Pacific,Lower middle income,GDP (current LCU),gdp_nominal_current_lcu_annual,2025,annual,133983000000.0,current local currency units,observed,WB_WDI,NY.GDP.MKTP.CN
Papua New Guinea,PNG,East Asia & Pacific,Lower middle income,GDP (current US$),gdp_nominal_current_usd_annual,2025,annual,32498658653.8415,current US dollars,observed,WB_WDI,NY.GDP.MKTP.CD
Papua New Guinea,PNG,East Asia & Pacific,Lower middle income,GDP growth (annual %),gdp_real_growth_yoy_pct_annual,2025,annual,5.63792052319458,percent per year,observed,WB_WDI,NY.GDP.MKTP.KD.ZG
Papua New Guinea,PNG,East Asia & Pacific,Lower middle income,GDP per capita (constant 2015 US$),gdp_per_capita_real_2015_usd_annual,2025,annual,2664.69004042418,constant 2015 US dollars per person,observed,WB_WDI,NY.GDP.PCAP.KD
Papua New Guinea,PNG,East Asia & Pacific,Lower middle income,GDP per capita (constant LCU),gdp_per_capita_real_lcu_annual,2025,annual,7083.74025127436,constant local currency units per person (source base year varies),observed,WB_WDI,NY.GDP.PCAP.KN
Papua New Guinea,PNG,East Asia & Pacific,Lower middle income,GDP per capita (current LCU),gdp_per_capita_nominal_lcu_annual,2025,annual,12448.692568126,current local currency units per person,observed,WB_WDI,NY.GDP.PCAP.CN
Papua New Guinea,PNG,East Asia & Pacific,Lower middle income,GDP per capita (current US$),gdp_per_capita_nominal_usd_annual,2025,annual,3019.5309140573,current US dollars per person,observed,WB_WDI,NY.GDP.PCAP.CD
Papua New Guinea,PNG,East Asia & Pacific,Lower middle income,GDP per capita growth (annual %),gdp_per_capita_real_growth_yoy_pct_annual,2025,annual,3.8092237087566,percent per year,observed,WB_WDI,NY.GDP.PCAP.KD.ZG
Papua New Guinea,PNG,East Asia & Pacific,Lower middle income,"GNI per capita, PPP (current international $)",gni_per_capita_ppp_current_intl_dollar_annual,2025,annual,4840.0,current international dollars per person,observed,WB_WDI,NY.GNP.PCAP.PP.CD
Papua New Guinea,PNG,East Asia & Pacific,Lower middle income,"Inflation, consumer prices (annual %)",inflation_consumer_prices_yoy_pct_annual_wdi,2025,annual,4.42141364166485,percent per year,observed,WB_WDI,FP.CPI.TOTL.ZG
Papua New Guinea,PNG,East Asia & Pacific,Lower middle income,"Life expectancy at birth, total (years)",life_expectancy_years_annual,2024,annual,66.256,years,observed,WB_WDI,SP.DYN.LE00.IN
Papua New Guinea,PNG,East Asia & Pacific,Lower middle income,"Nominal GDP growth, year over year (annual)",gdp_nominal_growth_yoy_pct_annual_lcu,2025,annual,12.894337714863502,percent per year,derived,WB_WDI,calculated:NY.GDP.MKTP.CN:year_over_year
Papua New Guinea,PNG,East Asia & Pacific,Lower middle income,"Nominal GDP per-capita growth, year over year (annual)",gdp_per_capita_nominal_growth_yoy_pct_annual_lcu,2025,annual,10.940025146755916,percent per year,derived,WB_WDI,calculated:NY.GDP.PCAP.CN:year_over_year
Papua New Guinea,PNG,East Asia & Pacific,Lower middle income,"Population, total",population_total_annual,2025,annual,10762817.0,people,observed,WB_WDI,SP.POP.TOTL
Papua New Guinea,PNG,East Asia & Pacific,Lower middle income,Poverty headcount ratio at $3.00 a day (2021 PPP) (% of population),poverty_headcount_at_3usd_2021_ppp_pct_annual,2009,annual,52.2,percent of population,observed,WB_WDI,SI.POV.DDAY
Papua New Guinea,PNG,East Asia & Pacific,Lower middle income,"Unemployment, total (% of total labor force) (modeled ILO estimate)",unemployment_rate_ilo_modeled_pct_annual,2025,annual,2.571,percent of labor force,observed,WB_WDI,SL.UEM.TOTL.ZS
Poland,POL,Europe & Central Asia,High income,Consumer price index (2010 = 100),cpi_index_annual_wdi,2025,annual,170.412204782162,index points (2010=100),observed,WB_WDI,FP.CPI.TOTL
Poland,POL,Europe & Central Asia,High income,GDP (constant 2015 US$),gdp_real_constant_2015_usd_annual,2025,annual,681596153335.986,constant 2015 US dollars,observed,WB_WDI,NY.GDP.MKTP.KD
Poland,POL,Europe & Central Asia,High income,GDP (constant LCU),gdp_real_constant_lcu_annual,2025,annual,2569276700000.0,constant local currency units (source base year varies),observed,WB_WDI,NY.GDP.MKTP.KN
Poland,POL,Europe & Central Asia,High income,GDP (current LCU),gdp_nominal_current_lcu_annual,2025,annual,3894010000000.0,current local currency units,observed,WB_WDI,NY.GDP.MKTP.CN
Poland,POL,Europe & Central Asia,High income,GDP (current US$),gdp_nominal_current_usd_annual,2025,annual,1035491784197.44,current US dollars,observed,WB_WDI,NY.GDP.MKTP.CD
Poland,POL,Europe & Central Asia,High income,GDP growth (annual %),gdp_real_growth_yoy_pct_annual,2025,annual,3.5727250346774,percent per year,observed,WB_WDI,NY.GDP.MKTP.KD.ZG
Poland,POL,Europe & Central Asia,High income,GDP per capita (constant 2015 US$),gdp_per_capita_real_2015_usd_annual,2025,annual,18706.7393120197,constant 2015 US dollars per person,observed,WB_WDI,NY.GDP.PCAP.KD
Poland,POL,Europe & Central Asia,High income,GDP per capita (constant LCU),gdp_per_capita_real_lcu_annual,2025,annual,70515.0538366583,constant local currency units per person (source base year varies),observed,WB_WDI,NY.GDP.PCAP.KN
Poland,POL,Europe & Central Asia,High income,GDP per capita (current LCU),gdp_per_capita_nominal_lcu_annual,2025,annual,106873.006239649,current local currency units per person,observed,WB_WDI,NY.GDP.PCAP.CN
Poland,POL,Europe & Central Asia,High income,GDP per capita (current US$),gdp_per_capita_nominal_usd_annual,2025,annual,28419.5777395638,current US dollars per person,observed,WB_WDI,NY.GDP.PCAP.CD
Poland,POL,Europe & Central Asia,High income,GDP per capita growth (annual %),gdp_per_capita_real_growth_yoy_pct_annual,2025,annual,3.92342277811697,percent per year,observed,WB_WDI,NY.GDP.PCAP.KD.ZG
Poland,POL,Europe & Central Asia,High income,"GNI per capita, PPP (current international $)",gni_per_capita_ppp_current_intl_dollar_annual,2025,annual,52290.0,current international dollars per person,observed,WB_WDI,NY.GNP.PCAP.PP.CD
Poland,POL,Europe & Central Asia,High income,"Inflation, consumer prices (annual %)",inflation_consumer_prices_yoy_pct_annual_wdi,2025,annual,3.81419531520146,percent per year,observed,WB_WDI,FP.CPI.TOTL.ZG
Poland,POL,Europe & Central Asia,High income,"Life expectancy at birth, total (years)",life_expectancy_years_annual,2024,annual,78.409756097561,years,observed,WB_WDI,SP.DYN.LE00.IN
Poland,POL,Europe & Central Asia,High income,"Nominal GDP growth, year over year (annual)",gdp_nominal_growth_yoy_pct_annual_lcu,2025,annual,6.5849863908785,percent per year,derived,WB_WDI,calculated:NY.GDP.MKTP.CN:year_over_year
Poland,POL,Europe & Central Asia,High income,"Nominal GDP per-capita growth, year over year (annual)",gdp_per_capita_nominal_growth_yoy_pct_annual_lcu,2025,annual,6.945883665708941,percent per year,derived,WB_WDI,calculated:NY.GDP.PCAP.CN:year_over_year
Poland,POL,Europe & Central Asia,High income,"Population, total",population_total_annual,2025,annual,36435861.0,people,observed,WB_WDI,SP.POP.TOTL
Poland,POL,Europe & Central Asia,High income,Poverty headcount ratio at $3.00 a day (2021 PPP) (% of population),poverty_headcount_at_3usd_2021_ppp_pct_annual,2023,annual,0.2,percent of population,observed,WB_WDI,SI.POV.DDAY
Poland,POL,Europe & Central Asia,High income,"Unemployment, total (% of total labor force) (modeled ILO estimate)",unemployment_rate_ilo_modeled_pct_annual,2025,annual,2.976,percent of labor force,observed,WB_WDI,SL.UEM.TOTL.ZS
Puerto Rico (US),PRI,Latin America & Caribbean,High income,GDP (constant 2015 US$),gdp_real_constant_2015_usd_annual,2025,annual,99525249619.7237,constant 2015 US dollars,observed,WB_WDI,NY.GDP.MKTP.KD
Puerto Rico (US),PRI,Latin America & Caribbean,High income,GDP (constant LCU),gdp_real_constant_lcu_annual,2025,annual,103864000000.0,constant local currency units (source base year varies),observed,WB_WDI,NY.GDP.MKTP.KN
Puerto Rico (US),PRI,Latin America & Caribbean,High income,GDP (current LCU),gdp_nominal_current_lcu_annual,2025,annual,129368484000.0,current local currency units,observed,WB_WDI,NY.GDP.MKTP.CN
Puerto Rico (US),PRI,Latin America & Caribbean,High income,GDP (current US$),gdp_nominal_current_usd_annual,2025,annual,129368484000.0,current US dollars,observed,WB_WDI,NY.GDP.MKTP.CD
Puerto Rico (US),PRI,Latin America & Caribbean,High income,GDP growth (annual %),gdp_real_growth_yoy_pct_annual,2025,annual,0.317670046196895,percent per year,observed,WB_WDI,NY.GDP.MKTP.KD.ZG
Puerto Rico (US),PRI,Latin America & Caribbean,High income,GDP per capita (constant 2015 US$),gdp_per_capita_real_2015_usd_annual,2025,annual,31249.7349532154,constant 2015 US dollars per person,observed,WB_WDI,NY.GDP.PCAP.KD
Puerto Rico (US),PRI,Latin America & Caribbean,High income,GDP per capita (constant LCU),gdp_per_capita_real_lcu_annual,2025,annual,32612.0505457897,constant local currency units per person (source base year varies),observed,WB_WDI,NY.GDP.PCAP.KN
Puerto Rico (US),PRI,Latin America & Caribbean,High income,GDP per capita (current LCU),gdp_per_capita_nominal_lcu_annual,2025,annual,40620.1526923687,current local currency units per person,observed,WB_WDI,NY.GDP.PCAP.CN
Puerto Rico (US),PRI,Latin America & Caribbean,High income,GDP per capita (current US$),gdp_per_capita_nominal_usd_annual,2025,annual,40620.1526923687,current US dollars per person,observed,WB_WDI,NY.GDP.PCAP.CD
Puerto Rico (US),PRI,Latin America & Caribbean,High income,GDP per capita growth (annual %),gdp_per_capita_real_growth_yoy_pct_annual,2025,annual,0.874753321291848,percent per year,observed,WB_WDI,NY.GDP.PCAP.KD.ZG
Puerto Rico (US),PRI,Latin America & Caribbean,High income,"GNI per capita, PPP (current international $)",gni_per_capita_ppp_current_intl_dollar_annual,2025,annual,35330.0,current international dollars per person,observed,WB_WDI,NY.GNP.PCAP.PP.CD
Puerto Rico (US),PRI,Latin America & Caribbean,High income,"Life expectancy at birth, total (years)",life_expectancy_years_annual,2024,annual,81.902,years,observed,WB_WDI,SP.DYN.LE00.IN
Puerto Rico (US),PRI,Latin America & Caribbean,High income,"Nominal GDP growth, year over year (annual)",gdp_nominal_growth_yoy_pct_annual_lcu,2025,annual,2.6493449946868752,percent per year,derived,WB_WDI,calculated:NY.GDP.MKTP.CN:year_over_year
Puerto Rico (US),PRI,Latin America & Caribbean,High income,"Nominal GDP per-capita growth, year over year (annual)",gdp_per_capita_nominal_growth_yoy_pct_annual_lcu,2025,annual,3.2193765082743964,percent per year,derived,WB_WDI,calculated:NY.GDP.PCAP.CN:year_over_year
Puerto Rico (US),PRI,Latin America & Caribbean,High income,"Population, total",population_total_annual,2025,annual,3184835.0,people,observed,WB_WDI,SP.POP.TOTL
Puerto Rico (US),PRI,Latin America & Caribbean,High income,"Unemployment, total (% of total labor force) (modeled ILO estimate)",unemployment_rate_ilo_modeled_pct_annual,2025,annual,5.991,percent of labor force,observed,WB_WDI,SL.UEM.TOTL.ZS
"Korea, Dem. People's Rep.",PRK,East Asia & Pacific,Low income,"Life expectancy at birth, total (years)",life_expectancy_years_annual,2024,annual,73.743,years,observed,WB_WDI,SP.DYN.LE00.IN
"Korea, Dem. People's Rep.",PRK,East Asia & Pacific,Low income,"Population, total",population_total_annual,2025,annual,26571036.0,people,observed,WB_WDI,SP.POP.TOTL
"Korea, Dem. People's Rep.",PRK,East Asia & Pacific,Low income,"Unemployment, total (% of total labor force) (modeled ILO estimate)",unemployment_rate_ilo_modeled_pct_annual,2025,annual,3.545,percent of labor force,observed,WB_WDI,SL.UEM.TOTL.ZS
Portugal,PRT,Europe & Central Asia,High income,Consumer price index (2010 = 100),cpi_index_annual_wdi,2025,annual,132.049734213489,index points (2010=100),observed,WB_WDI,FP.CPI.TOTL
Portugal,PRT,Europe & Central Asia,High income,GDP (constant 2015 US$),gdp_real_constant_2015_usd_annual,2025,annual,246903381349.295,constant 2015 US dollars,observed,WB_WDI,NY.GDP.MKTP.KD
Portugal,PRT,Europe & Central Asia,High income,GDP (constant LCU),gdp_real_constant_lcu_annual,2025,annual,243714616000.0,constant local currency units (source base year varies),observed,WB_WDI,NY.GDP.MKTP.KN
Portugal,PRT,Europe & Central Asia,High income,GDP (current LCU),gdp_nominal_current_lcu_annual,2025,annual,306765485000.0,current local currency units,observed,WB_WDI,NY.GDP.MKTP.CN
Portugal,PRT,Europe & Central Asia,High income,GDP (current US$),gdp_nominal_current_usd_annual,2025,annual,346639825141.821,current US dollars,observed,WB_WDI,NY.GDP.MKTP.CD
Portugal,PRT,Europe & Central Asia,High income,GDP growth (annual %),gdp_real_growth_yoy_pct_annual,2025,annual,1.86448007464475,percent per year,observed,WB_WDI,NY.GDP.MKTP.KD.ZG
Portugal,PRT,Europe & Central Asia,High income,GDP per capita (constant 2015 US$),gdp_per_capita_real_2015_usd_annual,2025,annual,22851.1179216572,constant 2015 US dollars per person,observed,WB_WDI,NY.GDP.PCAP.KD
Portugal,PRT,Europe & Central Asia,High income,GDP per capita (constant LCU),gdp_per_capita_real_lcu_annual,2025,annual,22555.99497671,constant local currency units per person (source base year varies),observed,WB_WDI,NY.GDP.PCAP.KN
Portugal,PRT,Europe & Central Asia,High income,GDP per capita (current LCU),gdp_per_capita_nominal_lcu_annual,2025,annual,28391.406523965,current local currency units per person,observed,WB_WDI,NY.GDP.PCAP.CN
Portugal,PRT,Europe & Central Asia,High income,GDP per capita (current US$),gdp_per_capita_nominal_usd_annual,2025,annual,32081.8106150292,current US dollars per person,observed,WB_WDI,NY.GDP.PCAP.CD
Portugal,PRT,Europe & Central Asia,High income,GDP per capita growth (annual %),gdp_per_capita_real_growth_yoy_pct_annual,2025,annual,0.825647953518541,percent per year,observed,WB_WDI,NY.GDP.PCAP.KD.ZG
Portugal,PRT,Europe & Central Asia,High income,"GNI per capita, PPP (current international $)",gni_per_capita_ppp_current_intl_dollar_annual,2025,annual,52240.0,current international dollars per person,observed,WB_WDI,NY.GNP.PCAP.PP.CD
Portugal,PRT,Europe & Central Asia,High income,"Inflation, consumer prices (annual %)",inflation_consumer_prices_yoy_pct_annual_wdi,2025,annual,2.33601620316701,percent per year,observed,WB_WDI,FP.CPI.TOTL.ZG
Portugal,PRT,Europe & Central Asia,High income,"Life expectancy at birth, total (years)",life_expectancy_years_annual,2024,annual,82.3829268292683,years,observed,WB_WDI,SP.DYN.LE00.IN
Portugal,PRT,Europe & Central Asia,High income,"Nominal GDP growth, year over year (annual)",gdp_nominal_growth_yoy_pct_annual_lcu,2025,annual,5.859933406955209,percent per year,derived,WB_WDI,calculated:NY.GDP.MKTP.CN:year_over_year
Portugal,PRT,Europe & Central Asia,High income,"Nominal GDP per-capita growth, year over year (annual)",gdp_per_capita_nominal_growth_yoy_pct_annual_lcu,2025,annual,4.780354940714071,percent per year,derived,WB_WDI,calculated:NY.GDP.PCAP.CN:year_over_year
Portugal,PRT,Europe & Central Asia,High income,"Population, total",population_total_annual,2025,annual,10804871.0,people,observed,WB_WDI,SP.POP.TOTL
Portugal,PRT,Europe & Central Asia,High income,Poverty headcount ratio at $3.00 a day (2021 PPP) (% of population),poverty_headcount_at_3usd_2021_ppp_pct_annual,2023,annual,0.4,percent of population,observed,WB_WDI,SI.POV.DDAY
Portugal,PRT,Europe & Central Asia,High income,"Unemployment, total (% of total labor force) (modeled ILO estimate)",unemployment_rate_ilo_modeled_pct_annual,2025,annual,6.164,percent of labor force,observed,WB_WDI,SL.UEM.TOTL.ZS
Paraguay,PRY,Latin America & Caribbean,Upper middle income,Consumer price index (2010 = 100),cpi_index_annual_wdi,2025,annual,190.288062015504,index points (2010=100),observed,WB_WDI,FP.CPI.TOTL
Paraguay,PRY,Latin America & Caribbean,Upper middle income,GDP (constant 2015 US$),gdp_real_constant_2015_usd_annual,2025,annual,49292671875.7034,constant 2015 US dollars,observed,WB_WDI,NY.GDP.MKTP.KD
Paraguay,PRY,Latin America & Caribbean,Upper middle income,GDP (constant LCU),gdp_real_constant_lcu_annual,2025,annual,252513880786500.0,constant local currency units (source base year varies),observed,WB_WDI,NY.GDP.MKTP.KN
Paraguay,PRY,Latin America & Caribbean,Upper middle income,GDP (current LCU),gdp_nominal_current_lcu_annual,2025,annual,371826242192000.0,current local currency units,observed,WB_WDI,NY.GDP.MKTP.CN
Paraguay,PRY,Latin America & Caribbean,Upper middle income,GDP (current US$),gdp_nominal_current_usd_annual,2025,annual,49278227554.3339,current US dollars,observed,WB_WDI,NY.GDP.MKTP.CD
Paraguay,PRY,Latin America & Caribbean,Upper middle income,GDP growth (annual %),gdp_real_growth_yoy_pct_annual,2025,annual,6.64262511156879,percent per year,observed,WB_WDI,NY.GDP.MKTP.KD.ZG
Paraguay,PRY,Latin America & Caribbean,Upper middle income,GDP per capita (constant 2015 US$),gdp_per_capita_real_2015_usd_annual,2025,annual,7028.67868797458,constant 2015 US dollars per person,observed,WB_WDI,NY.GDP.PCAP.KD
Paraguay,PRY,Latin America & Caribbean,Upper middle income,GDP per capita (constant LCU),gdp_per_capita_real_lcu_annual,2025,annual,36006141.7806133,constant local currency units per person (source base year varies),observed,WB_WDI,NY.GDP.PCAP.KN
Paraguay,PRY,Latin America & Caribbean,Upper middle income,GDP per capita (current LCU),gdp_per_capita_nominal_lcu_annual,2025,annual,53018979.9959447,current local currency units per person,observed,WB_WDI,NY.GDP.PCAP.CN
Paraguay,PRY,Latin America & Caribbean,Upper middle income,GDP per capita (current US$),gdp_per_capita_nominal_usd_annual,2025,annual,7026.61906146401,current US dollars per person,observed,WB_WDI,NY.GDP.PCAP.CD
Paraguay,PRY,Latin America & Caribbean,Upper middle income,GDP per capita growth (annual %),gdp_per_capita_real_growth_yoy_pct_annual,2025,annual,5.36644048728706,percent per year,observed,WB_WDI,NY.GDP.PCAP.KD.ZG
Paraguay,PRY,Latin America & Caribbean,Upper middle income,"GNI per capita, PPP (current international $)",gni_per_capita_ppp_current_intl_dollar_annual,2025,annual,19390.0,current international dollars per person,observed,WB_WDI,NY.GNP.PCAP.PP.CD
Paraguay,PRY,Latin America & Caribbean,Upper middle income,"Inflation, consumer prices (annual %)",inflation_consumer_prices_yoy_pct_annual_wdi,2025,annual,4.0380642333938,percent per year,observed,WB_WDI,FP.CPI.TOTL.ZG
Paraguay,PRY,Latin America & Caribbean,Upper middle income,"Life expectancy at birth, total (years)",life_expectancy_years_annual,2024,annual,73.982,years,observed,WB_WDI,SP.DYN.LE00.IN
Paraguay,PRY,Latin America & Caribbean,Upper middle income,"Nominal GDP growth, year over year (annual)",gdp_nominal_growth_yoy_pct_annual_lcu,2025,annual,9.930828262472534,percent per year,derived,WB_WDI,calculated:NY.GDP.MKTP.CN:year_over_year
Paraguay,PRY,Latin America & Caribbean,Upper middle income,"Nominal GDP per-capita growth, year over year (annual)",gdp_per_capita_nominal_growth_yoy_pct_annual_lcu,2025,annual,8.615293947592818,percent per year,derived,WB_WDI,calculated:NY.GDP.PCAP.CN:year_over_year
Paraguay,PRY,Latin America & Caribbean,Upper middle income,"Population, total",population_total_annual,2025,annual,7013078.0,people,observed,WB_WDI,SP.POP.TOTL
Paraguay,PRY,Latin America & Caribbean,Upper middle income,Poverty headcount ratio at $3.00 a day (2021 PPP) (% of population),poverty_headcount_at_3usd_2021_ppp_pct_annual,2024,annual,2.1,percent of population,observed,WB_WDI,SI.POV.DDAY
Paraguay,PRY,Latin America & Caribbean,Upper middle income,"Unemployment, total (% of total labor force) (modeled ILO estimate)",unemployment_rate_ilo_modeled_pct_annual,2025,annual,4.803,percent of labor force,observed,WB_WDI,SL.UEM.TOTL.ZS
West Bank and Gaza,PSE,"Middle East, North Africa, Afghanistan & Pakistan",Lower middle income,Consumer price index (2010 = 100),cpi_index_annual_wdi,2025,annual,209.556825220806,index points (2010=100),observed,WB_WDI,FP.CPI.TOTL
West Bank and Gaza,PSE,"Middle East, North Africa, Afghanistan & Pakistan",Lower middle income,GDP (constant 2015 US$),gdp_real_constant_2015_usd_annual,2025,annual,12462900000.0,constant 2015 US dollars,observed,WB_WDI,NY.GDP.MKTP.KD
West Bank and Gaza,PSE,"Middle East, North Africa, Afghanistan & Pakistan",Lower middle income,GDP (constant LCU),gdp_real_constant_lcu_annual,2025,annual,12462900000.0,constant local currency units (source base year varies),observed,WB_WDI,NY.GDP.MKTP.KN
West Bank and Gaza,PSE,"Middle East, North Africa, Afghanistan & Pakistan",Lower middle income,GDP (current LCU),gdp_nominal_current_lcu_annual,2025,annual,17167100000.0,current local currency units,observed,WB_WDI,NY.GDP.MKTP.CN
West Bank and Gaza,PSE,"Middle East, North Africa, Afghanistan & Pakistan",Lower middle income,GDP (current US$),gdp_nominal_current_usd_annual,2025,annual,17167100000.0,current US dollars,observed,WB_WDI,NY.GDP.MKTP.CD
West Bank and Gaza,PSE,"Middle East, North Africa, Afghanistan & Pakistan",Lower middle income,GDP growth (annual %),gdp_real_growth_yoy_pct_annual,2025,annual,4.34444072337577,percent per year,observed,WB_WDI,NY.GDP.MKTP.KD.ZG
West Bank and Gaza,PSE,"Middle East, North Africa, Afghanistan & Pakistan",Lower middle income,GDP per capita (constant 2015 US$),gdp_per_capita_real_2015_usd_annual,2025,annual,2302.14814699878,constant 2015 US dollars per person,observed,WB_WDI,NY.GDP.PCAP.KD
West Bank and Gaza,PSE,"Middle East, North Africa, Afghanistan & Pakistan",Lower middle income,GDP per capita (constant LCU),gdp_per_capita_real_lcu_annual,2025,annual,2302.14814699878,constant local currency units per person (source base year varies),observed,WB_WDI,NY.GDP.PCAP.KN
West Bank and Gaza,PSE,"Middle East, North Africa, Afghanistan & Pakistan",Lower middle income,GDP per capita (current LCU),gdp_per_capita_nominal_lcu_annual,2025,annual,3171.10844621579,current local currency units per person,observed,WB_WDI,NY.GDP.PCAP.CN
West Bank and Gaza,PSE,"Middle East, North Africa, Afghanistan & Pakistan",Lower middle income,GDP per capita (current US$),gdp_per_capita_nominal_usd_annual,2025,annual,3171.10844621579,current US dollars per person,observed,WB_WDI,NY.GDP.PCAP.CD
West Bank and Gaza,PSE,"Middle East, North Africa, Afghanistan & Pakistan",Lower middle income,GDP per capita growth (annual %),gdp_per_capita_real_growth_yoy_pct_annual,2025,annual,1.94584290015811,percent per year,observed,WB_WDI,NY.GDP.PCAP.KD.ZG
West Bank and Gaza,PSE,"Middle East, North Africa, Afghanistan & Pakistan",Lower middle income,"GNI per capita, PPP (current international $)",gni_per_capita_ppp_current_intl_dollar_annual,2025,annual,5310.0,current international dollars per person,observed,WB_WDI,NY.GNP.PCAP.PP.CD
West Bank and Gaza,PSE,"Middle East, North Africa, Afghanistan & Pakistan",Lower middle income,"Inflation, consumer prices (annual %)",inflation_consumer_prices_yoy_pct_annual_wdi,2025,annual,9.80840118100493,percent per year,observed,WB_WDI,FP.CPI.TOTL.ZG
West Bank and Gaza,PSE,"Middle East, North Africa, Afghanistan & Pakistan",Lower middle income,"Life expectancy at birth, total (years)",life_expectancy_years_annual,2024,annual,69.213,years,observed,WB_WDI,SP.DYN.LE00.IN
West Bank and Gaza,PSE,"Middle East, North Africa, Afghanistan & Pakistan",Lower middle income,"Nominal GDP growth, year over year (annual)",gdp_nominal_growth_yoy_pct_annual_lcu,2025,annual,7.181164894580094,percent per year,derived,WB_WDI,calculated:NY.GDP.MKTP.CN:year_over_year
West Bank and Gaza,PSE,"Middle East, North Africa, Afghanistan & Pakistan",Lower middle income,"Nominal GDP per-capita growth, year over year (annual)",gdp_per_capita_nominal_growth_yoy_pct_annual_lcu,2025,annual,4.717358418415296,percent per year,derived,WB_WDI,calculated:NY.GDP.PCAP.CN:year_over_year
West Bank and Gaza,PSE,"Middle East, North Africa, Afghanistan & Pakistan",Lower middle income,"Population, total",population_total_annual,2025,annual,5413596.0,people,observed,WB_WDI,SP.POP.TOTL
West Bank and Gaza,PSE,"Middle East, North Africa, Afghanistan & Pakistan",Lower middle income,Poverty headcount ratio at $3.00 a day (2021 PPP) (% of population),poverty_headcount_at_3usd_2021_ppp_pct_annual,2023,annual,2.1,percent of population,observed,WB_WDI,SI.POV.DDAY
West Bank and Gaza,PSE,"Middle East, North Africa, Afghanistan & Pakistan",Lower middle income,"Unemployment, total (% of total labor force) (modeled ILO estimate)",unemployment_rate_ilo_modeled_pct_annual,2022,annual,24.42,percent of labor force,observed,WB_WDI,SL.UEM.TOTL.ZS
French Polynesia,PYF,East Asia & Pacific,High income,GDP (constant 2015 US$),gdp_real_constant_2015_usd_annual,2024,annual,5874732292.7704,constant 2015 US dollars,observed,WB_WDI,NY.GDP.MKTP.KD
French Polynesia,PYF,East Asia & Pacific,High income,GDP (constant LCU),gdp_real_constant_lcu_annual,2024,annual,571894000000.0,constant local currency units (source base year varies),observed,WB_WDI,NY.GDP.MKTP.KN
French Polynesia,PYF,East Asia & Pacific,High income,GDP (current LCU),gdp_nominal_current_lcu_annual,2024,annual,697546000000.0,current local currency units,observed,WB_WDI,NY.GDP.MKTP.CN
French Polynesia,PYF,East Asia & Pacific,High income,GDP (current US$),gdp_nominal_current_usd_annual,2024,annual,6323716355.05009,current US dollars,observed,WB_WDI,NY.GDP.MKTP.CD
French Polynesia,PYF,East Asia & Pacific,High income,GDP growth (annual %),gdp_real_growth_yoy_pct_annual,2024,annual,1.12638897730247,percent per year,observed,WB_WDI,NY.GDP.MKTP.KD.ZG
French Polynesia,PYF,East Asia & Pacific,High income,GDP per capita (constant 2015 US$),gdp_per_capita_real_2015_usd_annual,2024,annual,20846.6514059991,constant 2015 US dollars per person,observed,WB_WDI,NY.GDP.PCAP.KD
French Polynesia,PYF,East Asia & Pacific,High income,GDP per capita (constant LCU),gdp_per_capita_real_lcu_annual,2024,annual,2029381.81095572,constant local currency units per person (source base year varies),observed,WB_WDI,NY.GDP.PCAP.KN
French Polynesia,PYF,East Asia & Pacific,High income,GDP per capita (current LCU),gdp_per_capita_nominal_lcu_annual,2024,annual,2475261.43779253,current local currency units per person,observed,WB_WDI,NY.GDP.PCAP.CN
French Polynesia,PYF,East Asia & Pacific,High income,GDP per capita (current US$),gdp_per_capita_nominal_usd_annual,2024,annual,22439.8838746025,current US dollars per person,observed,WB_WDI,NY.GDP.PCAP.CD
French Polynesia,PYF,East Asia & Pacific,High income,GDP per capita growth (annual %),gdp_per_capita_real_growth_yoy_pct_annual,2024,annual,0.879141456817294,percent per year,observed,WB_WDI,NY.GDP.PCAP.KD.ZG
French Polynesia,PYF,East Asia & Pacific,High income,"Life expectancy at birth, total (years)",life_expectancy_years_annual,2024,annual,84.192,years,observed,WB_WDI,SP.DYN.LE00.IN
French Polynesia,PYF,East Asia & Pacific,High income,"Nominal GDP growth, year over year (annual)",gdp_nominal_growth_yoy_pct_annual_lcu,2024,annual,2.9968253968253977,percent per year,derived,WB_WDI,calculated:NY.GDP.MKTP.CN:year_over_year
French Polynesia,PYF,East Asia & Pacific,High income,"Nominal GDP per-capita growth, year over year (annual)",gdp_per_capita_nominal_growth_yoy_pct_annual_lcu,2024,annual,2.745004779529192,percent per year,derived,WB_WDI,calculated:NY.GDP.PCAP.CN:year_over_year
French Polynesia,PYF,East Asia & Pacific,High income,"Population, total",population_total_annual,2025,annual,282465.0,people,observed,WB_WDI,SP.POP.TOTL
French Polynesia,PYF,East Asia & Pacific,High income,"Unemployment, total (% of total labor force) (modeled ILO estimate)",unemployment_rate_ilo_modeled_pct_annual,2025,annual,11.662,percent of labor force,observed,WB_WDI,SL.UEM.TOTL.ZS
Qatar,QAT,"Middle East, North Africa, Afghanistan & Pakistan",High income,Consumer price index (2010 = 100),cpi_index_annual_wdi,2024,annual,126.021977745975,index points (2010=100),observed,WB_WDI,FP.CPI.TOTL
Qatar,QAT,"Middle East, North Africa, Afghanistan & Pakistan",High income,GDP (constant 2015 US$),gdp_real_constant_2015_usd_annual,2025,annual,183488780201.551,constant 2015 US dollars,observed,WB_WDI,NY.GDP.MKTP.KD
Qatar,QAT,"Middle East, North Africa, Afghanistan & Pakistan",High income,GDP (constant LCU),gdp_real_constant_lcu_annual,2025,annual,736638000000.0,constant local currency units (source base year varies),observed,WB_WDI,NY.GDP.MKTP.KN
Qatar,QAT,"Middle East, North Africa, Afghanistan & Pakistan",High income,GDP (current LCU),gdp_nominal_current_lcu_annual,2025,annual,784637000000.0,current local currency units,observed,WB_WDI,NY.GDP.MKTP.CN
Qatar,QAT,"Middle East, North Africa, Afghanistan & Pakistan",High income,GDP (current US$),gdp_nominal_current_usd_annual,2025,annual,215559615384.615,current US dollars,observed,WB_WDI,NY.GDP.MKTP.CD
Qatar,QAT,"Middle East, North Africa, Afghanistan & Pakistan",High income,GDP growth (annual %),gdp_real_growth_yoy_pct_annual,2025,annual,2.90166036660493,percent per year,observed,WB_WDI,NY.GDP.MKTP.KD.ZG
Qatar,QAT,"Middle East, North Africa, Afghanistan & Pakistan",High income,GDP per capita (constant 2015 US$),gdp_per_capita_real_2015_usd_annual,2025,annual,61734.692881084,constant 2015 US dollars per person,observed,WB_WDI,NY.GDP.PCAP.KD
Qatar,QAT,"Middle East, North Africa, Afghanistan & Pakistan",High income,GDP per capita (constant LCU),gdp_per_capita_real_lcu_annual,2025,annual,247841.424661406,constant local currency units per person (source base year varies),observed,WB_WDI,NY.GDP.PCAP.KN
Qatar,QAT,"Middle East, North Africa, Afghanistan & Pakistan",High income,GDP per capita (current LCU),gdp_per_capita_nominal_lcu_annual,2025,annual,263990.660164221,current local currency units per person,observed,WB_WDI,NY.GDP.PCAP.CN
Qatar,QAT,"Middle East, North Africa, Afghanistan & Pakistan",High income,GDP per capita (current US$),gdp_per_capita_nominal_usd_annual,2025,annual,72524.9066385222,current US dollars per person,observed,WB_WDI,NY.GDP.PCAP.CD
Qatar,QAT,"Middle East, North Africa, Afghanistan & Pakistan",High income,GDP per capita growth (annual %),gdp_per_capita_real_growth_yoy_pct_annual,2025,annual,-1.05876296559582,percent per year,observed,WB_WDI,NY.GDP.PCAP.KD.ZG
Qatar,QAT,"Middle East, North Africa, Afghanistan & Pakistan",High income,"GNI per capita, PPP (current international $)",gni_per_capita_ppp_current_intl_dollar_annual,2025,annual,126290.0,current international dollars per person,observed,WB_WDI,NY.GNP.PCAP.PP.CD
Qatar,QAT,"Middle East, North Africa, Afghanistan & Pakistan",High income,"Inflation, consumer prices (annual %)",inflation_consumer_prices_yoy_pct_annual_wdi,2024,annual,1.26734310292375,percent per year,observed,WB_WDI,FP.CPI.TOTL.ZG
Qatar,QAT,"Middle East, North Africa, Afghanistan & Pakistan",High income,"Life expectancy at birth, total (years)",life_expectancy_years_annual,2024,annual,82.522,years,observed,WB_WDI,SP.DYN.LE00.IN
Qatar,QAT,"Middle East, North Africa, Afghanistan & Pakistan",High income,"Nominal GDP growth, year over year (annual)",gdp_nominal_growth_yoy_pct_annual_lcu,2025,annual,-0.33976365151299204,percent per year,derived,WB_WDI,calculated:NY.GDP.MKTP.CN:year_over_year
Qatar,QAT,"Middle East, North Africa, Afghanistan & Pakistan",High income,"Nominal GDP per-capita growth, year over year (annual)",gdp_per_capita_nominal_growth_yoy_pct_annual_lcu,2025,annual,-4.175432812933733,percent per year,derived,WB_WDI,calculated:NY.GDP.PCAP.CN:year_over_year
Qatar,QAT,"Middle East, North Africa, Afghanistan & Pakistan",High income,"Population, total",population_total_annual,2025,annual,2972215.0,people,observed,WB_WDI,SP.POP.TOTL
Qatar,QAT,"Middle East, North Africa, Afghanistan & Pakistan",High income,Poverty headcount ratio at $3.00 a day (2021 PPP) (% of population),poverty_headcount_at_3usd_2021_ppp_pct_annual,2017,annual,0.0,percent of population,observed,WB_WDI,SI.POV.DDAY
Qatar,QAT,"Middle East, North Africa, Afghanistan & Pakistan",High income,"Unemployment, total (% of total labor force) (modeled ILO estimate)",unemployment_rate_ilo_modeled_pct_annual,2025,annual,0.13,percent of labor force,observed,WB_WDI,SL.UEM.TOTL.ZS
Romania,ROU,Europe & Central Asia,High income,Consumer price index (2010 = 100),cpi_index_annual_wdi,2025,annual,189.990863581857,index points (2010=100),observed,WB_WDI,FP.CPI.TOTL
Romania,ROU,Europe & Central Asia,High income,GDP (constant 2015 US$),gdp_real_constant_2015_usd_annual,2025,annual,238992844283.874,constant 2015 US dollars,observed,WB_WDI,NY.GDP.MKTP.KD
Romania,ROU,Europe & Central Asia,High income,GDP (constant LCU),gdp_real_constant_lcu_annual,2025,annual,508164500000.0,constant local currency units (source base year varies),observed,WB_WDI,NY.GDP.MKTP.KN
Romania,ROU,Europe & Central Asia,High income,GDP (current LCU),gdp_nominal_current_lcu_annual,2025,annual,1916404900000.0,current local currency units,observed,WB_WDI,NY.GDP.MKTP.CN
Romania,ROU,Europe & Central Asia,High income,GDP (current US$),gdp_nominal_current_usd_annual,2025,annual,428677977854.826,current US dollars,observed,WB_WDI,NY.GDP.MKTP.CD
Romania,ROU,Europe & Central Asia,High income,GDP growth (annual %),gdp_real_growth_yoy_pct_annual,2025,annual,0.677829835052762,percent per year,observed,WB_WDI,NY.GDP.MKTP.KD.ZG
Romania,ROU,Europe & Central Asia,High income,GDP per capita (constant 2015 US$),gdp_per_capita_real_2015_usd_annual,2025,annual,12565.1650433306,constant 2015 US dollars per person,observed,WB_WDI,NY.GDP.PCAP.KD
Romania,ROU,Europe & Central Asia,High income,GDP per capita (constant LCU),gdp_per_capita_real_lcu_annual,2025,annual,26716.9957778204,constant local currency units per person (source base year varies),observed,WB_WDI,NY.GDP.PCAP.KN
Romania,ROU,Europe & Central Asia,High income,GDP per capita (current LCU),gdp_per_capita_nominal_lcu_annual,2025,annual,100755.919828903,current local currency units per person,observed,WB_WDI,NY.GDP.PCAP.CN
Romania,ROU,Europe & Central Asia,High income,GDP per capita (current US$),gdp_per_capita_nominal_usd_annual,2025,annual,22537.9532108047,current US dollars per person,observed,WB_WDI,NY.GDP.PCAP.CD
Romania,ROU,Europe & Central Asia,High income,GDP per capita growth (annual %),gdp_per_capita_real_growth_yoy_pct_annual,2025,annual,0.844739865314082,percent per year,observed,WB_WDI,NY.GDP.PCAP.KD.ZG
Romania,ROU,Europe & Central Asia,High income,"GNI per capita, PPP (current international $)",gni_per_capita_ppp_current_intl_dollar_annual,2025,annual,49550.0,current international dollars per person,observed,WB_WDI,NY.GNP.PCAP.PP.CD
Romania,ROU,Europe & Central Asia,High income,"Inflation, consumer prices (annual %)",inflation_consumer_prices_yoy_pct_annual_wdi,2025,annual,7.18903362292063,percent per year,observed,WB_WDI,FP.CPI.TOTL.ZG
Romania,ROU,Europe & Central Asia,High income,"Life expectancy at birth, total (years)",life_expectancy_years_annual,2024,annual,76.4585365853659,years,observed,WB_WDI,SP.DYN.LE00.IN
Romania,ROU,Europe & Central Asia,High income,"Nominal GDP growth, year over year (annual)",gdp_nominal_growth_yoy_pct_annual_lcu,2025,annual,8.93719261659658,percent per year,derived,WB_WDI,calculated:NY.GDP.MKTP.CN:year_over_year
Romania,ROU,Europe & Central Asia,High income,"Nominal GDP per-capita growth, year over year (annual)",gdp_per_capita_nominal_growth_yoy_pct_annual_lcu,2025,annual,9.117795537279893,percent per year,derived,WB_WDI,calculated:NY.GDP.PCAP.CN:year_over_year
Romania,ROU,Europe & Central Asia,High income,"Population, total",population_total_annual,2025,annual,19020271.0,people,observed,WB_WDI,SP.POP.TOTL
Romania,ROU,Europe & Central Asia,High income,Poverty headcount ratio at $3.00 a day (2021 PPP) (% of population),poverty_headcount_at_3usd_2021_ppp_pct_annual,2023,annual,0.7,percent of population,observed,WB_WDI,SI.POV.DDAY
Romania,ROU,Europe & Central Asia,High income,"Unemployment, total (% of total labor force) (modeled ILO estimate)",unemployment_rate_ilo_modeled_pct_annual,2025,annual,5.992,percent of labor force,observed,WB_WDI,SL.UEM.TOTL.ZS
Russian Federation,RUS,Europe & Central Asia,High income,Consumer price index (2010 = 100),cpi_index_annual_wdi,2025,annual,283.024995282917,index points (2010=100),observed,WB_WDI,FP.CPI.TOTL
Russian Federation,RUS,Europe & Central Asia,High income,GDP (constant 2015 US$),gdp_real_constant_2015_usd_annual,2025,annual,1637255383314.57,constant 2015 US dollars,observed,WB_WDI,NY.GDP.MKTP.KD
Russian Federation,RUS,Europe & Central Asia,High income,GDP (constant LCU),gdp_real_constant_lcu_annual,2025,annual,102608190587714.0,constant local currency units (source base year varies),observed,WB_WDI,NY.GDP.MKTP.KN
Russian Federation,RUS,Europe & Central Asia,High income,GDP (current LCU),gdp_nominal_current_lcu_annual,2025,annual,214261023466350.0,current local currency units,observed,WB_WDI,NY.GDP.MKTP.CN
Russian Federation,RUS,Europe & Central Asia,High income,GDP (current US$),gdp_nominal_current_usd_annual,2025,annual,2561310169358.74,current US dollars,observed,WB_WDI,NY.GDP.MKTP.CD
Russian Federation,RUS,Europe & Central Asia,High income,GDP growth (annual %),gdp_real_growth_yoy_pct_annual,2025,annual,1.00117656925738,percent per year,observed,WB_WDI,NY.GDP.MKTP.KD.ZG
Russian Federation,RUS,Europe & Central Asia,High income,GDP per capita (constant 2015 US$),gdp_per_capita_real_2015_usd_annual,2025,annual,11216.2451171875,constant 2015 US dollars per person,observed,WB_WDI,NY.GDP.PCAP.KD
Russian Federation,RUS,Europe & Central Asia,High income,GDP per capita (constant LCU),gdp_per_capita_real_lcu_annual,2025,annual,702931.625,constant local currency units per person (source base year varies),observed,WB_WDI,NY.GDP.PCAP.KN
Russian Federation,RUS,Europe & Central Asia,High income,GDP per capita (current LCU),gdp_per_capita_nominal_lcu_annual,2025,annual,1467824.875,current local currency units per person,observed,WB_WDI,NY.GDP.PCAP.CN
Russian Federation,RUS,Europe & Central Asia,High income,GDP per capita (current US$),gdp_per_capita_nominal_usd_annual,2025,annual,17546.609375,current US dollars per person,observed,WB_WDI,NY.GDP.PCAP.CD
Russian Federation,RUS,Europe & Central Asia,High income,GDP per capita growth (annual %),gdp_per_capita_real_growth_yoy_pct_annual,2025,annual,1.1143529548842,percent per year,observed,WB_WDI,NY.GDP.PCAP.KD.ZG
Russian Federation,RUS,Europe & Central Asia,High income,"GNI per capita, PPP (current international $)",gni_per_capita_ppp_current_intl_dollar_annual,2025,annual,49220.0,current international dollars per person,observed,WB_WDI,NY.GNP.PCAP.PP.CD
Russian Federation,RUS,Europe & Central Asia,High income,"Inflation, consumer prices (annual %)",inflation_consumer_prices_yoy_pct_annual_wdi,2025,annual,8.71986939402666,percent per year,observed,WB_WDI,FP.CPI.TOTL.ZG
Russian Federation,RUS,Europe & Central Asia,High income,"Life expectancy at birth, total (years)",life_expectancy_years_annual,2024,annual,73.4404878048781,years,observed,WB_WDI,SP.DYN.LE00.IN
Russian Federation,RUS,Europe & Central Asia,High income,"Nominal GDP growth, year over year (annual)",gdp_nominal_growth_yoy_pct_annual_lcu,2025,annual,5.901807333921427,percent per year,derived,WB_WDI,calculated:NY.GDP.MKTP.CN:year_over_year
Russian Federation,RUS,Europe & Central Asia,High income,"Nominal GDP per-capita growth, year over year (annual)",gdp_per_capita_nominal_growth_yoy_pct_annual_lcu,2025,annual,6.020476744580794,percent per year,derived,WB_WDI,calculated:NY.GDP.PCAP.CN:year_over_year
Russian Federation,RUS,Europe & Central Asia,High income,"Population, total",population_total_annual,2025,annual,143513328.0,people,observed,WB_WDI,SP.POP.TOTL
Russian Federation,RUS,Europe & Central Asia,High income,Poverty headcount ratio at $3.00 a day (2021 PPP) (% of population),poverty_headcount_at_3usd_2021_ppp_pct_annual,2023,annual,0.1,percent of population,observed,WB_WDI,SI.POV.DDAY
Russian Federation,RUS,Europe & Central Asia,High income,"Unemployment, total (% of total labor force) (modeled ILO estimate)",unemployment_rate_ilo_modeled_pct_annual,2025,annual,2.133,percent of labor force,observed,WB_WDI,SL.UEM.TOTL.ZS
Rwanda,RWA,Sub-Saharan Africa,Low income,Consumer price index (2010 = 100),cpi_index_annual_wdi,2025,annual,251.184694435628,index points (2010=100),observed,WB_WDI,FP.CPI.TOTL
Rwanda,RWA,Sub-Saharan Africa,Low income,GDP (constant 2015 US$),gdp_real_constant_2015_usd_annual,2025,annual,16266231947.2257,constant 2015 US dollars,observed,WB_WDI,NY.GDP.MKTP.KD
Rwanda,RWA,Sub-Saharan Africa,Low income,GDP (constant LCU),gdp_real_constant_lcu_annual,2025,annual,21785823925500.0,constant local currency units (source base year varies),observed,WB_WDI,NY.GDP.MKTP.KN
Rwanda,RWA,Sub-Saharan Africa,Low income,GDP (current LCU),gdp_nominal_current_lcu_annual,2025,annual,23387236301500.0,current local currency units,observed,WB_WDI,NY.GDP.MKTP.CN
Rwanda,RWA,Sub-Saharan Africa,Low income,GDP (current US$),gdp_nominal_current_usd_annual,2025,annual,16372132990.2271,current US dollars,observed,WB_WDI,NY.GDP.MKTP.CD
Rwanda,RWA,Sub-Saharan Africa,Low income,GDP growth (annual %),gdp_real_growth_yoy_pct_annual,2025,annual,9.37579834182446,percent per year,observed,WB_WDI,NY.GDP.MKTP.KD.ZG
Rwanda,RWA,Sub-Saharan Africa,Low income,GDP per capita (constant 2015 US$),gdp_per_capita_real_2015_usd_annual,2025,annual,1116.46998633814,constant 2015 US dollars per person,observed,WB_WDI,NY.GDP.PCAP.KD
Rwanda,RWA,Sub-Saharan Africa,Low income,GDP per capita (constant LCU),gdp_per_capita_real_lcu_annual,2025,annual,1495319.79006463,constant local currency units per person (source base year varies),observed,WB_WDI,NY.GDP.PCAP.KN
Rwanda,RWA,Sub-Saharan Africa,Low income,GDP per capita (current LCU),gdp_per_capita_nominal_lcu_annual,2025,annual,1605236.38656683,current local currency units per person,observed,WB_WDI,NY.GDP.PCAP.CN
Rwanda,RWA,Sub-Saharan Africa,Low income,GDP per capita (current US$),gdp_per_capita_nominal_usd_annual,2025,annual,1123.73874633225,current US dollars per person,observed,WB_WDI,NY.GDP.PCAP.CD
Rwanda,RWA,Sub-Saharan Africa,Low income,GDP per capita growth (annual %),gdp_per_capita_real_growth_yoy_pct_annual,2025,annual,7.0277233018782,percent per year,observed,WB_WDI,NY.GDP.PCAP.KD.ZG
Rwanda,RWA,Sub-Saharan Africa,Low income,"GNI per capita, PPP (current international $)",gni_per_capita_ppp_current_intl_dollar_annual,2025,annual,4070.0,current international dollars per person,observed,WB_WDI,NY.GNP.PCAP.PP.CD
Rwanda,RWA,Sub-Saharan Africa,Low income,"Inflation, consumer prices (annual %)",inflation_consumer_prices_yoy_pct_annual_wdi,2025,annual,5.913000168826,percent per year,observed,WB_WDI,FP.CPI.TOTL.ZG
Rwanda,RWA,Sub-Saharan Africa,Low income,"Life expectancy at birth, total (years)",life_expectancy_years_annual,2024,annual,68.017,years,observed,WB_WDI,SP.DYN.LE00.IN
Rwanda,RWA,Sub-Saharan Africa,Low income,"Nominal GDP growth, year over year (annual)",gdp_nominal_growth_yoy_pct_annual_lcu,2025,annual,17.415694271326608,percent per year,derived,WB_WDI,calculated:NY.GDP.MKTP.CN:year_over_year
Rwanda,RWA,Sub-Saharan Africa,Low income,"Nominal GDP per-capita growth, year over year (annual)",gdp_per_capita_nominal_growth_yoy_pct_annual_lcu,2025,annual,14.895019083613835,percent per year,derived,WB_WDI,calculated:NY.GDP.PCAP.CN:year_over_year
Rwanda,RWA,Sub-Saharan Africa,Low income,"Population, total",population_total_annual,2025,annual,14569341.0,people,observed,WB_WDI,SP.POP.TOTL
Rwanda,RWA,Sub-Saharan Africa,Low income,Poverty headcount ratio at $3.00 a day (2021 PPP) (% of population),poverty_headcount_at_3usd_2021_ppp_pct_annual,2023,annual,38.6,percent of population,observed,WB_WDI,SI.POV.DDAY
Rwanda,RWA,Sub-Saharan Africa,Low income,"Unemployment, total (% of total labor force) (modeled ILO estimate)",unemployment_rate_ilo_modeled_pct_annual,2025,annual,11.363,percent of labor force,observed,WB_WDI,SL.UEM.TOTL.ZS
Saudi Arabia,SAU,"Middle East, North Africa, Afghanistan & Pakistan",High income,Consumer price index (2010 = 100),cpi_index_annual_wdi,2025,annual,138.565355415895,index points (2010=100),observed,WB_WDI,FP.CPI.TOTL
Saudi Arabia,SAU,"Middle East, North Africa, Afghanistan & Pakistan",High income,GDP (constant 2015 US$),gdp_real_constant_2015_usd_annual,2025,annual,926779452930.387,constant 2015 US dollars,observed,WB_WDI,NY.GDP.MKTP.KD
Saudi Arabia,SAU,"Middle East, North Africa, Afghanistan & Pakistan",High income,GDP (constant LCU),gdp_real_constant_lcu_annual,2025,annual,4901940000000.0,constant local currency units (source base year varies),observed,WB_WDI,NY.GDP.MKTP.KN
Saudi Arabia,SAU,"Middle East, North Africa, Afghanistan & Pakistan",High income,GDP (current LCU),gdp_nominal_current_lcu_annual,2025,annual,4788536000000.0,current local currency units,observed,WB_WDI,NY.GDP.MKTP.CN
Saudi Arabia,SAU,"Middle East, North Africa, Afghanistan & Pakistan",High income,GDP (current US$),gdp_nominal_current_usd_annual,2025,annual,1276942933333.33,current US dollars,observed,WB_WDI,NY.GDP.MKTP.CD
Saudi Arabia,SAU,"Middle East, North Africa, Afghanistan & Pakistan",High income,GDP growth (annual %),gdp_real_growth_yoy_pct_annual,2025,annual,4.50246560191663,percent per year,observed,WB_WDI,NY.GDP.MKTP.KD.ZG
Saudi Arabia,SAU,"Middle East, North Africa, Afghanistan & Pakistan",High income,GDP per capita (constant 2015 US$),gdp_per_capita_real_2015_usd_annual,2025,annual,25066.008744098,constant 2015 US dollars per person,observed,WB_WDI,NY.GDP.PCAP.KD
Saudi Arabia,SAU,"Middle East, North Africa, Afghanistan & Pakistan",High income,GDP per capita (constant LCU),gdp_per_capita_real_lcu_annual,2025,annual,132579.62346331,constant local currency units per person (source base year varies),observed,WB_WDI,NY.GDP.PCAP.KN
Saudi Arabia,SAU,"Middle East, North Africa, Afghanistan & Pakistan",High income,GDP per capita (current LCU),gdp_per_capita_nominal_lcu_annual,2025,annual,129512.458296207,current local currency units per person,observed,WB_WDI,NY.GDP.PCAP.CN
Saudi Arabia,SAU,"Middle East, North Africa, Afghanistan & Pakistan",High income,GDP per capita (current US$),gdp_per_capita_nominal_usd_annual,2025,annual,34536.6555456551,current US dollars per person,observed,WB_WDI,NY.GDP.PCAP.CD
Saudi Arabia,SAU,"Middle East, North Africa, Afghanistan & Pakistan",High income,GDP per capita growth (annual %),gdp_per_capita_real_growth_yoy_pct_annual,2025,annual,-0.226897401723321,percent per year,observed,WB_WDI,NY.GDP.PCAP.KD.ZG
Saudi Arabia,SAU,"Middle East, North Africa, Afghanistan & Pakistan",High income,"GNI per capita, PPP (current international $)",gni_per_capita_ppp_current_intl_dollar_annual,2025,annual,74400.0,current international dollars per person,observed,WB_WDI,NY.GNP.PCAP.PP.CD
Saudi Arabia,SAU,"Middle East, North Africa, Afghanistan & Pakistan",High income,"Inflation, consumer prices (annual %)",inflation_consumer_prices_yoy_pct_annual_wdi,2025,annual,2.08420853585036,percent per year,observed,WB_WDI,FP.CPI.TOTL.ZG
Saudi Arabia,SAU,"Middle East, North Africa, Afghanistan & Pakistan",High income,"Life expectancy at birth, total (years)",life_expectancy_years_annual,2024,annual,78.982,years,observed,WB_WDI,SP.DYN.LE00.IN
Saudi Arabia,SAU,"Middle East, North Africa, Afghanistan & Pakistan",High income,"Nominal GDP growth, year over year (annual)",gdp_nominal_growth_yoy_pct_annual_lcu,2025,annual,1.8181477975466098,percent per year,derived,WB_WDI,calculated:NY.GDP.MKTP.CN:year_over_year
Saudi Arabia,SAU,"Middle East, North Africa, Afghanistan & Pakistan",High income,"Nominal GDP per-capita growth, year over year (annual)",gdp_per_capita_nominal_growth_yoy_pct_annual_lcu,2025,annual,-2.789733734427169,percent per year,derived,WB_WDI,calculated:NY.GDP.PCAP.CN:year_over_year
Saudi Arabia,SAU,"Middle East, North Africa, Afghanistan & Pakistan",High income,"Population, total",population_total_annual,2025,annual,36973555.0,people,observed,WB_WDI,SP.POP.TOTL
Saudi Arabia,SAU,"Middle East, North Africa, Afghanistan & Pakistan",High income,"Unemployment, total (% of total labor force) (modeled ILO estimate)",unemployment_rate_ilo_modeled_pct_annual,2025,annual,3.038,percent of labor force,observed,WB_WDI,SL.UEM.TOTL.ZS
Sudan,SDN,Sub-Saharan Africa,Low income,Consumer price index (2010 = 100),cpi_index_annual_wdi,2022,annual,38796.5572974048,index points (2010=100),observed,WB_WDI,FP.CPI.TOTL
Sudan,SDN,Sub-Saharan Africa,Low income,GDP (constant 2015 US$),gdp_real_constant_2015_usd_annual,2025,annual,30073262602.2896,constant 2015 US dollars,observed,WB_WDI,NY.GDP.MKTP.KD
Sudan,SDN,Sub-Saharan Africa,Low income,GDP (constant LCU),gdp_real_constant_lcu_annual,2025,annual,12204819500.0,constant local currency units (source base year varies),observed,WB_WDI,NY.GDP.MKTP.KN
Sudan,SDN,Sub-Saharan Africa,Low income,GDP (current LCU),gdp_nominal_current_lcu_annual,2025,annual,133144121697720.0,current local currency units,observed,WB_WDI,NY.GDP.MKTP.CN
Sudan,SDN,Sub-Saharan Africa,Low income,GDP (current US$),gdp_nominal_current_usd_annual,2025,annual,60162634574.4689,current US dollars,observed,WB_WDI,NY.GDP.MKTP.CD
Sudan,SDN,Sub-Saharan Africa,Low income,GDP growth (annual %),gdp_real_growth_yoy_pct_annual,2025,annual,3.06427942935869,percent per year,observed,WB_WDI,NY.GDP.MKTP.KD.ZG
Sudan,SDN,Sub-Saharan Africa,Low income,GDP per capita (constant 2015 US$),gdp_per_capita_real_2015_usd_annual,2025,annual,582.114074707031,constant 2015 US dollars per person,observed,WB_WDI,NY.GDP.PCAP.KD
Sudan,SDN,Sub-Saharan Africa,Low income,GDP per capita (constant LCU),gdp_per_capita_real_lcu_annual,2025,annual,236.242980957031,constant local currency units per person (source base year varies),observed,WB_WDI,NY.GDP.PCAP.KN
Sudan,SDN,Sub-Saharan Africa,Low income,GDP per capita (current LCU),gdp_per_capita_nominal_lcu_annual,2025,annual,2577208.5,current local currency units per person,observed,WB_WDI,NY.GDP.PCAP.CN
Sudan,SDN,Sub-Saharan Africa,Low income,GDP per capita (current US$),gdp_per_capita_nominal_usd_annual,2025,annual,1164.53991699219,current US dollars per person,observed,WB_WDI,NY.GDP.PCAP.CD
Sudan,SDN,Sub-Saharan Africa,Low income,GDP per capita growth (annual %),gdp_per_capita_real_growth_yoy_pct_annual,2025,annual,0.64402105445447,percent per year,observed,WB_WDI,NY.GDP.PCAP.KD.ZG
Sudan,SDN,Sub-Saharan Africa,Low income,"GNI per capita, PPP (current international $)",gni_per_capita_ppp_current_intl_dollar_annual,2025,annual,2140.0,current international dollars per person,observed,WB_WDI,NY.GNP.PCAP.PP.CD
Sudan,SDN,Sub-Saharan Africa,Low income,"Inflation, consumer prices (annual %)",inflation_consumer_prices_yoy_pct_annual_wdi,2022,annual,138.80846024176,percent per year,observed,WB_WDI,FP.CPI.TOTL.ZG
Sudan,SDN,Sub-Saharan Africa,Low income,"Life expectancy at birth, total (years)",life_expectancy_years_annual,2024,annual,66.521,years,observed,WB_WDI,SP.DYN.LE00.IN
Sudan,SDN,Sub-Saharan Africa,Low income,"Nominal GDP growth, year over year (annual)",gdp_nominal_growth_yoy_pct_annual_lcu,2025,annual,70.99381200380883,percent per year,derived,WB_WDI,calculated:NY.GDP.MKTP.CN:year_over_year
Sudan,SDN,Sub-Saharan Africa,Low income,"Nominal GDP per-capita growth, year over year (annual)",gdp_per_capita_nominal_growth_yoy_pct_annual_lcu,2025,annual,66.97835976471043,percent per year,derived,WB_WDI,calculated:NY.GDP.PCAP.CN:year_over_year
Sudan,SDN,Sub-Saharan Africa,Low income,"Population, total",population_total_annual,2025,annual,51662147.0,people,observed,WB_WDI,SP.POP.TOTL
Sudan,SDN,Sub-Saharan Africa,Low income,Poverty headcount ratio at $3.00 a day (2021 PPP) (% of population),poverty_headcount_at_3usd_2021_ppp_pct_annual,2014,annual,10.1,percent of population,observed,WB_WDI,SI.POV.DDAY
Sudan,SDN,Sub-Saharan Africa,Low income,"Unemployment, total (% of total labor force) (modeled ILO estimate)",unemployment_rate_ilo_modeled_pct_annual,2022,annual,7.53,percent of labor force,observed,WB_WDI,SL.UEM.TOTL.ZS
Senegal,SEN,Sub-Saharan Africa,Lower middle income,Consumer price index (2010 = 100),cpi_index_annual_wdi,2025,annual,136.059669170461,index points (2010=100),observed,WB_WDI,FP.CPI.TOTL
Senegal,SEN,Sub-Saharan Africa,Lower middle income,GDP (constant 2015 US$),gdp_real_constant_2015_usd_annual,2025,annual,29955264558.0666,constant 2015 US dollars,observed,WB_WDI,NY.GDP.MKTP.KD
Senegal,SEN,Sub-Saharan Africa,Lower middle income,GDP (constant LCU),gdp_real_constant_lcu_annual,2025,annual,17522450344641.7,constant local currency units (source base year varies),observed,WB_WDI,NY.GDP.MKTP.KN
Senegal,SEN,Sub-Saharan Africa,Lower middle income,GDP (current LCU),gdp_nominal_current_lcu_annual,2025,annual,21535157420267.9,current local currency units,observed,WB_WDI,NY.GDP.MKTP.CN
Senegal,SEN,Sub-Saharan Africa,Lower middle income,GDP (current US$),gdp_nominal_current_usd_annual,2025,annual,37006536238.3731,current US dollars,observed,WB_WDI,NY.GDP.MKTP.CD
Senegal,SEN,Sub-Saharan Africa,Lower middle income,GDP growth (annual %),gdp_real_growth_yoy_pct_annual,2025,annual,6.68227744849194,percent per year,observed,WB_WDI,NY.GDP.MKTP.KD.ZG
Senegal,SEN,Sub-Saharan Africa,Lower middle income,GDP per capita (constant 2015 US$),gdp_per_capita_real_2015_usd_annual,2025,annual,1582.25852286375,constant 2015 US dollars per person,observed,WB_WDI,NY.GDP.PCAP.KD
Senegal,SEN,Sub-Saharan Africa,Lower middle income,GDP per capita (constant LCU),gdp_per_capita_real_lcu_annual,2025,annual,925548.373826664,constant local currency units per person (source base year varies),observed,WB_WDI,NY.GDP.PCAP.KN
Senegal,SEN,Sub-Saharan Africa,Lower middle income,GDP per capita (current LCU),gdp_per_capita_nominal_lcu_annual,2025,annual,1137502.43478506,current local currency units per person,observed,WB_WDI,NY.GDP.PCAP.CN
Senegal,SEN,Sub-Saharan Africa,Lower middle income,GDP per capita (current US$),gdp_per_capita_nominal_usd_annual,2025,annual,1954.71174194867,current US dollars per person,observed,WB_WDI,NY.GDP.PCAP.CD
Senegal,SEN,Sub-Saharan Africa,Lower middle income,GDP per capita growth (annual %),gdp_per_capita_real_growth_yoy_pct_annual,2025,annual,4.25931413755755,percent per year,observed,WB_WDI,NY.GDP.PCAP.KD.ZG
Senegal,SEN,Sub-Saharan Africa,Lower middle income,"GNI per capita, PPP (current international $)",gni_per_capita_ppp_current_intl_dollar_annual,2025,annual,5100.0,current international dollars per person,observed,WB_WDI,NY.GNP.PCAP.PP.CD
Senegal,SEN,Sub-Saharan Africa,Lower middle income,"Inflation, consumer prices (annual %)",inflation_consumer_prices_yoy_pct_annual_wdi,2025,annual,1.45900719841385,percent per year,observed,WB_WDI,FP.CPI.TOTL.ZG
Senegal,SEN,Sub-Saharan Africa,Lower middle income,"Life expectancy at birth, total (years)",life_expectancy_years_annual,2024,annual,68.924,years,observed,WB_WDI,SP.DYN.LE00.IN
Senegal,SEN,Sub-Saharan Africa,Lower middle income,"Nominal GDP growth, year over year (annual)",gdp_nominal_growth_yoy_pct_annual_lcu,2025,annual,10.402022389840603,percent per year,derived,WB_WDI,calculated:NY.GDP.MKTP.CN:year_over_year
Senegal,SEN,Sub-Saharan Africa,Lower middle income,"Nominal GDP per-capita growth, year over year (annual)",gdp_per_capita_nominal_growth_yoy_pct_annual_lcu,2025,annual,7.894576391299468,percent per year,derived,WB_WDI,calculated:NY.GDP.PCAP.CN:year_over_year
Senegal,SEN,Sub-Saharan Africa,Lower middle income,"Population, total",population_total_annual,2025,annual,18931966.0,people,observed,WB_WDI,SP.POP.TOTL
Senegal,SEN,Sub-Saharan Africa,Lower middle income,Poverty headcount ratio at $3.00 a day (2021 PPP) (% of population),poverty_headcount_at_3usd_2021_ppp_pct_annual,2021,annual,17.9,percent of population,observed,WB_WDI,SI.POV.DDAY
Senegal,SEN,Sub-Saharan Africa,Lower middle income,"Unemployment, total (% of total labor force) (modeled ILO estimate)",unemployment_rate_ilo_modeled_pct_annual,2025,annual,2.735,percent of labor force,observed,WB_WDI,SL.UEM.TOTL.ZS
Singapore,SGP,East Asia & Pacific,High income,Consumer price index (2010 = 100),cpi_index_annual_wdi,2025,annual,134.359603724845,index points (2010=100),observed,WB_WDI,FP.CPI.TOTL
Singapore,SGP,East Asia & Pacific,High income,GDP (constant 2015 US$),gdp_real_constant_2015_usd_annual,2025,annual,431960358591.093,constant 2015 US dollars,observed,WB_WDI,NY.GDP.MKTP.KD
Singapore,SGP,East Asia & Pacific,High income,GDP (constant LCU),gdp_real_constant_lcu_annual,2025,annual,593869900000.0,constant local currency units (source base year varies),observed,WB_WDI,NY.GDP.MKTP.KN
Singapore,SGP,East Asia & Pacific,High income,GDP (current LCU),gdp_nominal_current_lcu_annual,2025,annual,789529200000.0,current local currency units,observed,WB_WDI,NY.GDP.MKTP.CN
Singapore,SGP,East Asia & Pacific,High income,GDP (current US$),gdp_nominal_current_usd_annual,2025,annual,603869516998.738,current US dollars,observed,WB_WDI,NY.GDP.MKTP.CD
Singapore,SGP,East Asia & Pacific,High income,GDP growth (annual %),gdp_real_growth_yoy_pct_annual,2025,annual,5.02588199508003,percent per year,observed,WB_WDI,NY.GDP.MKTP.KD.ZG
Singapore,SGP,East Asia & Pacific,High income,GDP per capita (constant 2015 US$),gdp_per_capita_real_2015_usd_annual,2025,annual,70683.6833491257,constant 2015 US dollars per person,observed,WB_WDI,NY.GDP.PCAP.KD
Singapore,SGP,East Asia & Pacific,High income,GDP per capita (constant LCU),gdp_per_capita_real_lcu_annual,2025,annual,97177.6949604618,constant local currency units per person (source base year varies),observed,WB_WDI,NY.GDP.PCAP.KN
Singapore,SGP,East Asia & Pacific,High income,GDP per capita (current LCU),gdp_per_capita_nominal_lcu_annual,2025,annual,129194.336604663,current local currency units per person,observed,WB_WDI,NY.GDP.PCAP.CN
Singapore,SGP,East Asia & Pacific,High income,GDP per capita (current US$),gdp_per_capita_nominal_usd_annual,2025,annual,98813.9788172877,current US dollars per person,observed,WB_WDI,NY.GDP.PCAP.CD
Singapore,SGP,East Asia & Pacific,High income,GDP per capita growth (annual %),gdp_per_capita_real_growth_yoy_pct_annual,2025,annual,3.74871378758077,percent per year,observed,WB_WDI,NY.GDP.PCAP.KD.ZG
Singapore,SGP,East Asia & Pacific,High income,"GNI per capita, PPP (current international $)",gni_per_capita_ppp_current_intl_dollar_annual,2025,annual,135750.0,current international dollars per person,observed,WB_WDI,NY.GNP.PCAP.PP.CD
Singapore,SGP,East Asia & Pacific,High income,"Inflation, consumer prices (annual %)",inflation_consumer_prices_yoy_pct_annual_wdi,2025,annual,0.902998495002676,percent per year,observed,WB_WDI,FP.CPI.TOTL.ZG
Singapore,SGP,East Asia & Pacific,High income,"Life expectancy at birth, total (years)",life_expectancy_years_annual,2024,annual,83.3463414634146,years,observed,WB_WDI,SP.DYN.LE00.IN
Singapore,SGP,East Asia & Pacific,High income,"Nominal GDP growth, year over year (annual)",gdp_nominal_growth_yoy_pct_annual_lcu,2025,annual,3.1393570847716656,percent per year,derived,WB_WDI,calculated:NY.GDP.MKTP.CN:year_over_year
Singapore,SGP,East Asia & Pacific,High income,"Nominal GDP per-capita growth, year over year (annual)",gdp_per_capita_nominal_growth_yoy_pct_annual_lcu,2025,annual,1.885129980858835,percent per year,derived,WB_WDI,calculated:NY.GDP.PCAP.CN:year_over_year
Singapore,SGP,East Asia & Pacific,High income,"Population, total",population_total_annual,2025,annual,6111175.0,people,observed,WB_WDI,SP.POP.TOTL
Singapore,SGP,East Asia & Pacific,High income,"Unemployment, total (% of total labor force) (modeled ILO estimate)",unemployment_rate_ilo_modeled_pct_annual,2025,annual,2.818,percent of labor force,observed,WB_WDI,SL.UEM.TOTL.ZS
Solomon Islands,SLB,East Asia & Pacific,Lower middle income,Consumer price index (2010 = 100),cpi_index_annual_wdi,2025,annual,164.872504985982,index points (2010=100),observed,WB_WDI,FP.CPI.TOTL
Solomon Islands,SLB,East Asia & Pacific,Lower middle income,GDP (constant 2015 US$),gdp_real_constant_2015_usd_annual,2025,annual,1533311980.79215,constant 2015 US dollars,observed,WB_WDI,NY.GDP.MKTP.KD
Solomon Islands,SLB,East Asia & Pacific,Lower middle income,GDP (constant LCU),gdp_real_constant_lcu_annual,2025,annual,11065446200.0,constant local currency units (source base year varies),observed,WB_WDI,NY.GDP.MKTP.KN
Solomon Islands,SLB,East Asia & Pacific,Lower middle income,GDP (current LCU),gdp_nominal_current_lcu_annual,2025,annual,14568413300.0,current local currency units,observed,WB_WDI,NY.GDP.MKTP.CN
Solomon Islands,SLB,East Asia & Pacific,Lower middle income,GDP (current US$),gdp_nominal_current_usd_annual,2025,annual,1749572442.95016,current US dollars,observed,WB_WDI,NY.GDP.MKTP.CD
Solomon Islands,SLB,East Asia & Pacific,Lower middle income,GDP growth (annual %),gdp_real_growth_yoy_pct_annual,2025,annual,3.61715088072386,percent per year,observed,WB_WDI,NY.GDP.MKTP.KD.ZG
Solomon Islands,SLB,East Asia & Pacific,Lower middle income,GDP per capita (constant 2015 US$),gdp_per_capita_real_2015_usd_annual,2025,annual,1828.320661057,constant 2015 US dollars per person,observed,WB_WDI,NY.GDP.PCAP.KD
Solomon Islands,SLB,East Asia & Pacific,Lower middle income,GDP per capita (constant LCU),gdp_per_capita_real_lcu_annual,2025,annual,13194.4341169386,constant local currency units per person (source base year varies),observed,WB_WDI,NY.GDP.PCAP.KN
Solomon Islands,SLB,East Asia & Pacific,Lower middle income,GDP per capita (current LCU),gdp_per_capita_nominal_lcu_annual,2025,annual,17371.3708422515,current local currency units per person,observed,WB_WDI,NY.GDP.PCAP.CN
Solomon Islands,SLB,East Asia & Pacific,Lower middle income,GDP per capita (current US$),gdp_per_capita_nominal_usd_annual,2025,annual,2086.18955928928,current US dollars per person,observed,WB_WDI,NY.GDP.PCAP.CD
Solomon Islands,SLB,East Asia & Pacific,Lower middle income,GDP per capita growth (annual %),gdp_per_capita_real_growth_yoy_pct_annual,2025,annual,1.21441464169847,percent per year,observed,WB_WDI,NY.GDP.PCAP.KD.ZG
Solomon Islands,SLB,East Asia & Pacific,Lower middle income,"GNI per capita, PPP (current international $)",gni_per_capita_ppp_current_intl_dollar_annual,2025,annual,2790.0,current international dollars per person,observed,WB_WDI,NY.GNP.PCAP.PP.CD
Solomon Islands,SLB,East Asia & Pacific,Lower middle income,"Inflation, consumer prices (annual %)",inflation_consumer_prices_yoy_pct_annual_wdi,2025,annual,3.36462189317825,percent per year,observed,WB_WDI,FP.CPI.TOTL.ZG
Solomon Islands,SLB,East Asia & Pacific,Lower middle income,"Life expectancy at birth, total (years)",life_expectancy_years_annual,2024,annual,70.694,years,observed,WB_WDI,SP.DYN.LE00.IN
Solomon Islands,SLB,East Asia & Pacific,Lower middle income,"Nominal GDP growth, year over year (annual)",gdp_nominal_growth_yoy_pct_annual_lcu,2025,annual,8.783133877608918,percent per year,derived,WB_WDI,calculated:NY.GDP.MKTP.CN:year_over_year
Solomon Islands,SLB,East Asia & Pacific,Lower middle income,"Nominal GDP per-capita growth, year over year (annual)",gdp_per_capita_nominal_growth_yoy_pct_annual_lcu,2025,annual,6.26060574649534,percent per year,derived,WB_WDI,calculated:NY.GDP.PCAP.CN:year_over_year
Solomon Islands,SLB,East Asia & Pacific,Lower middle income,"Population, total",population_total_annual,2025,annual,838645.0,people,observed,WB_WDI,SP.POP.TOTL
Solomon Islands,SLB,East Asia & Pacific,Lower middle income,Poverty headcount ratio at $3.00 a day (2021 PPP) (% of population),poverty_headcount_at_3usd_2021_ppp_pct_annual,2012,annual,40.3,percent of population,observed,WB_WDI,SI.POV.DDAY
Solomon Islands,SLB,East Asia & Pacific,Lower middle income,"Unemployment, total (% of total labor force) (modeled ILO estimate)",unemployment_rate_ilo_modeled_pct_annual,2025,annual,1.431,percent of labor force,observed,WB_WDI,SL.UEM.TOTL.ZS
Sierra Leone,SLE,Sub-Saharan Africa,Low income,Consumer price index (2010 = 100),cpi_index_annual_wdi,2025,annual,771.750275176172,index points (2010=100),observed,WB_WDI,FP.CPI.TOTL
Sierra Leone,SLE,Sub-Saharan Africa,Low income,GDP (constant 2015 US$),gdp_real_constant_2015_usd_annual,2025,annual,10281446270.4261,constant 2015 US dollars,observed,WB_WDI,NY.GDP.MKTP.KD
Sierra Leone,SLE,Sub-Saharan Africa,Low income,GDP (constant LCU),gdp_real_constant_lcu_annual,2025,annual,67919043300.0,constant local currency units (source base year varies),observed,WB_WDI,NY.GDP.MKTP.KN
Sierra Leone,SLE,Sub-Saharan Africa,Low income,GDP (current LCU),gdp_nominal_current_lcu_annual,2025,annual,169118224700.0,current local currency units,observed,WB_WDI,NY.GDP.MKTP.CN
Sierra Leone,SLE,Sub-Saharan Africa,Low income,GDP (current US$),gdp_nominal_current_usd_annual,2025,annual,7464157904.43509,current US dollars,observed,WB_WDI,NY.GDP.MKTP.CD
Sierra Leone,SLE,Sub-Saharan Africa,Low income,GDP growth (annual %),gdp_real_growth_yoy_pct_annual,2025,annual,4.60865077581276,percent per year,observed,WB_WDI,NY.GDP.MKTP.KD.ZG
Sierra Leone,SLE,Sub-Saharan Africa,Low income,GDP per capita (constant 2015 US$),gdp_per_capita_real_2015_usd_annual,2025,annual,1165.72408271963,constant 2015 US dollars per person,observed,WB_WDI,NY.GDP.PCAP.KD
Sierra Leone,SLE,Sub-Saharan Africa,Low income,GDP per capita (constant LCU),gdp_per_capita_real_lcu_annual,2025,annual,7700.75166154674,constant local currency units per person (source base year varies),observed,WB_WDI,NY.GDP.PCAP.KN
Sierra Leone,SLE,Sub-Saharan Africa,Low income,GDP per capita (current LCU),gdp_per_capita_nominal_lcu_annual,2025,annual,19174.8497413885,current local currency units per person,observed,WB_WDI,NY.GDP.PCAP.CN
Sierra Leone,SLE,Sub-Saharan Africa,Low income,GDP per capita (current US$),gdp_per_capita_nominal_usd_annual,2025,annual,846.296172499617,current US dollars per person,observed,WB_WDI,NY.GDP.PCAP.CD
Sierra Leone,SLE,Sub-Saharan Africa,Low income,GDP per capita growth (annual %),gdp_per_capita_real_growth_yoy_pct_annual,2025,annual,2.50015605748742,percent per year,observed,WB_WDI,NY.GDP.PCAP.KD.ZG
Sierra Leone,SLE,Sub-Saharan Africa,Low income,"GNI per capita, PPP (current international $)",gni_per_capita_ppp_current_intl_dollar_annual,2025,annual,3690.0,current international dollars per person,observed,WB_WDI,NY.GNP.PCAP.PP.CD
Sierra Leone,SLE,Sub-Saharan Africa,Low income,"Inflation, consumer prices (annual %)",inflation_consumer_prices_yoy_pct_annual_wdi,2025,annual,7.48750166612986,percent per year,observed,WB_WDI,FP.CPI.TOTL.ZG
Sierra Leone,SLE,Sub-Saharan Africa,Low income,"Life expectancy at birth, total (years)",life_expectancy_years_annual,2024,annual,61.964,years,observed,WB_WDI,SP.DYN.LE00.IN
Sierra Leone,SLE,Sub-Saharan Africa,Low income,"Nominal GDP growth, year over year (annual)",gdp_nominal_growth_yoy_pct_annual_lcu,2025,annual,7.406860504611035,percent per year,derived,WB_WDI,calculated:NY.GDP.MKTP.CN:year_over_year
Sierra Leone,SLE,Sub-Saharan Africa,Low income,"Nominal GDP per-capita growth, year over year (annual)",gdp_per_capita_nominal_growth_yoy_pct_annual_lcu,2025,annual,5.241964997343307,percent per year,derived,WB_WDI,calculated:NY.GDP.PCAP.CN:year_over_year
Sierra Leone,SLE,Sub-Saharan Africa,Low income,"Population, total",population_total_annual,2025,annual,8819794.0,people,observed,WB_WDI,SP.POP.TOTL
Sierra Leone,SLE,Sub-Saharan Africa,Low income,Poverty headcount ratio at $3.00 a day (2021 PPP) (% of population),poverty_headcount_at_3usd_2021_ppp_pct_annual,2018,annual,41.5,percent of population,observed,WB_WDI,SI.POV.DDAY
Sierra Leone,SLE,Sub-Saharan Africa,Low income,"Unemployment, total (% of total labor force) (modeled ILO estimate)",unemployment_rate_ilo_modeled_pct_annual,2025,annual,3.15,percent of labor force,observed,WB_WDI,SL.UEM.TOTL.ZS
El Salvador,SLV,Latin America & Caribbean,Upper middle income,Consumer price index (2010 = 100),cpi_index_annual_wdi,2025,annual,129.307075969401,index points (2010=100),observed,WB_WDI,FP.CPI.TOTL
El Salvador,SLV,Latin America & Caribbean,Upper middle income,GDP (constant 2015 US$),gdp_real_constant_2015_usd_annual,2025,annual,30140111727.9972,constant 2015 US dollars,observed,WB_WDI,NY.GDP.MKTP.KD
El Salvador,SLV,Latin America & Caribbean,Upper middle income,GDP (constant LCU),gdp_real_constant_lcu_annual,2025,annual,29751081300.0,constant local currency units (source base year varies),observed,WB_WDI,NY.GDP.MKTP.KN
El Salvador,SLV,Latin America & Caribbean,Upper middle income,GDP (current LCU),gdp_nominal_current_lcu_annual,2025,annual,36708110000.0,current local currency units,observed,WB_WDI,NY.GDP.MKTP.CN
El Salvador,SLV,Latin America & Caribbean,Upper middle income,GDP (current US$),gdp_nominal_current_usd_annual,2025,annual,36708110000.0,current US dollars,observed,WB_WDI,NY.GDP.MKTP.CD
El Salvador,SLV,Latin America & Caribbean,Upper middle income,GDP growth (annual %),gdp_real_growth_yoy_pct_annual,2025,annual,3.90594189242583,percent per year,observed,WB_WDI,NY.GDP.MKTP.KD.ZG
El Salvador,SLV,Latin America & Caribbean,Upper middle income,GDP per capita (constant 2015 US$),gdp_per_capita_real_2015_usd_annual,2025,annual,4734.91438586978,constant 2015 US dollars per person,observed,WB_WDI,NY.GDP.PCAP.KD
El Salvador,SLV,Latin America & Caribbean,Upper middle income,GDP per capita (constant LCU),gdp_per_capita_real_lcu_annual,2025,annual,4673.79895979941,constant local currency units per person (source base year varies),observed,WB_WDI,NY.GDP.PCAP.KN
El Salvador,SLV,Latin America & Caribbean,Upper middle income,GDP per capita (current LCU),gdp_per_capita_nominal_lcu_annual,2025,annual,5766.72574029107,current local currency units per person,observed,WB_WDI,NY.GDP.PCAP.CN
El Salvador,SLV,Latin America & Caribbean,Upper middle income,GDP per capita (current US$),gdp_per_capita_nominal_usd_annual,2025,annual,5766.72574029107,current US dollars per person,observed,WB_WDI,NY.GDP.PCAP.CD
El Salvador,SLV,Latin America & Caribbean,Upper middle income,GDP per capita growth (annual %),gdp_per_capita_real_growth_yoy_pct_annual,2025,annual,3.46015288359463,percent per year,observed,WB_WDI,NY.GDP.PCAP.KD.ZG
El Salvador,SLV,Latin America & Caribbean,Upper middle income,"GNI per capita, PPP (current international $)",gni_per_capita_ppp_current_intl_dollar_annual,2025,annual,13140.0,current international dollars per person,observed,WB_WDI,NY.GNP.PCAP.PP.CD
El Salvador,SLV,Latin America & Caribbean,Upper middle income,"Inflation, consumer prices (annual %)",inflation_consumer_prices_yoy_pct_annual_wdi,2025,annual,0.257570528307203,percent per year,observed,WB_WDI,FP.CPI.TOTL.ZG
El Salvador,SLV,Latin America & Caribbean,Upper middle income,"Life expectancy at birth, total (years)",life_expectancy_years_annual,2024,annual,72.302,years,observed,WB_WDI,SP.DYN.LE00.IN
El Salvador,SLV,Latin America & Caribbean,Upper middle income,"Nominal GDP growth, year over year (annual)",gdp_nominal_growth_yoy_pct_annual_lcu,2025,annual,5.241955714680135,percent per year,derived,WB_WDI,calculated:NY.GDP.MKTP.CN:year_over_year
El Salvador,SLV,Latin America & Caribbean,Upper middle income,"Nominal GDP per-capita growth, year over year (annual)",gdp_per_capita_nominal_growth_yoy_pct_annual_lcu,2025,annual,4.7904347884364595,percent per year,derived,WB_WDI,calculated:NY.GDP.PCAP.CN:year_over_year
El Salvador,SLV,Latin America & Caribbean,Upper middle income,"Population, total",population_total_annual,2025,annual,6365503.0,people,observed,WB_WDI,SP.POP.TOTL
El Salvador,SLV,Latin America & Caribbean,Upper middle income,Poverty headcount ratio at $3.00 a day (2021 PPP) (% of population),poverty_headcount_at_3usd_2021_ppp_pct_annual,2023,annual,4.6,percent of population,observed,WB_WDI,SI.POV.DDAY
El Salvador,SLV,Latin America & Caribbean,Upper middle income,"Unemployment, total (% of total labor force) (modeled ILO estimate)",unemployment_rate_ilo_modeled_pct_annual,2025,annual,3.303,percent of labor force,observed,WB_WDI,SL.UEM.TOTL.ZS
San Marino,SMR,Europe & Central Asia,High income,Consumer price index (2010 = 100),cpi_index_annual_wdi,2025,annual,131.908633817527,index points (2010=100),observed,WB_WDI,FP.CPI.TOTL
San Marino,SMR,Europe & Central Asia,High income,GDP (constant 2015 US$),gdp_real_constant_2015_usd_annual,2023,annual,1737822991.03591,constant 2015 US dollars,observed,WB_WDI,NY.GDP.MKTP.KD
San Marino,SMR,Europe & Central Asia,High income,GDP (constant LCU),gdp_real_constant_lcu_annual,2023,annual,1416455000.0,constant local currency units (source base year varies),observed,WB_WDI,NY.GDP.MKTP.KN
San Marino,SMR,Europe & Central Asia,High income,GDP (current LCU),gdp_nominal_current_lcu_annual,2023,annual,1874874700.0,current local currency units,observed,WB_WDI,NY.GDP.MKTP.CN
San Marino,SMR,Europe & Central Asia,High income,GDP (current US$),gdp_nominal_current_usd_annual,2023,annual,2027243193.5116,current US dollars,observed,WB_WDI,NY.GDP.MKTP.CD
San Marino,SMR,Europe & Central Asia,High income,GDP growth (annual %),gdp_real_growth_yoy_pct_annual,2023,annual,0.401932371532837,percent per year,observed,WB_WDI,NY.GDP.MKTP.KD.ZG
San Marino,SMR,Europe & Central Asia,High income,GDP per capita (constant 2015 US$),gdp_per_capita_real_2015_usd_annual,2023,annual,51323.7741002928,constant 2015 US dollars per person,observed,WB_WDI,NY.GDP.PCAP.KD
San Marino,SMR,Europe & Central Asia,High income,GDP per capita (constant LCU),gdp_per_capita_real_lcu_annual,2023,annual,41832.6934435913,constant local currency units per person (source base year varies),observed,WB_WDI,NY.GDP.PCAP.KN
San Marino,SMR,Europe & Central Asia,High income,GDP per capita (current LCU),gdp_per_capita_nominal_lcu_annual,2023,annual,55371.3733018311,current local currency units per person,observed,WB_WDI,NY.GDP.PCAP.CN
San Marino,SMR,Europe & Central Asia,High income,GDP per capita (current US$),gdp_per_capita_nominal_usd_annual,2023,annual,59871.3288101478,current US dollars per person,observed,WB_WDI,NY.GDP.PCAP.CD
San Marino,SMR,Europe & Central Asia,High income,GDP per capita growth (annual %),gdp_per_capita_real_growth_yoy_pct_annual,2023,annual,0.0905855641196212,percent per year,observed,WB_WDI,NY.GDP.PCAP.KD.ZG
San Marino,SMR,Europe & Central Asia,High income,"GNI per capita, PPP (current international $)",gni_per_capita_ppp_current_intl_dollar_annual,2023,annual,71920.0,current international dollars per person,observed,WB_WDI,NY.GNP.PCAP.PP.CD
San Marino,SMR,Europe & Central Asia,High income,"Inflation, consumer prices (annual %)",inflation_consumer_prices_yoy_pct_annual_wdi,2025,annual,2.29519525025037,percent per year,observed,WB_WDI,FP.CPI.TOTL.ZG
San Marino,SMR,Europe & Central Asia,High income,"Life expectancy at birth, total (years)",life_expectancy_years_annual,2024,annual,85.817,years,observed,WB_WDI,SP.DYN.LE00.IN
San Marino,SMR,Europe & Central Asia,High income,"Nominal GDP growth, year over year (annual)",gdp_nominal_growth_yoy_pct_annual_lcu,2023,annual,7.7869272797222555,percent per year,derived,WB_WDI,calculated:NY.GDP.MKTP.CN:year_over_year
San Marino,SMR,Europe & Central Asia,High income,"Nominal GDP per-capita growth, year over year (annual)",gdp_per_capita_nominal_growth_yoy_pct_annual_lcu,2023,annual,7.452679572564325,percent per year,derived,WB_WDI,calculated:NY.GDP.PCAP.CN:year_over_year
San Marino,SMR,Europe & Central Asia,High income,"Population, total",population_total_annual,2025,annual,34109.0,people,observed,WB_WDI,SP.POP.TOTL
"Somalia, Fed. Rep.",SOM,Sub-Saharan Africa,Low income,GDP (constant 2015 US$),gdp_real_constant_2015_usd_annual,2025,annual,9148089787.32035,constant 2015 US dollars,observed,WB_WDI,NY.GDP.MKTP.KD
"Somalia, Fed. Rep.",SOM,Sub-Saharan Africa,Low income,GDP (constant LCU),gdp_real_constant_lcu_annual,2025,annual,305810230440000.0,constant local currency units (source base year varies),observed,WB_WDI,NY.GDP.MKTP.KN
"Somalia, Fed. Rep.",SOM,Sub-Saharan Africa,Low income,GDP (current LCU),gdp_nominal_current_lcu_annual,2025,annual,391200483400000.0,current local currency units,observed,WB_WDI,NY.GDP.MKTP.CN
"Somalia, Fed. Rep.",SOM,Sub-Saharan Africa,Low income,GDP (current US$),gdp_nominal_current_usd_annual,2025,annual,12995200000.2658,current US dollars,observed,WB_WDI,NY.GDP.MKTP.CD
"Somalia, Fed. Rep.",SOM,Sub-Saharan Africa,Low income,GDP growth (annual %),gdp_real_growth_yoy_pct_annual,2025,annual,2.99114404482197,percent per year,observed,WB_WDI,NY.GDP.MKTP.KD.ZG
"Somalia, Fed. Rep.",SOM,Sub-Saharan Africa,Low income,GDP per capita (constant 2015 US$),gdp_per_capita_real_2015_usd_annual,2025,annual,465.439392877227,constant 2015 US dollars per person,observed,WB_WDI,NY.GDP.PCAP.KD
"Somalia, Fed. Rep.",SOM,Sub-Saharan Africa,Low income,GDP per capita (constant LCU),gdp_per_capita_real_lcu_annual,2025,annual,15559109.2021115,constant local currency units per person (source base year varies),observed,WB_WDI,NY.GDP.PCAP.KN
"Somalia, Fed. Rep.",SOM,Sub-Saharan Africa,Low income,GDP per capita (current LCU),gdp_per_capita_nominal_lcu_annual,2025,annual,19903621.3810827,current local currency units per person,observed,WB_WDI,NY.GDP.PCAP.CN
"Somalia, Fed. Rep.",SOM,Sub-Saharan Africa,Low income,GDP per capita (current US$),gdp_per_capita_nominal_usd_annual,2025,annual,661.173877723116,current US dollars per person,observed,WB_WDI,NY.GDP.PCAP.CD
"Somalia, Fed. Rep.",SOM,Sub-Saharan Africa,Low income,GDP per capita growth (annual %),gdp_per_capita_real_growth_yoy_pct_annual,2025,annual,-0.391747312911576,percent per year,observed,WB_WDI,NY.GDP.PCAP.KD.ZG
"Somalia, Fed. Rep.",SOM,Sub-Saharan Africa,Low income,"GNI per capita, PPP (current international $)",gni_per_capita_ppp_current_intl_dollar_annual,2025,annual,1640.0,current international dollars per person,observed,WB_WDI,NY.GNP.PCAP.PP.CD
"Somalia, Fed. Rep.",SOM,Sub-Saharan Africa,Low income,"Life expectancy at birth, total (years)",life_expectancy_years_annual,2024,annual,58.967,years,observed,WB_WDI,SP.DYN.LE00.IN
"Somalia, Fed. Rep.",SOM,Sub-Saharan Africa,Low income,"Nominal GDP growth, year over year (annual)",gdp_nominal_growth_yoy_pct_annual_lcu,2025,annual,16.26052797020854,percent per year,derived,WB_WDI,calculated:NY.GDP.MKTP.CN:year_over_year
"Somalia, Fed. Rep.",SOM,Sub-Saharan Africa,Low income,"Nominal GDP per-capita growth, year over year (annual)",gdp_per_capita_nominal_growth_yoy_pct_annual_lcu,2025,annual,12.441784728121586,percent per year,derived,WB_WDI,calculated:NY.GDP.PCAP.CN:year_over_year
"Somalia, Fed. Rep.",SOM,Sub-Saharan Africa,Low income,"Population, total",population_total_annual,2025,annual,19654739.0,people,observed,WB_WDI,SP.POP.TOTL
"Somalia, Fed. Rep.",SOM,Sub-Saharan Africa,Low income,"Unemployment, total (% of total labor force) (modeled ILO estimate)",unemployment_rate_ilo_modeled_pct_annual,2025,annual,18.948,percent of labor force,observed,WB_WDI,SL.UEM.TOTL.ZS
Serbia,SRB,Europe & Central Asia,Upper middle income,Consumer price index (2010 = 100),cpi_index_annual_wdi,2025,annual,208.322717622081,index points (2010=100),observed,WB_WDI,FP.CPI.TOTL
Serbia,SRB,Europe & Central Asia,Upper middle income,GDP (constant 2015 US$),gdp_real_constant_2015_usd_annual,2025,annual,57661132821.882,constant 2015 US dollars,observed,WB_WDI,NY.GDP.MKTP.KD
Serbia,SRB,Europe & Central Asia,Upper middle income,GDP (constant LCU),gdp_real_constant_lcu_annual,2025,annual,7431589802000.0,constant local currency units (source base year varies),observed,WB_WDI,NY.GDP.MKTP.KN
Serbia,SRB,Europe & Central Asia,Upper middle income,GDP (current LCU),gdp_nominal_current_lcu_annual,2025,annual,10392686893400.0,current local currency units,observed,WB_WDI,NY.GDP.MKTP.CN
Serbia,SRB,Europe & Central Asia,Upper middle income,GDP (current US$),gdp_nominal_current_usd_annual,2025,annual,99953324472.9042,current US dollars,observed,WB_WDI,NY.GDP.MKTP.CD
Serbia,SRB,Europe & Central Asia,Upper middle income,GDP growth (annual %),gdp_real_growth_yoy_pct_annual,2025,annual,2.03039196235113,percent per year,observed,WB_WDI,NY.GDP.MKTP.KD.ZG
Serbia,SRB,Europe & Central Asia,Upper middle income,GDP per capita (constant 2015 US$),gdp_per_capita_real_2015_usd_annual,2025,annual,8804.37834719475,constant 2015 US dollars per person,observed,WB_WDI,NY.GDP.PCAP.KD
Serbia,SRB,Europe & Central Asia,Upper middle income,GDP per capita (constant LCU),gdp_per_capita_real_lcu_annual,2025,annual,1134742.33224103,constant local currency units per person (source base year varies),observed,WB_WDI,NY.GDP.PCAP.KN
Serbia,SRB,Europe & Central Asia,Upper middle income,GDP per capita (current LCU),gdp_per_capita_nominal_lcu_annual,2025,annual,1586877.38126958,current local currency units per person,observed,WB_WDI,NY.GDP.PCAP.CN
Serbia,SRB,Europe & Central Asia,Upper middle income,GDP per capita (current US$),gdp_per_capita_nominal_usd_annual,2025,annual,15262.0464193413,current US dollars per person,observed,WB_WDI,NY.GDP.PCAP.CD
Serbia,SRB,Europe & Central Asia,Upper middle income,GDP per capita growth (annual %),gdp_per_capita_real_growth_yoy_pct_annual,2025,annual,2.61201014096326,percent per year,observed,WB_WDI,NY.GDP.PCAP.KD.ZG
Serbia,SRB,Europe & Central Asia,Upper middle income,"GNI per capita, PPP (current international $)",gni_per_capita_ppp_current_intl_dollar_annual,2025,annual,31780.0,current international dollars per person,observed,WB_WDI,NY.GNP.PCAP.PP.CD
Serbia,SRB,Europe & Central Asia,Upper middle income,"Inflation, consumer prices (annual %)",inflation_consumer_prices_yoy_pct_annual_wdi,2025,annual,3.8903678606001,percent per year,observed,WB_WDI,FP.CPI.TOTL.ZG
Serbia,SRB,Europe & Central Asia,Upper middle income,"Life expectancy at birth, total (years)",life_expectancy_years_annual,2024,annual,75.9682926829268,years,observed,WB_WDI,SP.DYN.LE00.IN
Serbia,SRB,Europe & Central Asia,Upper middle income,"Nominal GDP growth, year over year (annual)",gdp_nominal_growth_yoy_pct_annual_lcu,2025,annual,6.610700569528372,percent per year,derived,WB_WDI,calculated:NY.GDP.MKTP.CN:year_over_year
Serbia,SRB,Europe & Central Asia,Upper middle income,"Nominal GDP per-capita growth, year over year (annual)",gdp_per_capita_nominal_growth_yoy_pct_annual_lcu,2025,annual,7.218428524829279,percent per year,derived,WB_WDI,calculated:NY.GDP.PCAP.CN:year_over_year
Serbia,SRB,Europe & Central Asia,Upper middle income,"Population, total",population_total_annual,2025,annual,6549143.0,people,observed,WB_WDI,SP.POP.TOTL
Serbia,SRB,Europe & Central Asia,Upper middle income,Poverty headcount ratio at $3.00 a day (2021 PPP) (% of population),poverty_headcount_at_3usd_2021_ppp_pct_annual,2023,annual,1.1,percent of population,observed,WB_WDI,SI.POV.DDAY
Serbia,SRB,Europe & Central Asia,Upper middle income,"Unemployment, total (% of total labor force) (modeled ILO estimate)",unemployment_rate_ilo_modeled_pct_annual,2025,annual,7.123,percent of labor force,observed,WB_WDI,SL.UEM.TOTL.ZS
South Sudan,SSD,Sub-Saharan Africa,Low income,Consumer price index (2010 = 100),cpi_index_annual_wdi,2024,annual,41280.7396930496,index points (2010=100),observed,WB_WDI,FP.CPI.TOTL
South Sudan,SSD,Sub-Saharan Africa,Low income,GDP (constant 2015 US$),gdp_real_constant_2015_usd_annual,2015,annual,11997800760.2242,constant 2015 US dollars,observed,WB_WDI,NY.GDP.MKTP.KD
South Sudan,SSD,Sub-Saharan Africa,Low income,GDP (constant LCU),gdp_real_constant_lcu_annual,2015,annual,15986592400.0,constant local currency units (source base year varies),observed,WB_WDI,NY.GDP.MKTP.KN
South Sudan,SSD,Sub-Saharan Africa,Low income,GDP (current LCU),gdp_nominal_current_lcu_annual,2015,annual,43242473500.0,current local currency units,observed,WB_WDI,NY.GDP.MKTP.CN
South Sudan,SSD,Sub-Saharan Africa,Low income,GDP (current US$),gdp_nominal_current_usd_annual,2015,annual,11997800760.2242,current US dollars,observed,WB_WDI,NY.GDP.MKTP.CD
South Sudan,SSD,Sub-Saharan Africa,Low income,GDP growth (annual %),gdp_real_growth_yoy_pct_annual,2015,annual,-10.7933646271143,percent per year,observed,WB_WDI,NY.GDP.MKTP.KD.ZG
South Sudan,SSD,Sub-Saharan Africa,Low income,GDP per capita (constant 2015 US$),gdp_per_capita_real_2015_usd_annual,2015,annual,1080.14718624765,constant 2015 US dollars per person,observed,WB_WDI,NY.GDP.PCAP.KD
South Sudan,SSD,Sub-Saharan Africa,Low income,GDP per capita (constant LCU),gdp_per_capita_real_lcu_annual,2015,annual,1439.25317178092,constant local currency units per person (source base year varies),observed,WB_WDI,NY.GDP.PCAP.KN
South Sudan,SSD,Sub-Saharan Africa,Low income,GDP per capita (current LCU),gdp_per_capita_nominal_lcu_annual,2015,annual,3893.0664886738,current local currency units per person,observed,WB_WDI,NY.GDP.PCAP.CN
South Sudan,SSD,Sub-Saharan Africa,Low income,GDP per capita (current US$),gdp_per_capita_nominal_usd_annual,2015,annual,1080.14718624765,current US dollars per person,observed,WB_WDI,NY.GDP.PCAP.CD
South Sudan,SSD,Sub-Saharan Africa,Low income,GDP per capita growth (annual %),gdp_per_capita_real_growth_yoy_pct_annual,2015,annual,-9.76929494253935,percent per year,observed,WB_WDI,NY.GDP.PCAP.KD.ZG
South Sudan,SSD,Sub-Saharan Africa,Low income,"GNI per capita, PPP (current international $)",gni_per_capita_ppp_current_intl_dollar_annual,2015,annual,1010.0,current international dollars per person,observed,WB_WDI,NY.GNP.PCAP.PP.CD
South Sudan,SSD,Sub-Saharan Africa,Low income,"Inflation, consumer prices (annual %)",inflation_consumer_prices_yoy_pct_annual_wdi,2024,annual,91.4408220769046,percent per year,observed,WB_WDI,FP.CPI.TOTL.ZG
South Sudan,SSD,Sub-Saharan Africa,Low income,"Life expectancy at birth, total (years)",life_expectancy_years_annual,2024,annual,57.738,years,observed,WB_WDI,SP.DYN.LE00.IN
South Sudan,SSD,Sub-Saharan Africa,Low income,"Nominal GDP growth, year over year (annual)",gdp_nominal_growth_yoy_pct_annual_lcu,2015,annual,4.986693394303132,percent per year,derived,WB_WDI,calculated:NY.GDP.MKTP.CN:year_over_year
South Sudan,SSD,Sub-Saharan Africa,Low income,"Nominal GDP per-capita growth, year over year (annual)",gdp_per_capita_nominal_growth_yoy_pct_annual_lcu,2015,annual,6.191914166720647,percent per year,derived,WB_WDI,calculated:NY.GDP.PCAP.CN:year_over_year
South Sudan,SSD,Sub-Saharan Africa,Low income,"Population, total",population_total_annual,2025,annual,12188788.0,people,observed,WB_WDI,SP.POP.TOTL
South Sudan,SSD,Sub-Saharan Africa,Low income,Poverty headcount ratio at $3.00 a day (2021 PPP) (% of population),poverty_headcount_at_3usd_2021_ppp_pct_annual,2016,annual,76.5,percent of population,observed,WB_WDI,SI.POV.DDAY
South Sudan,SSD,Sub-Saharan Africa,Low income,"Unemployment, total (% of total labor force) (modeled ILO estimate)",unemployment_rate_ilo_modeled_pct_annual,2023,annual,12.374,percent of labor force,observed,WB_WDI,SL.UEM.TOTL.ZS
Sao Tome and Principe,STP,Sub-Saharan Africa,Lower middle income,Consumer price index (2010 = 100),cpi_index_annual_wdi,2025,annual,430.233154825228,index points (2010=100),observed,WB_WDI,FP.CPI.TOTL
Sao Tome and Principe,STP,Sub-Saharan Africa,Lower middle income,GDP (constant 2015 US$),gdp_real_constant_2015_usd_annual,2025,annual,326781365.560781,constant 2015 US dollars,observed,WB_WDI,NY.GDP.MKTP.KD
Sao Tome and Principe,STP,Sub-Saharan Africa,Lower middle income,GDP (constant LCU),gdp_real_constant_lcu_annual,2025,annual,4278959000.0,constant local currency units (source base year varies),observed,WB_WDI,NY.GDP.MKTP.KN
Sao Tome and Principe,STP,Sub-Saharan Africa,Lower middle income,GDP (current LCU),gdp_nominal_current_lcu_annual,2025,annual,21284257900.0,current local currency units,observed,WB_WDI,NY.GDP.MKTP.CN
Sao Tome and Principe,STP,Sub-Saharan Africa,Lower middle income,GDP (current US$),gdp_nominal_current_usd_annual,2025,annual,981293586.906408,current US dollars,observed,WB_WDI,NY.GDP.MKTP.CD
Sao Tome and Principe,STP,Sub-Saharan Africa,Lower middle income,GDP growth (annual %),gdp_real_growth_yoy_pct_annual,2025,annual,1.02847453097097,percent per year,observed,WB_WDI,NY.GDP.MKTP.KD.ZG
Sao Tome and Principe,STP,Sub-Saharan Africa,Lower middle income,GDP per capita (constant 2015 US$),gdp_per_capita_real_2015_usd_annual,2025,annual,1360.14953158233,constant 2015 US dollars per person,observed,WB_WDI,NY.GDP.PCAP.KD
Sao Tome and Principe,STP,Sub-Saharan Africa,Lower middle income,GDP per capita (constant LCU),gdp_per_capita_real_lcu_annual,2025,annual,17810.1467613442,constant local currency units per person (source base year varies),observed,WB_WDI,NY.GDP.PCAP.KN
Sao Tome and Principe,STP,Sub-Saharan Africa,Lower middle income,GDP per capita (current LCU),gdp_per_capita_nominal_lcu_annual,2025,annual,88590.6494793011,current local currency units per person,observed,WB_WDI,NY.GDP.PCAP.CN
Sao Tome and Principe,STP,Sub-Saharan Africa,Lower middle income,GDP per capita (current US$),gdp_per_capita_nominal_usd_annual,2025,annual,4084.40062145233,current US dollars per person,observed,WB_WDI,NY.GDP.PCAP.CD
Sao Tome and Principe,STP,Sub-Saharan Africa,Lower middle income,GDP per capita growth (annual %),gdp_per_capita_real_growth_yoy_pct_annual,2025,annual,-0.955477215252273,percent per year,observed,WB_WDI,NY.GDP.PCAP.KD.ZG
Sao Tome and Principe,STP,Sub-Saharan Africa,Lower middle income,"GNI per capita, PPP (current international $)",gni_per_capita_ppp_current_intl_dollar_annual,2025,annual,6920.0,current international dollars per person,observed,WB_WDI,NY.GNP.PCAP.PP.CD
Sao Tome and Principe,STP,Sub-Saharan Africa,Lower middle income,"Inflation, consumer prices (annual %)",inflation_consumer_prices_yoy_pct_annual_wdi,2025,annual,11.0474362281814,percent per year,observed,WB_WDI,FP.CPI.TOTL.ZG
Sao Tome and Principe,STP,Sub-Saharan Africa,Lower middle income,"Life expectancy at birth, total (years)",life_expectancy_years_annual,2024,annual,69.905,years,observed,WB_WDI,SP.DYN.LE00.IN
Sao Tome and Principe,STP,Sub-Saharan Africa,Lower middle income,"Nominal GDP growth, year over year (annual)",gdp_nominal_growth_yoy_pct_annual_lcu,2025,annual,13.089363504123174,percent per year,derived,WB_WDI,calculated:NY.GDP.MKTP.CN:year_over_year
Sao Tome and Principe,STP,Sub-Saharan Africa,Lower middle income,"Nominal GDP per-capita growth, year over year (annual)",gdp_per_capita_nominal_growth_yoy_pct_annual_lcu,2025,annual,10.868565444517774,percent per year,derived,WB_WDI,calculated:NY.GDP.PCAP.CN:year_over_year
Sao Tome and Principe,STP,Sub-Saharan Africa,Lower middle income,"Population, total",population_total_annual,2025,annual,240254.0,people,observed,WB_WDI,SP.POP.TOTL
Sao Tome and Principe,STP,Sub-Saharan Africa,Lower middle income,Poverty headcount ratio at $3.00 a day (2021 PPP) (% of population),poverty_headcount_at_3usd_2021_ppp_pct_annual,2017,annual,13.0,percent of population,observed,WB_WDI,SI.POV.DDAY
Sao Tome and Principe,STP,Sub-Saharan Africa,Lower middle income,"Unemployment, total (% of total labor force) (modeled ILO estimate)",unemployment_rate_ilo_modeled_pct_annual,2025,annual,9.132,percent of labor force,observed,WB_WDI,SL.UEM.TOTL.ZS
Suriname,SUR,Latin America & Caribbean,Upper middle income,Consumer price index (2010 = 100),cpi_index_annual_wdi,2025,annual,1855.22687055018,index points (2010=100),observed,WB_WDI,FP.CPI.TOTL
Suriname,SUR,Latin America & Caribbean,Upper middle income,GDP (constant 2015 US$),gdp_real_constant_2015_usd_annual,2025,annual,4679619055.64692,constant 2015 US dollars,observed,WB_WDI,NY.GDP.MKTP.KD
Suriname,SUR,Latin America & Caribbean,Upper middle income,GDP (constant LCU),gdp_real_constant_lcu_annual,2025,annual,15988700000.0,constant local currency units (source base year varies),observed,WB_WDI,NY.GDP.MKTP.KN
Suriname,SUR,Latin America & Caribbean,Upper middle income,GDP (current LCU),gdp_nominal_current_lcu_annual,2025,annual,168552300000.0,current local currency units,observed,WB_WDI,NY.GDP.MKTP.CN
Suriname,SUR,Latin America & Caribbean,Upper middle income,GDP (current US$),gdp_nominal_current_usd_annual,2025,annual,4523657796.86421,current US dollars,observed,WB_WDI,NY.GDP.MKTP.CD
Suriname,SUR,Latin America & Caribbean,Upper middle income,GDP growth (annual %),gdp_real_growth_yoy_pct_annual,2025,annual,1.79169153226913,percent per year,observed,WB_WDI,NY.GDP.MKTP.KD.ZG
Suriname,SUR,Latin America & Caribbean,Upper middle income,GDP per capita (constant 2015 US$),gdp_per_capita_real_2015_usd_annual,2025,annual,7313.61890387891,constant 2015 US dollars per person,observed,WB_WDI,NY.GDP.PCAP.KD
Suriname,SUR,Latin America & Caribbean,Upper middle income,GDP per capita (constant LCU),gdp_per_capita_real_lcu_annual,2025,annual,24988.2003594592,constant local currency units per person (source base year varies),observed,WB_WDI,NY.GDP.PCAP.KN
Suriname,SUR,Latin America & Caribbean,Upper middle income,GDP per capita (current LCU),gdp_per_capita_nominal_lcu_annual,2025,annual,263424.708916152,current local currency units per person,observed,WB_WDI,NY.GDP.PCAP.CN
Suriname,SUR,Latin America & Caribbean,Upper middle income,GDP per capita (current US$),gdp_per_capita_nominal_usd_annual,2025,annual,7069.87230892274,current US dollars per person,observed,WB_WDI,NY.GDP.PCAP.CD
Suriname,SUR,Latin America & Caribbean,Upper middle income,GDP per capita growth (annual %),gdp_per_capita_real_growth_yoy_pct_annual,2025,annual,0.929600141453506,percent per year,observed,WB_WDI,NY.GDP.PCAP.KD.ZG
Suriname,SUR,Latin America & Caribbean,Upper middle income,"GNI per capita, PPP (current international $)",gni_per_capita_ppp_current_intl_dollar_annual,2025,annual,21000.0,current international dollars per person,observed,WB_WDI,NY.GNP.PCAP.PP.CD
Suriname,SUR,Latin America & Caribbean,Upper middle income,"Inflation, consumer prices (annual %)",inflation_consumer_prices_yoy_pct_annual_wdi,2025,annual,9.2054681878919,percent per year,observed,WB_WDI,FP.CPI.TOTL.ZG
Suriname,SUR,Latin America & Caribbean,Upper middle income,"Life expectancy at birth, total (years)",life_expectancy_years_annual,2024,annual,73.757,years,observed,WB_WDI,SP.DYN.LE00.IN
Suriname,SUR,Latin America & Caribbean,Upper middle income,"Nominal GDP growth, year over year (annual)",gdp_nominal_growth_yoy_pct_annual_lcu,2025,annual,15.012697457124702,percent per year,derived,WB_WDI,calculated:NY.GDP.MKTP.CN:year_over_year
Suriname,SUR,Latin America & Caribbean,Upper middle income,"Nominal GDP per-capita growth, year over year (annual)",gdp_per_capita_nominal_growth_yoy_pct_annual_lcu,2025,annual,14.038635087006446,percent per year,derived,WB_WDI,calculated:NY.GDP.PCAP.CN:year_over_year
Suriname,SUR,Latin America & Caribbean,Upper middle income,"Population, total",population_total_annual,2025,annual,639850.0,people,observed,WB_WDI,SP.POP.TOTL
Suriname,SUR,Latin America & Caribbean,Upper middle income,Poverty headcount ratio at $3.00 a day (2021 PPP) (% of population),poverty_headcount_at_3usd_2021_ppp_pct_annual,2022,annual,2.2,percent of population,observed,WB_WDI,SI.POV.DDAY
Suriname,SUR,Latin America & Caribbean,Upper middle income,"Unemployment, total (% of total labor force) (modeled ILO estimate)",unemployment_rate_ilo_modeled_pct_annual,2025,annual,7.834,percent of labor force,observed,WB_WDI,SL.UEM.TOTL.ZS
Slovak Republic,SVK,Europe & Central Asia,High income,Consumer price index (2010 = 100),cpi_index_annual_wdi,2025,annual,161.555518598592,index points (2010=100),observed,WB_WDI,FP.CPI.TOTL
Slovak Republic,SVK,Europe & Central Asia,High income,GDP (constant 2015 US$),gdp_real_constant_2015_usd_annual,2025,annual,108093566997.137,constant 2015 US dollars,observed,WB_WDI,NY.GDP.MKTP.KD
Slovak Republic,SVK,Europe & Central Asia,High income,GDP (constant LCU),gdp_real_constant_lcu_annual,2025,annual,105140428000.0,constant local currency units (source base year varies),observed,WB_WDI,NY.GDP.MKTP.KN
Slovak Republic,SVK,Europe & Central Asia,High income,GDP (current LCU),gdp_nominal_current_lcu_annual,2025,annual,136754312000.0,current local currency units,observed,WB_WDI,NY.GDP.MKTP.CN
Slovak Republic,SVK,Europe & Central Asia,High income,GDP (current US$),gdp_nominal_current_usd_annual,2025,annual,154530066506.895,current US dollars,observed,WB_WDI,NY.GDP.MKTP.CD
Slovak Republic,SVK,Europe & Central Asia,High income,GDP growth (annual %),gdp_real_growth_yoy_pct_annual,2025,annual,0.807418690144758,percent per year,observed,WB_WDI,NY.GDP.MKTP.KD.ZG
Slovak Republic,SVK,Europe & Central Asia,High income,GDP per capita (constant 2015 US$),gdp_per_capita_real_2015_usd_annual,2025,annual,19966.2542827277,constant 2015 US dollars per person,observed,WB_WDI,NY.GDP.PCAP.KD
Slovak Republic,SVK,Europe & Central Asia,High income,GDP per capita (constant LCU),gdp_per_capita_real_lcu_annual,2025,annual,19420.7720141054,constant local currency units per person (source base year varies),observed,WB_WDI,NY.GDP.PCAP.KN
Slovak Republic,SVK,Europe & Central Asia,High income,GDP per capita (current LCU),gdp_per_capita_nominal_lcu_annual,2025,annual,25260.2577887341,current local currency units per person,observed,WB_WDI,NY.GDP.PCAP.CN
Slovak Republic,SVK,Europe & Central Asia,High income,GDP per capita (current US$),gdp_per_capita_nominal_usd_annual,2025,annual,28543.6653439813,current US dollars per person,observed,WB_WDI,NY.GDP.PCAP.CD
Slovak Republic,SVK,Europe & Central Asia,High income,GDP per capita growth (annual %),gdp_per_capita_real_growth_yoy_pct_annual,2025,annual,0.961148796579153,percent per year,observed,WB_WDI,NY.GDP.PCAP.KD.ZG
Slovak Republic,SVK,Europe & Central Asia,High income,"GNI per capita, PPP (current international $)",gni_per_capita_ppp_current_intl_dollar_annual,2025,annual,47920.0,current international dollars per person,observed,WB_WDI,NY.GNP.PCAP.PP.CD
Slovak Republic,SVK,Europe & Central Asia,High income,"Inflation, consumer prices (annual %)",inflation_consumer_prices_yoy_pct_annual_wdi,2025,annual,4.00042823495829,percent per year,observed,WB_WDI,FP.CPI.TOTL.ZG
Slovak Republic,SVK,Europe & Central Asia,High income,"Life expectancy at birth, total (years)",life_expectancy_years_annual,2024,annual,78.3707317073171,years,observed,WB_WDI,SP.DYN.LE00.IN
Slovak Republic,SVK,Europe & Central Asia,High income,"Nominal GDP growth, year over year (annual)",gdp_nominal_growth_yoy_pct_annual_lcu,2025,annual,5.027967662697219,percent per year,derived,WB_WDI,calculated:NY.GDP.MKTP.CN:year_over_year
Slovak Republic,SVK,Europe & Central Asia,High income,"Nominal GDP per-capita growth, year over year (annual)",gdp_per_capita_nominal_growth_yoy_pct_annual_lcu,2025,annual,5.188134055777938,percent per year,derived,WB_WDI,calculated:NY.GDP.PCAP.CN:year_over_year
Slovak Republic,SVK,Europe & Central Asia,High income,"Population, total",population_total_annual,2025,annual,5413813.0,people,observed,WB_WDI,SP.POP.TOTL
Slovak Republic,SVK,Europe & Central Asia,High income,Poverty headcount ratio at $3.00 a day (2021 PPP) (% of population),poverty_headcount_at_3usd_2021_ppp_pct_annual,2023,annual,0.5,percent of population,observed,WB_WDI,SI.POV.DDAY
Slovak Republic,SVK,Europe & Central Asia,High income,"Unemployment, total (% of total labor force) (modeled ILO estimate)",unemployment_rate_ilo_modeled_pct_annual,2025,annual,5.359,percent of labor force,observed,WB_WDI,SL.UEM.TOTL.ZS
Slovenia,SVN,Europe & Central Asia,High income,Consumer price index (2010 = 100),cpi_index_annual_wdi,2025,annual,138.078841654527,index points (2010=100),observed,WB_WDI,FP.CPI.TOTL
Slovenia,SVN,Europe & Central Asia,High income,GDP (constant 2015 US$),gdp_real_constant_2015_usd_annual,2025,annual,56188114316.4633,constant 2015 US dollars,observed,WB_WDI,NY.GDP.MKTP.KD
Slovenia,SVN,Europe & Central Asia,High income,GDP (constant LCU),gdp_real_constant_lcu_annual,2025,annual,54757316000.0,constant local currency units (source base year varies),observed,WB_WDI,NY.GDP.MKTP.KN
Slovenia,SVN,Europe & Central Asia,High income,GDP (current LCU),gdp_nominal_current_lcu_annual,2025,annual,70486189000.0,current local currency units,observed,WB_WDI,NY.GDP.MKTP.CN
Slovenia,SVN,Europe & Central Asia,High income,GDP (current US$),gdp_nominal_current_usd_annual,2025,annual,79648204979.3618,current US dollars,observed,WB_WDI,NY.GDP.MKTP.CD
Slovenia,SVN,Europe & Central Asia,High income,GDP growth (annual %),gdp_real_growth_yoy_pct_annual,2025,annual,1.05992996255246,percent per year,observed,WB_WDI,NY.GDP.MKTP.KD.ZG
Slovenia,SVN,Europe & Central Asia,High income,GDP per capita (constant 2015 US$),gdp_per_capita_real_2015_usd_annual,2025,annual,26367.1907353982,constant 2015 US dollars per person,observed,WB_WDI,NY.GDP.PCAP.KD
Slovenia,SVN,Europe & Central Asia,High income,GDP per capita (constant LCU),gdp_per_capita_real_lcu_annual,2025,annual,25695.765246698,constant local currency units per person (source base year varies),observed,WB_WDI,NY.GDP.PCAP.KN
Slovenia,SVN,Europe & Central Asia,High income,GDP per capita (current LCU),gdp_per_capita_nominal_lcu_annual,2025,annual,33076.795905745,current local currency units per person,observed,WB_WDI,NY.GDP.PCAP.CN
Slovenia,SVN,Europe & Central Asia,High income,GDP per capita (current US$),gdp_per_capita_nominal_usd_annual,2025,annual,37376.2216079138,current US dollars per person,observed,WB_WDI,NY.GDP.PCAP.CD
Slovenia,SVN,Europe & Central Asia,High income,GDP per capita growth (annual %),gdp_per_capita_real_growth_yoy_pct_annual,2025,annual,0.889867414583748,percent per year,observed,WB_WDI,NY.GDP.PCAP.KD.ZG
Slovenia,SVN,Europe & Central Asia,High income,"GNI per capita, PPP (current international $)",gni_per_capita_ppp_current_intl_dollar_annual,2025,annual,58880.0,current international dollars per person,observed,WB_WDI,NY.GNP.PCAP.PP.CD
Slovenia,SVN,Europe & Central Asia,High income,"Inflation, consumer prices (annual %)",inflation_consumer_prices_yoy_pct_annual_wdi,2025,annual,2.37284807226549,percent per year,observed,WB_WDI,FP.CPI.TOTL.ZG
Slovenia,SVN,Europe & Central Asia,High income,"Life expectancy at birth, total (years)",life_expectancy_years_annual,2024,annual,82.2853658536585,years,observed,WB_WDI,SP.DYN.LE00.IN
Slovenia,SVN,Europe & Central Asia,High income,"Nominal GDP growth, year over year (annual)",gdp_nominal_growth_yoy_pct_annual_lcu,2025,annual,4.5508666354525,percent per year,derived,WB_WDI,calculated:NY.GDP.MKTP.CN:year_over_year
Slovenia,SVN,Europe & Central Asia,High income,"Nominal GDP per-capita growth, year over year (annual)",gdp_per_capita_nominal_growth_yoy_pct_annual_lcu,2025,annual,4.37492957732295,percent per year,derived,WB_WDI,calculated:NY.GDP.PCAP.CN:year_over_year
Slovenia,SVN,Europe & Central Asia,High income,"Population, total",population_total_annual,2025,annual,2130986.0,people,observed,WB_WDI,SP.POP.TOTL
Slovenia,SVN,Europe & Central Asia,High income,Poverty headcount ratio at $3.00 a day (2021 PPP) (% of population),poverty_headcount_at_3usd_2021_ppp_pct_annual,2023,annual,0.0,percent of population,observed,WB_WDI,SI.POV.DDAY
Slovenia,SVN,Europe & Central Asia,High income,"Unemployment, total (% of total labor force) (modeled ILO estimate)",unemployment_rate_ilo_modeled_pct_annual,2025,annual,3.175,percent of labor force,observed,WB_WDI,SL.UEM.TOTL.ZS
Sweden,SWE,Europe & Central Asia,High income,Consumer price index (2010 = 100),cpi_index_annual_wdi,2025,annual,138.186391600338,index points (2010=100),observed,WB_WDI,FP.CPI.TOTL
Sweden,SWE,Europe & Central Asia,High income,GDP (constant 2015 US$),gdp_real_constant_2015_usd_annual,2025,annual,582966494884.607,constant 2015 US dollars,observed,WB_WDI,NY.GDP.MKTP.KD
Sweden,SWE,Europe & Central Asia,High income,GDP (constant LCU),gdp_real_constant_lcu_annual,2025,annual,5467483000000.0,constant local currency units (source base year varies),observed,WB_WDI,NY.GDP.MKTP.KN
Sweden,SWE,Europe & Central Asia,High income,GDP (current LCU),gdp_nominal_current_lcu_annual,2025,annual,6570039000000.0,current local currency units,observed,WB_WDI,NY.GDP.MKTP.CN
Sweden,SWE,Europe & Central Asia,High income,GDP (current US$),gdp_nominal_current_usd_annual,2025,annual,668998664082.081,current US dollars,observed,WB_WDI,NY.GDP.MKTP.CD
Sweden,SWE,Europe & Central Asia,High income,GDP growth (annual %),gdp_real_growth_yoy_pct_annual,2025,annual,1.54316373266217,percent per year,observed,WB_WDI,NY.GDP.MKTP.KD.ZG
Sweden,SWE,Europe & Central Asia,High income,GDP per capita (constant 2015 US$),gdp_per_capita_real_2015_usd_annual,2025,annual,55014.3814616932,constant 2015 US dollars per person,observed,WB_WDI,NY.GDP.PCAP.KD
Sweden,SWE,Europe & Central Asia,High income,GDP per capita (constant LCU),gdp_per_capita_real_lcu_annual,2025,annual,515964.807646212,constant local currency units per person (source base year varies),observed,WB_WDI,NY.GDP.PCAP.KN
Sweden,SWE,Europe & Central Asia,High income,GDP per capita (current LCU),gdp_per_capita_nominal_lcu_annual,2025,annual,620012.70216352,current local currency units per person,observed,WB_WDI,NY.GDP.PCAP.CN
Sweden,SWE,Europe & Central Asia,High income,GDP per capita (current US$),gdp_per_capita_nominal_usd_annual,2025,annual,63133.2126736715,current US dollars per person,observed,WB_WDI,NY.GDP.PCAP.CD
Sweden,SWE,Europe & Central Asia,High income,GDP per capita growth (annual %),gdp_per_capita_real_growth_yoy_pct_annual,2025,annual,1.28528640204073,percent per year,observed,WB_WDI,NY.GDP.PCAP.KD.ZG
Sweden,SWE,Europe & Central Asia,High income,"GNI per capita, PPP (current international $)",gni_per_capita_ppp_current_intl_dollar_annual,2025,annual,76090.0,current international dollars per person,observed,WB_WDI,NY.GNP.PCAP.PP.CD
Sweden,SWE,Europe & Central Asia,High income,"Inflation, consumer prices (annual %)",inflation_consumer_prices_yoy_pct_annual_wdi,2025,annual,0.679869285243995,percent per year,observed,WB_WDI,FP.CPI.TOTL.ZG
Sweden,SWE,Europe & Central Asia,High income,"Life expectancy at birth, total (years)",life_expectancy_years_annual,2024,annual,84.0634146341463,years,observed,WB_WDI,SP.DYN.LE00.IN
Sweden,SWE,Europe & Central Asia,High income,"Nominal GDP growth, year over year (annual)",gdp_nominal_growth_yoy_pct_annual_lcu,2025,annual,2.7918379071518284,percent per year,derived,WB_WDI,calculated:NY.GDP.MKTP.CN:year_over_year
Sweden,SWE,Europe & Central Asia,High income,"Nominal GDP per-capita growth, year over year (annual)",gdp_per_capita_nominal_growth_yoy_pct_annual_lcu,2025,annual,2.5307894643540996,percent per year,derived,WB_WDI,calculated:NY.GDP.PCAP.CN:year_over_year
Sweden,SWE,Europe & Central Asia,High income,"Population, total",population_total_annual,2025,annual,10596620.0,people,observed,WB_WDI,SP.POP.TOTL
Sweden,SWE,Europe & Central Asia,High income,Poverty headcount ratio at $3.00 a day (2021 PPP) (% of population),poverty_headcount_at_3usd_2021_ppp_pct_annual,2023,annual,0.8,percent of population,observed,WB_WDI,SI.POV.DDAY
Sweden,SWE,Europe & Central Asia,High income,"Unemployment, total (% of total labor force) (modeled ILO estimate)",unemployment_rate_ilo_modeled_pct_annual,2025,annual,8.694,percent of labor force,observed,WB_WDI,SL.UEM.TOTL.ZS
Eswatini,SWZ,Sub-Saharan Africa,Lower middle income,Consumer price index (2010 = 100),cpi_index_annual_wdi,2019,annual,166.821866435163,index points (2010=100),observed,WB_WDI,FP.CPI.TOTL
Eswatini,SWZ,Sub-Saharan Africa,Lower middle income,GDP (constant 2015 US$),gdp_real_constant_2015_usd_annual,2025,annual,5006737885.86805,constant 2015 US dollars,observed,WB_WDI,NY.GDP.MKTP.KD
Eswatini,SWZ,Sub-Saharan Africa,Lower middle income,GDP (constant LCU),gdp_real_constant_lcu_annual,2025,annual,75309999400.0,constant local currency units (source base year varies),observed,WB_WDI,NY.GDP.MKTP.KN
Eswatini,SWZ,Sub-Saharan Africa,Lower middle income,GDP (current LCU),gdp_nominal_current_lcu_annual,2025,annual,92318989900.0,current local currency units,observed,WB_WDI,NY.GDP.MKTP.CN
Eswatini,SWZ,Sub-Saharan Africa,Lower middle income,GDP (current US$),gdp_nominal_current_usd_annual,2025,annual,5160679612.81734,current US dollars,observed,WB_WDI,NY.GDP.MKTP.CD
Eswatini,SWZ,Sub-Saharan Africa,Lower middle income,GDP growth (annual %),gdp_real_growth_yoy_pct_annual,2025,annual,4.1939175580556,percent per year,observed,WB_WDI,NY.GDP.MKTP.KD.ZG
Eswatini,SWZ,Sub-Saharan Africa,Lower middle income,GDP per capita (constant 2015 US$),gdp_per_capita_real_2015_usd_annual,2025,annual,3985.70411891032,constant 2015 US dollars per person,observed,WB_WDI,NY.GDP.PCAP.KD
Eswatini,SWZ,Sub-Saharan Africa,Lower middle income,GDP per capita (constant LCU),gdp_per_capita_real_lcu_annual,2025,annual,59951.8851687744,constant local currency units per person (source base year varies),observed,WB_WDI,NY.GDP.PCAP.KN
Eswatini,SWZ,Sub-Saharan Africa,Lower middle income,GDP per capita (current LCU),gdp_per_capita_nominal_lcu_annual,2025,annual,73492.199249467,current local currency units per person,observed,WB_WDI,NY.GDP.PCAP.CN
Eswatini,SWZ,Sub-Saharan Africa,Lower middle income,GDP per capita (current US$),gdp_per_capita_nominal_usd_annual,2025,annual,4108.25221093363,current US dollars per person,observed,WB_WDI,NY.GDP.PCAP.CD
Eswatini,SWZ,Sub-Saharan Africa,Lower middle income,GDP per capita growth (annual %),gdp_per_capita_real_growth_yoy_pct_annual,2025,annual,3.08642991125257,percent per year,observed,WB_WDI,NY.GDP.PCAP.KD.ZG
Eswatini,SWZ,Sub-Saharan Africa,Lower middle income,"GNI per capita, PPP (current international $)",gni_per_capita_ppp_current_intl_dollar_annual,2025,annual,11390.0,current international dollars per person,observed,WB_WDI,NY.GNP.PCAP.PP.CD
Eswatini,SWZ,Sub-Saharan Africa,Lower middle income,"Inflation, consumer prices (annual %)",inflation_consumer_prices_yoy_pct_annual_wdi,2019,annual,2.59801620311077,percent per year,observed,WB_WDI,FP.CPI.TOTL.ZG
Eswatini,SWZ,Sub-Saharan Africa,Lower middle income,"Life expectancy at birth, total (years)",life_expectancy_years_annual,2024,annual,64.264,years,observed,WB_WDI,SP.DYN.LE00.IN
Eswatini,SWZ,Sub-Saharan Africa,Lower middle income,"Nominal GDP growth, year over year (annual)",gdp_nominal_growth_yoy_pct_annual_lcu,2025,annual,3.725064786741661,percent per year,derived,WB_WDI,calculated:NY.GDP.MKTP.CN:year_over_year
Eswatini,SWZ,Sub-Saharan Africa,Lower middle income,"Nominal GDP per-capita growth, year over year (annual)",gdp_per_capita_nominal_growth_yoy_pct_annual_lcu,2025,annual,2.622560623279657,percent per year,derived,WB_WDI,calculated:NY.GDP.PCAP.CN:year_over_year
Eswatini,SWZ,Sub-Saharan Africa,Lower middle income,"Population, total",population_total_annual,2025,annual,1256174.0,people,observed,WB_WDI,SP.POP.TOTL
Eswatini,SWZ,Sub-Saharan Africa,Lower middle income,Poverty headcount ratio at $3.00 a day (2021 PPP) (% of population),poverty_headcount_at_3usd_2021_ppp_pct_annual,2016,annual,44.5,percent of population,observed,WB_WDI,SI.POV.DDAY
Eswatini,SWZ,Sub-Saharan Africa,Lower middle income,"Unemployment, total (% of total labor force) (modeled ILO estimate)",unemployment_rate_ilo_modeled_pct_annual,2025,annual,34.202,percent of labor force,observed,WB_WDI,SL.UEM.TOTL.ZS
Sint Maarten (Dutch part),SXM,Latin America & Caribbean,High income,Consumer price index (2010 = 100),cpi_index_annual_wdi,2017,annual,116.643546314853,index points (2010=100),observed,WB_WDI,FP.CPI.TOTL
Sint Maarten (Dutch part),SXM,Latin America & Caribbean,High income,GDP (constant 2015 US$),gdp_real_constant_2015_usd_annual,2025,annual,1561672780.75933,constant 2015 US dollars,observed,WB_WDI,NY.GDP.MKTP.KD
Sint Maarten (Dutch part),SXM,Latin America & Caribbean,High income,GDP (constant LCU),gdp_real_constant_lcu_annual,2025,annual,2854870484.4,constant local currency units (source base year varies),observed,WB_WDI,NY.GDP.MKTP.KN
Sint Maarten (Dutch part),SXM,Latin America & Caribbean,High income,GDP (current LCU),gdp_nominal_current_lcu_annual,2025,annual,3379033980.0,current local currency units,observed,WB_WDI,NY.GDP.MKTP.CN
Sint Maarten (Dutch part),SXM,Latin America & Caribbean,High income,GDP (current US$),gdp_nominal_current_usd_annual,2025,annual,1887728480.44693,current US dollars,observed,WB_WDI,NY.GDP.MKTP.CD
Sint Maarten (Dutch part),SXM,Latin America & Caribbean,High income,GDP growth (annual %),gdp_real_growth_yoy_pct_annual,2025,annual,3.40000000000001,percent per year,observed,WB_WDI,NY.GDP.MKTP.KD.ZG
Sint Maarten (Dutch part),SXM,Latin America & Caribbean,High income,GDP per capita (constant 2015 US$),gdp_per_capita_real_2015_usd_annual,2025,annual,35554.7840712003,constant 2015 US dollars per person,observed,WB_WDI,NY.GDP.PCAP.KD
Sint Maarten (Dutch part),SXM,Latin America & Caribbean,High income,GDP per capita (constant LCU),gdp_per_capita_real_lcu_annual,2025,annual,64997.1651389932,constant local currency units per person (source base year varies),observed,WB_WDI,NY.GDP.PCAP.KN
Sint Maarten (Dutch part),SXM,Latin America & Caribbean,High income,GDP per capita (current LCU),gdp_per_capita_nominal_lcu_annual,2025,annual,76930.8558158596,current local currency units per person,observed,WB_WDI,NY.GDP.PCAP.CN
Sint Maarten (Dutch part),SXM,Latin America & Caribbean,High income,GDP per capita (current US$),gdp_per_capita_nominal_usd_annual,2025,annual,42978.1317407037,current US dollars per person,observed,WB_WDI,NY.GDP.PCAP.CD
Sint Maarten (Dutch part),SXM,Latin America & Caribbean,High income,GDP per capita growth (annual %),gdp_per_capita_real_growth_yoy_pct_annual,2025,annual,2.0510894064613,percent per year,observed,WB_WDI,NY.GDP.PCAP.KD.ZG
Sint Maarten (Dutch part),SXM,Latin America & Caribbean,High income,"GNI per capita, PPP (current international $)",gni_per_capita_ppp_current_intl_dollar_annual,2024,annual,52060.0,current international dollars per person,observed,WB_WDI,NY.GNP.PCAP.PP.CD
Sint Maarten (Dutch part),SXM,Latin America & Caribbean,High income,"Inflation, consumer prices (annual %)",inflation_consumer_prices_yoy_pct_annual_wdi,2017,annual,2.19201010962985,percent per year,observed,WB_WDI,FP.CPI.TOTL.ZG
Sint Maarten (Dutch part),SXM,Latin America & Caribbean,High income,"Life expectancy at birth, total (years)",life_expectancy_years_annual,2024,annual,76.528,years,observed,WB_WDI,SP.DYN.LE00.IN
Sint Maarten (Dutch part),SXM,Latin America & Caribbean,High income,"Nominal GDP growth, year over year (annual)",gdp_nominal_growth_yoy_pct_annual_lcu,2025,annual,5.000000000000004,percent per year,derived,WB_WDI,calculated:NY.GDP.MKTP.CN:year_over_year
Sint Maarten (Dutch part),SXM,Latin America & Caribbean,High income,"Nominal GDP per-capita growth, year over year (annual)",gdp_per_capita_nominal_growth_yoy_pct_annual_lcu,2025,annual,3.6302165152654498,percent per year,derived,WB_WDI,calculated:NY.GDP.PCAP.CN:year_over_year
Sint Maarten (Dutch part),SXM,Latin America & Caribbean,High income,"Population, total",population_total_annual,2025,annual,43923.0,people,observed,WB_WDI,SP.POP.TOTL
Seychelles,SYC,Sub-Saharan Africa,High income,Consumer price index (2010 = 100),cpi_index_annual_wdi,2025,annual,147.523083759384,index points (2010=100),observed,WB_WDI,FP.CPI.TOTL
Seychelles,SYC,Sub-Saharan Africa,High income,GDP (constant 2015 US$),gdp_real_constant_2015_usd_annual,2025,annual,2132897396.95785,constant 2015 US dollars,observed,WB_WDI,NY.GDP.MKTP.KD
Seychelles,SYC,Sub-Saharan Africa,High income,GDP (constant LCU),gdp_real_constant_lcu_annual,2025,annual,28685000000.0,constant local currency units (source base year varies),observed,WB_WDI,NY.GDP.MKTP.KN
Seychelles,SYC,Sub-Saharan Africa,High income,GDP (current LCU),gdp_nominal_current_lcu_annual,2025,annual,35150000000.0,current local currency units,observed,WB_WDI,NY.GDP.MKTP.CN
Seychelles,SYC,Sub-Saharan Africa,High income,GDP (current US$),gdp_nominal_current_usd_annual,2025,annual,2387022853.48583,current US dollars,observed,WB_WDI,NY.GDP.MKTP.CD
Seychelles,SYC,Sub-Saharan Africa,High income,GDP growth (annual %),gdp_real_growth_yoy_pct_annual,2025,annual,5.79795669973812,percent per year,observed,WB_WDI,NY.GDP.MKTP.KD.ZG
Seychelles,SYC,Sub-Saharan Africa,High income,GDP per capita (constant 2015 US$),gdp_per_capita_real_2015_usd_annual,2025,annual,17378.7777801503,constant 2015 US dollars per person,observed,WB_WDI,NY.GDP.PCAP.KD
Seychelles,SYC,Sub-Saharan Africa,High income,GDP per capita (constant LCU),gdp_per_capita_real_lcu_annual,2025,annual,233724.43575328,constant local currency units per person (source base year varies),observed,WB_WDI,NY.GDP.PCAP.KN
Seychelles,SYC,Sub-Saharan Africa,High income,GDP per capita (current LCU),gdp_per_capita_nominal_lcu_annual,2025,annual,286401.042939787,current local currency units per person,observed,WB_WDI,NY.GDP.PCAP.CN
Seychelles,SYC,Sub-Saharan Africa,High income,GDP per capita (current US$),gdp_per_capita_nominal_usd_annual,2025,annual,19449.3836346926,current US dollars per person,observed,WB_WDI,NY.GDP.PCAP.CD
Seychelles,SYC,Sub-Saharan Africa,High income,GDP per capita growth (annual %),gdp_per_capita_real_growth_yoy_pct_annual,2025,annual,4.61179204220666,percent per year,observed,WB_WDI,NY.GDP.PCAP.KD.ZG
Seychelles,SYC,Sub-Saharan Africa,High income,"GNI per capita, PPP (current international $)",gni_per_capita_ppp_current_intl_dollar_annual,2025,annual,34930.0,current international dollars per person,observed,WB_WDI,NY.GNP.PCAP.PP.CD
Seychelles,SYC,Sub-Saharan Africa,High income,"Inflation, consumer prices (annual %)",inflation_consumer_prices_yoy_pct_annual_wdi,2025,annual,0.297589655467556,percent per year,observed,WB_WDI,FP.CPI.TOTL.ZG
Seychelles,SYC,Sub-Saharan Africa,High income,"Life expectancy at birth, total (years)",life_expectancy_years_annual,2024,annual,76.2951219512195,years,observed,WB_WDI,SP.DYN.LE00.IN
Seychelles,SYC,Sub-Saharan Africa,High income,"Nominal GDP growth, year over year (annual)",gdp_nominal_growth_yoy_pct_annual_lcu,2025,annual,8.551310953954472,percent per year,derived,WB_WDI,calculated:NY.GDP.MKTP.CN:year_over_year
Seychelles,SYC,Sub-Saharan Africa,High income,"Nominal GDP per-capita growth, year over year (annual)",gdp_per_capita_nominal_growth_yoy_pct_annual_lcu,2025,annual,7.334276782418536,percent per year,derived,WB_WDI,calculated:NY.GDP.PCAP.CN:year_over_year
Seychelles,SYC,Sub-Saharan Africa,High income,"Population, total",population_total_annual,2025,annual,122730.0,people,observed,WB_WDI,SP.POP.TOTL
Seychelles,SYC,Sub-Saharan Africa,High income,Poverty headcount ratio at $3.00 a day (2021 PPP) (% of population),poverty_headcount_at_3usd_2021_ppp_pct_annual,2018,annual,0.7,percent of population,observed,WB_WDI,SI.POV.DDAY
Syrian Arab Republic,SYR,"Middle East, North Africa, Afghanistan & Pakistan",Low income,Consumer price index (2010 = 100),cpi_index_annual_wdi,2019,annual,614.947220639849,index points (2010=100),observed,WB_WDI,FP.CPI.TOTL
Syrian Arab Republic,SYR,"Middle East, North Africa, Afghanistan & Pakistan",Low income,GDP (constant 2015 US$),gdp_real_constant_2015_usd_annual,2022,annual,16104116653.7273,constant 2015 US dollars,observed,WB_WDI,NY.GDP.MKTP.KD
Syrian Arab Republic,SYR,"Middle East, North Africa, Afghanistan & Pakistan",Low income,GDP (constant LCU),gdp_real_constant_lcu_annual,2022,annual,701388000000.0,constant local currency units (source base year varies),observed,WB_WDI,NY.GDP.MKTP.KN
Syrian Arab Republic,SYR,"Middle East, North Africa, Afghanistan & Pakistan",Low income,GDP (current LCU),gdp_nominal_current_lcu_annual,2022,annual,89021016000000.0,current local currency units,observed,WB_WDI,NY.GDP.MKTP.CN
Syrian Arab Republic,SYR,"Middle East, North Africa, Afghanistan & Pakistan",Low income,GDP (current US$),gdp_nominal_current_usd_annual,2022,annual,23737634644.3994,current US dollars,observed,WB_WDI,NY.GDP.MKTP.CD
Syrian Arab Republic,SYR,"Middle East, North Africa, Afghanistan & Pakistan",Low income,GDP growth (annual %),gdp_real_growth_yoy_pct_annual,2022,annual,-0.20247264200475,percent per year,observed,WB_WDI,NY.GDP.MKTP.KD.ZG
Syrian Arab Republic,SYR,"Middle East, North Africa, Afghanistan & Pakistan",Low income,GDP per capita (constant 2015 US$),gdp_per_capita_real_2015_usd_annual,2022,annual,716.943843933856,constant 2015 US dollars per person,observed,WB_WDI,NY.GDP.PCAP.KD
Syrian Arab Republic,SYR,"Middle East, North Africa, Afghanistan & Pakistan",Low income,GDP per capita (constant LCU),gdp_per_capita_real_lcu_annual,2022,annual,31225.2959675807,constant local currency units per person (source base year varies),observed,WB_WDI,NY.GDP.PCAP.KN
Syrian Arab Republic,SYR,"Middle East, North Africa, Afghanistan & Pakistan",Low income,GDP per capita (current LCU),gdp_per_capita_nominal_lcu_annual,2022,annual,3963152.45190214,current local currency units per person,observed,WB_WDI,NY.GDP.PCAP.CN
Syrian Arab Republic,SYR,"Middle East, North Africa, Afghanistan & Pakistan",Low income,GDP per capita (current US$),gdp_per_capita_nominal_usd_annual,2022,annual,1056.78264718197,current US dollars per person,observed,WB_WDI,NY.GDP.PCAP.CD
Syrian Arab Republic,SYR,"Middle East, North Africa, Afghanistan & Pakistan",Low income,GDP per capita growth (annual %),gdp_per_capita_real_growth_yoy_pct_annual,2022,annual,-3.90490484495091,percent per year,observed,WB_WDI,NY.GDP.PCAP.KD.ZG
Syrian Arab Republic,SYR,"Middle East, North Africa, Afghanistan & Pakistan",Low income,"GNI per capita, PPP (current international $)",gni_per_capita_ppp_current_intl_dollar_annual,2022,annual,4740.0,current international dollars per person,observed,WB_WDI,NY.GNP.PCAP.PP.CD
Syrian Arab Republic,SYR,"Middle East, North Africa, Afghanistan & Pakistan",Low income,"Inflation, consumer prices (annual %)",inflation_consumer_prices_yoy_pct_annual_wdi,2019,annual,13.4175653228571,percent per year,observed,WB_WDI,FP.CPI.TOTL.ZG
Syrian Arab Republic,SYR,"Middle East, North Africa, Afghanistan & Pakistan",Low income,"Life expectancy at birth, total (years)",life_expectancy_years_annual,2024,annual,72.56,years,observed,WB_WDI,SP.DYN.LE00.IN
Syrian Arab Republic,SYR,"Middle East, North Africa, Afghanistan & Pakistan",Low income,"Nominal GDP growth, year over year (annual)",gdp_nominal_growth_yoy_pct_annual_lcu,2022,annual,106.95527306346291,percent per year,derived,WB_WDI,calculated:NY.GDP.MKTP.CN:year_over_year
Syrian Arab Republic,SYR,"Middle East, North Africa, Afghanistan & Pakistan",Low income,"Nominal GDP per-capita growth, year over year (annual)",gdp_per_capita_nominal_growth_yoy_pct_annual_lcu,2022,annual,99.27734869153912,percent per year,derived,WB_WDI,calculated:NY.GDP.PCAP.CN:year_over_year
Syrian Arab Republic,SYR,"Middle East, North Africa, Afghanistan & Pakistan",Low income,"Population, total",population_total_annual,2025,annual,25620427.0,people,observed,WB_WDI,SP.POP.TOTL
Syrian Arab Republic,SYR,"Middle East, North Africa, Afghanistan & Pakistan",Low income,Poverty headcount ratio at $3.00 a day (2021 PPP) (% of population),poverty_headcount_at_3usd_2021_ppp_pct_annual,2022,annual,18.0,percent of population,observed,WB_WDI,SI.POV.DDAY
Syrian Arab Republic,SYR,"Middle East, North Africa, Afghanistan & Pakistan",Low income,"Unemployment, total (% of total labor force) (modeled ILO estimate)",unemployment_rate_ilo_modeled_pct_annual,2025,annual,13.569,percent of labor force,observed,WB_WDI,SL.UEM.TOTL.ZS
Turks and Caicos Islands,TCA,Latin America & Caribbean,High income,GDP (constant 2015 US$),gdp_real_constant_2015_usd_annual,2024,annual,2660838540.233,constant 2015 US dollars,observed,WB_WDI,NY.GDP.MKTP.KD
Turks and Caicos Islands,TCA,Latin America & Caribbean,High income,GDP (constant LCU),gdp_real_constant_lcu_annual,2024,annual,1622551000.0,constant local currency units (source base year varies),observed,WB_WDI,NY.GDP.MKTP.KN
Turks and Caicos Islands,TCA,Latin America & Caribbean,High income,GDP (current LCU),gdp_nominal_current_lcu_annual,2024,annual,1745378000.0,current local currency units,observed,WB_WDI,NY.GDP.MKTP.CN
Turks and Caicos Islands,TCA,Latin America & Caribbean,High income,GDP (current US$),gdp_nominal_current_usd_annual,2024,annual,1745378000.0,current US dollars,observed,WB_WDI,NY.GDP.MKTP.CD
Turks and Caicos Islands,TCA,Latin America & Caribbean,High income,GDP growth (annual %),gdp_real_growth_yoy_pct_annual,2024,annual,5.63682517443362,percent per year,observed,WB_WDI,NY.GDP.MKTP.KD.ZG
Turks and Caicos Islands,TCA,Latin America & Caribbean,High income,GDP per capita (constant 2015 US$),gdp_per_capita_real_2015_usd_annual,2024,annual,57179.29601876,constant 2015 US dollars per person,observed,WB_WDI,NY.GDP.PCAP.KD
Turks and Caicos Islands,TCA,Latin America & Caribbean,High income,GDP per capita (constant LCU),gdp_per_capita_real_lcu_annual,2024,annual,34867.3256688514,constant local currency units per person (source base year varies),observed,WB_WDI,NY.GDP.PCAP.KN
Turks and Caicos Islands,TCA,Latin America & Caribbean,High income,GDP per capita (current LCU),gdp_per_capita_nominal_lcu_annual,2024,annual,37506.7798431288,current local currency units per person,observed,WB_WDI,NY.GDP.PCAP.CN
Turks and Caicos Islands,TCA,Latin America & Caribbean,High income,GDP per capita (current US$),gdp_per_capita_nominal_usd_annual,2024,annual,37506.7798431288,current US dollars per person,observed,WB_WDI,NY.GDP.PCAP.CD
Turks and Caicos Islands,TCA,Latin America & Caribbean,High income,GDP per capita growth (annual %),gdp_per_capita_real_growth_yoy_pct_annual,2024,annual,4.87181797375062,percent per year,observed,WB_WDI,NY.GDP.PCAP.KD.ZG
Turks and Caicos Islands,TCA,Latin America & Caribbean,High income,"GNI per capita, PPP (current international $)",gni_per_capita_ppp_current_intl_dollar_annual,2024,annual,37500.0,current international dollars per person,observed,WB_WDI,NY.GNP.PCAP.PP.CD
Turks and Caicos Islands,TCA,Latin America & Caribbean,High income,"Life expectancy at birth, total (years)",life_expectancy_years_annual,2024,annual,78.181,years,observed,WB_WDI,SP.DYN.LE00.IN
Turks and Caicos Islands,TCA,Latin America & Caribbean,High income,"Nominal GDP growth, year over year (annual)",gdp_nominal_growth_yoy_pct_annual_lcu,2024,annual,6.512971324618455,percent per year,derived,WB_WDI,calculated:NY.GDP.MKTP.CN:year_over_year
Turks and Caicos Islands,TCA,Latin America & Caribbean,High income,"Nominal GDP per-capita growth, year over year (annual)",gdp_per_capita_nominal_growth_yoy_pct_annual_lcu,2024,annual,5.741619195330738,percent per year,derived,WB_WDI,calculated:NY.GDP.PCAP.CN:year_over_year
Turks and Caicos Islands,TCA,Latin America & Caribbean,High income,"Population, total",population_total_annual,2025,annual,46855.0,people,observed,WB_WDI,SP.POP.TOTL
Chad,TCD,Sub-Saharan Africa,Low income,Consumer price index (2010 = 100),cpi_index_annual_wdi,2025,annual,149.686124814142,index points (2010=100),observed,WB_WDI,FP.CPI.TOTL
Chad,TCD,Sub-Saharan Africa,Low income,GDP (constant 2015 US$),gdp_real_constant_2015_usd_annual,2025,annual,18347335765.9226,constant 2015 US dollars,observed,WB_WDI,NY.GDP.MKTP.KD
Chad,TCD,Sub-Saharan Africa,Low income,GDP (constant LCU),gdp_real_constant_lcu_annual,2025,annual,10355199327300.0,constant local currency units (source base year varies),observed,WB_WDI,NY.GDP.MKTP.KN
Chad,TCD,Sub-Saharan Africa,Low income,GDP (current LCU),gdp_nominal_current_lcu_annual,2025,annual,12495654385500.0,current local currency units,observed,WB_WDI,NY.GDP.MKTP.CN
Chad,TCD,Sub-Saharan Africa,Low income,GDP (current US$),gdp_nominal_current_usd_annual,2025,annual,21472835225.4338,current US dollars,observed,WB_WDI,NY.GDP.MKTP.CD
Chad,TCD,Sub-Saharan Africa,Low income,GDP growth (annual %),gdp_real_growth_yoy_pct_annual,2025,annual,5.58988021765651,percent per year,observed,WB_WDI,NY.GDP.MKTP.KD.ZG
Chad,TCD,Sub-Saharan Africa,Low income,GDP per capita (constant 2015 US$),gdp_per_capita_real_2015_usd_annual,2025,annual,873.528540127688,constant 2015 US dollars per person,observed,WB_WDI,NY.GDP.PCAP.KD
Chad,TCD,Sub-Saharan Africa,Low income,GDP per capita (constant LCU),gdp_per_capita_real_lcu_annual,2025,annual,493017.747454556,constant local currency units per person (source base year varies),observed,WB_WDI,NY.GDP.PCAP.KN
Chad,TCD,Sub-Saharan Africa,Low income,GDP per capita (current LCU),gdp_per_capita_nominal_lcu_annual,2025,annual,594926.199234849,current local currency units per person,observed,WB_WDI,NY.GDP.PCAP.CN
Chad,TCD,Sub-Saharan Africa,Low income,GDP per capita (current US$),gdp_per_capita_nominal_usd_annual,2025,annual,1022.33559390754,current US dollars per person,observed,WB_WDI,NY.GDP.PCAP.CD
Chad,TCD,Sub-Saharan Africa,Low income,GDP per capita growth (annual %),gdp_per_capita_real_growth_yoy_pct_annual,2025,annual,2.04780376097817,percent per year,observed,WB_WDI,NY.GDP.PCAP.KD.ZG
Chad,TCD,Sub-Saharan Africa,Low income,"GNI per capita, PPP (current international $)",gni_per_capita_ppp_current_intl_dollar_annual,2025,annual,2770.0,current international dollars per person,observed,WB_WDI,NY.GNP.PCAP.PP.CD
Chad,TCD,Sub-Saharan Africa,Low income,"Inflation, consumer prices (annual %)",inflation_consumer_prices_yoy_pct_annual_wdi,2025,annual,-3.9119812440659,percent per year,observed,WB_WDI,FP.CPI.TOTL.ZG
Chad,TCD,Sub-Saharan Africa,Low income,"Life expectancy at birth, total (years)",life_expectancy_years_annual,2024,annual,55.238,years,observed,WB_WDI,SP.DYN.LE00.IN
Chad,TCD,Sub-Saharan Africa,Low income,"Nominal GDP growth, year over year (annual)",gdp_nominal_growth_yoy_pct_annual_lcu,2025,annual,3.523649341882562,percent per year,derived,WB_WDI,calculated:NY.GDP.MKTP.CN:year_over_year
Chad,TCD,Sub-Saharan Africa,Low income,"Nominal GDP per-capita growth, year over year (annual)",gdp_per_capita_nominal_growth_yoy_pct_annual_lcu,2025,annual,0.050885850841120295,percent per year,derived,WB_WDI,calculated:NY.GDP.PCAP.CN:year_over_year
Chad,TCD,Sub-Saharan Africa,Low income,"Population, total",population_total_annual,2025,annual,21003705.0,people,observed,WB_WDI,SP.POP.TOTL
Chad,TCD,Sub-Saharan Africa,Low income,Poverty headcount ratio at $3.00 a day (2021 PPP) (% of population),poverty_headcount_at_3usd_2021_ppp_pct_annual,2022,annual,39.5,percent of population,observed,WB_WDI,SI.POV.DDAY
Chad,TCD,Sub-Saharan Africa,Low income,"Unemployment, total (% of total labor force) (modeled ILO estimate)",unemployment_rate_ilo_modeled_pct_annual,2025,annual,1.057,percent of labor force,observed,WB_WDI,SL.UEM.TOTL.ZS
Togo,TGO,Sub-Saharan Africa,Lower middle income,Consumer price index (2010 = 100),cpi_index_annual_wdi,2025,annual,141.24816200939,index points (2010=100),observed,WB_WDI,FP.CPI.TOTL
Togo,TGO,Sub-Saharan Africa,Lower middle income,GDP (constant 2015 US$),gdp_real_constant_2015_usd_annual,2025,annual,9417999786.00817,constant 2015 US dollars,observed,WB_WDI,NY.GDP.MKTP.KD
Togo,TGO,Sub-Saharan Africa,Lower middle income,GDP (constant LCU),gdp_real_constant_lcu_annual,2025,annual,5649200000000.0,constant local currency units (source base year varies),observed,WB_WDI,NY.GDP.MKTP.KN
Togo,TGO,Sub-Saharan Africa,Lower middle income,GDP (current LCU),gdp_nominal_current_lcu_annual,2025,annual,6919100000000.0,current local currency units,observed,WB_WDI,NY.GDP.MKTP.CN
Togo,TGO,Sub-Saharan Africa,Lower middle income,GDP (current US$),gdp_nominal_current_usd_annual,2025,annual,11889949067.4697,current US dollars,observed,WB_WDI,NY.GDP.MKTP.CD
Togo,TGO,Sub-Saharan Africa,Lower middle income,GDP growth (annual %),gdp_real_growth_yoy_pct_annual,2025,annual,6.31032671625633,percent per year,observed,WB_WDI,NY.GDP.MKTP.KD.ZG
Togo,TGO,Sub-Saharan Africa,Lower middle income,GDP per capita (constant 2015 US$),gdp_per_capita_real_2015_usd_annual,2025,annual,1096.18363113201,constant 2015 US dollars per person,observed,WB_WDI,NY.GDP.PCAP.KD
Togo,TGO,Sub-Saharan Africa,Lower middle income,GDP per capita (constant LCU),gdp_per_capita_real_lcu_annual,2025,annual,657523.96577784,constant local currency units per person (source base year varies),observed,WB_WDI,NY.GDP.PCAP.KN
Togo,TGO,Sub-Saharan Africa,Lower middle income,GDP per capita (current LCU),gdp_per_capita_nominal_lcu_annual,2025,annual,805330.678965774,current local currency units per person,observed,WB_WDI,NY.GDP.PCAP.CN
Togo,TGO,Sub-Saharan Africa,Lower middle income,GDP per capita (current US$),gdp_per_capita_nominal_usd_annual,2025,annual,1383.89974929887,current US dollars per person,observed,WB_WDI,NY.GDP.PCAP.CD
Togo,TGO,Sub-Saharan Africa,Lower middle income,GDP per capita growth (annual %),gdp_per_capita_real_growth_yoy_pct_annual,2025,annual,4.02034813190872,percent per year,observed,WB_WDI,NY.GDP.PCAP.KD.ZG
Togo,TGO,Sub-Saharan Africa,Lower middle income,"GNI per capita, PPP (current international $)",gni_per_capita_ppp_current_intl_dollar_annual,2025,annual,4090.0,current international dollars per person,observed,WB_WDI,NY.GNP.PCAP.PP.CD
Togo,TGO,Sub-Saharan Africa,Lower middle income,"Inflation, consumer prices (annual %)",inflation_consumer_prices_yoy_pct_annual_wdi,2025,annual,0.433183451279109,percent per year,observed,WB_WDI,FP.CPI.TOTL.ZG
Togo,TGO,Sub-Saharan Africa,Lower middle income,"Life expectancy at birth, total (years)",life_expectancy_years_annual,2024,annual,62.935,years,observed,WB_WDI,SP.DYN.LE00.IN
Togo,TGO,Sub-Saharan Africa,Lower middle income,"Nominal GDP growth, year over year (annual)",gdp_nominal_growth_yoy_pct_annual_lcu,2025,annual,7.213028387256726,percent per year,derived,WB_WDI,calculated:NY.GDP.MKTP.CN:year_over_year
Togo,TGO,Sub-Saharan Africa,Lower middle income,"Nominal GDP per-capita growth, year over year (annual)",gdp_per_capita_nominal_growth_yoy_pct_annual_lcu,2025,annual,4.903605149143986,percent per year,derived,WB_WDI,calculated:NY.GDP.PCAP.CN:year_over_year
Togo,TGO,Sub-Saharan Africa,Lower middle income,"Population, total",population_total_annual,2025,annual,8591626.0,people,observed,WB_WDI,SP.POP.TOTL
Togo,TGO,Sub-Saharan Africa,Lower middle income,Poverty headcount ratio at $3.00 a day (2021 PPP) (% of population),poverty_headcount_at_3usd_2021_ppp_pct_annual,2021,annual,34.7,percent of population,observed,WB_WDI,SI.POV.DDAY
Togo,TGO,Sub-Saharan Africa,Lower middle income,"Unemployment, total (% of total labor force) (modeled ILO estimate)",unemployment_rate_ilo_modeled_pct_annual,2025,annual,1.995,percent of labor force,observed,WB_WDI,SL.UEM.TOTL.ZS
Thailand,THA,East Asia & Pacific,Upper middle income,Consumer price index (2010 = 100),cpi_index_annual_wdi,2025,annual,122.401497502467,index points (2010=100),observed,WB_WDI,FP.CPI.TOTL
Thailand,THA,East Asia & Pacific,Upper middle income,GDP (constant 2015 US$),gdp_real_constant_2015_usd_annual,2025,annual,485779667893.642,constant 2015 US dollars,observed,WB_WDI,NY.GDP.MKTP.KD
Thailand,THA,East Asia & Pacific,Upper middle income,GDP (constant LCU),gdp_real_constant_lcu_annual,2025,annual,11525937000000.0,constant local currency units (source base year varies),observed,WB_WDI,NY.GDP.MKTP.KN
Thailand,THA,East Asia & Pacific,Upper middle income,GDP (current LCU),gdp_nominal_current_lcu_annual,2025,annual,18973709000000.0,current local currency units,observed,WB_WDI,NY.GDP.MKTP.CN
Thailand,THA,East Asia & Pacific,Upper middle income,GDP (current US$),gdp_nominal_current_usd_annual,2025,annual,577009981112.015,current US dollars,observed,WB_WDI,NY.GDP.MKTP.CD
Thailand,THA,East Asia & Pacific,Upper middle income,GDP growth (annual %),gdp_real_growth_yoy_pct_annual,2025,annual,2.44247444990198,percent per year,observed,WB_WDI,NY.GDP.MKTP.KD.ZG
Thailand,THA,East Asia & Pacific,Upper middle income,GDP per capita (constant 2015 US$),gdp_per_capita_real_2015_usd_annual,2025,annual,6782.7505882501,constant 2015 US dollars per person,observed,WB_WDI,NY.GDP.PCAP.KD
Thailand,THA,East Asia & Pacific,Upper middle income,GDP per capita (constant LCU),gdp_per_capita_real_lcu_annual,2025,annual,160932.128563273,constant local currency units per person (source base year varies),observed,WB_WDI,NY.GDP.PCAP.KN
Thailand,THA,East Asia & Pacific,Upper middle income,GDP per capita (current LCU),gdp_per_capita_nominal_lcu_annual,2025,annual,264922.441976746,current local currency units per person,observed,WB_WDI,NY.GDP.PCAP.CN
Thailand,THA,East Asia & Pacific,Upper middle income,GDP per capita (current US$),gdp_per_capita_nominal_usd_annual,2025,annual,8056.56359761558,current US dollars per person,observed,WB_WDI,NY.GDP.PCAP.CD
Thailand,THA,East Asia & Pacific,Upper middle income,GDP per capita growth (annual %),gdp_per_capita_real_growth_yoy_pct_annual,2025,annual,2.51134361626457,percent per year,observed,WB_WDI,NY.GDP.PCAP.KD.ZG
Thailand,THA,East Asia & Pacific,Upper middle income,"GNI per capita, PPP (current international $)",gni_per_capita_ppp_current_intl_dollar_annual,2025,annual,25570.0,current international dollars per person,observed,WB_WDI,NY.GNP.PCAP.PP.CD
Thailand,THA,East Asia & Pacific,Upper middle income,"Inflation, consumer prices (annual %)",inflation_consumer_prices_yoy_pct_annual_wdi,2025,annual,-0.133634356480207,percent per year,observed,WB_WDI,FP.CPI.TOTL.ZG
Thailand,THA,East Asia & Pacific,Upper middle income,"Life expectancy at birth, total (years)",life_expectancy_years_annual,2024,annual,76.564,years,observed,WB_WDI,SP.DYN.LE00.IN
Thailand,THA,East Asia & Pacific,Upper middle income,"Nominal GDP growth, year over year (annual)",gdp_nominal_growth_yoy_pct_annual_lcu,2025,annual,1.5511814243373667,percent per year,derived,WB_WDI,calculated:NY.GDP.MKTP.CN:year_over_year
Thailand,THA,East Asia & Pacific,Upper middle income,"Nominal GDP per-capita growth, year over year (annual)",gdp_per_capita_nominal_growth_yoy_pct_annual_lcu,2025,annual,1.61945139971027,percent per year,derived,WB_WDI,calculated:NY.GDP.PCAP.CN:year_over_year
Thailand,THA,East Asia & Pacific,Upper middle income,"Population, total",population_total_annual,2025,annual,71619863.0,people,observed,WB_WDI,SP.POP.TOTL
Thailand,THA,East Asia & Pacific,Upper middle income,Poverty headcount ratio at $3.00 a day (2021 PPP) (% of population),poverty_headcount_at_3usd_2021_ppp_pct_annual,2024,annual,0.0,percent of population,observed,WB_WDI,SI.POV.DDAY
Thailand,THA,East Asia & Pacific,Upper middle income,"Unemployment, total (% of total labor force) (modeled ILO estimate)",unemployment_rate_ilo_modeled_pct_annual,2025,annual,0.781,percent of labor force,observed,WB_WDI,SL.UEM.TOTL.ZS
Tajikistan,TJK,Europe & Central Asia,Lower middle income,Consumer price index (2010 = 100),cpi_index_annual_wdi,2016,annual,148.56753447088,index points (2010=100),observed,WB_WDI,FP.CPI.TOTL
Tajikistan,TJK,Europe & Central Asia,Lower middle income,GDP (constant 2015 US$),gdp_real_constant_2015_usd_annual,2025,annual,17178807095.8898,constant 2015 US dollars,observed,WB_WDI,NY.GDP.MKTP.KD
Tajikistan,TJK,Europe & Central Asia,Lower middle income,GDP (constant LCU),gdp_real_constant_lcu_annual,2025,annual,11369903700.0,constant local currency units (source base year varies),observed,WB_WDI,NY.GDP.MKTP.KN
Tajikistan,TJK,Europe & Central Asia,Lower middle income,GDP (current LCU),gdp_nominal_current_lcu_annual,2025,annual,176919000000.0,current local currency units,observed,WB_WDI,NY.GDP.MKTP.CN
Tajikistan,TJK,Europe & Central Asia,Lower middle income,GDP (current US$),gdp_nominal_current_usd_annual,2025,annual,17660626562.4832,current US dollars,observed,WB_WDI,NY.GDP.MKTP.CD
Tajikistan,TJK,Europe & Central Asia,Lower middle income,GDP growth (annual %),gdp_real_growth_yoy_pct_annual,2025,annual,8.40000053390075,percent per year,observed,WB_WDI,NY.GDP.MKTP.KD.ZG
Tajikistan,TJK,Europe & Central Asia,Lower middle income,GDP per capita (constant 2015 US$),gdp_per_capita_real_2015_usd_annual,2025,annual,1592.58651375753,constant 2015 US dollars per person,observed,WB_WDI,NY.GDP.PCAP.KD
Tajikistan,TJK,Europe & Central Asia,Lower middle income,GDP per capita (constant LCU),gdp_per_capita_real_lcu_annual,2025,annual,1054.0636025696,constant local currency units per person (source base year varies),observed,WB_WDI,NY.GDP.PCAP.KN
Tajikistan,TJK,Europe & Central Asia,Lower middle income,GDP per capita (current LCU),gdp_per_capita_nominal_lcu_annual,2025,annual,16401.5354415896,current local currency units per person,observed,WB_WDI,NY.GDP.PCAP.CN
Tajikistan,TJK,Europe & Central Asia,Lower middle income,GDP per capita (current US$),gdp_per_capita_nominal_usd_annual,2025,annual,1637.2542942547,current US dollars per person,observed,WB_WDI,NY.GDP.PCAP.CD
Tajikistan,TJK,Europe & Central Asia,Lower middle income,GDP per capita growth (annual %),gdp_per_capita_real_growth_yoy_pct_annual,2025,annual,6.43226137350786,percent per year,observed,WB_WDI,NY.GDP.PCAP.KD.ZG
Tajikistan,TJK,Europe & Central Asia,Lower middle income,"GNI per capita, PPP (current international $)",gni_per_capita_ppp_current_intl_dollar_annual,2025,annual,8240.0,current international dollars per person,observed,WB_WDI,NY.GNP.PCAP.PP.CD
Tajikistan,TJK,Europe & Central Asia,Lower middle income,"Inflation, consumer prices (annual %)",inflation_consumer_prices_yoy_pct_annual_wdi,2016,annual,6.00458082322139,percent per year,observed,WB_WDI,FP.CPI.TOTL.ZG
Tajikistan,TJK,Europe & Central Asia,Lower middle income,"Life expectancy at birth, total (years)",life_expectancy_years_annual,2024,annual,71.927,years,observed,WB_WDI,SP.DYN.LE00.IN
Tajikistan,TJK,Europe & Central Asia,Lower middle income,"Nominal GDP growth, year over year (annual)",gdp_nominal_growth_yoy_pct_annual_lcu,2025,annual,13.56693470891408,percent per year,derived,WB_WDI,calculated:NY.GDP.MKTP.CN:year_over_year
Tajikistan,TJK,Europe & Central Asia,Lower middle income,"Nominal GDP per-capita growth, year over year (annual)",gdp_per_capita_nominal_growth_yoy_pct_annual_lcu,2025,annual,11.505402387401942,percent per year,derived,WB_WDI,calculated:NY.GDP.PCAP.CN:year_over_year
Tajikistan,TJK,Europe & Central Asia,Lower middle income,"Population, total",population_total_annual,2025,annual,10786734.0,people,observed,WB_WDI,SP.POP.TOTL
Tajikistan,TJK,Europe & Central Asia,Lower middle income,Poverty headcount ratio at $3.00 a day (2021 PPP) (% of population),poverty_headcount_at_3usd_2021_ppp_pct_annual,2024,annual,6.1,percent of population,observed,WB_WDI,SI.POV.DDAY
Tajikistan,TJK,Europe & Central Asia,Lower middle income,"Unemployment, total (% of total labor force) (modeled ILO estimate)",unemployment_rate_ilo_modeled_pct_annual,2025,annual,6.931,percent of labor force,observed,WB_WDI,SL.UEM.TOTL.ZS
Turkmenistan,TKM,Europe & Central Asia,Upper middle income,GDP (constant 2015 US$),gdp_real_constant_2015_usd_annual,2025,annual,65562932637.9347,constant 2015 US dollars,observed,WB_WDI,NY.GDP.MKTP.KD
Turkmenistan,TKM,Europe & Central Asia,Upper middle income,GDP (constant LCU),gdp_real_constant_lcu_annual,2025,annual,194323537900.0,constant local currency units (source base year varies),observed,WB_WDI,NY.GDP.MKTP.KN
Turkmenistan,TKM,Europe & Central Asia,Upper middle income,GDP (current LCU),gdp_nominal_current_lcu_annual,2025,annual,270893300000.0,current local currency units,observed,WB_WDI,NY.GDP.MKTP.CN
Turkmenistan,TKM,Europe & Central Asia,Upper middle income,GDP (current US$),gdp_nominal_current_usd_annual,2025,annual,49828621355.6516,current US dollars,observed,WB_WDI,NY.GDP.MKTP.CD
Turkmenistan,TKM,Europe & Central Asia,Upper middle income,GDP growth (annual %),gdp_real_growth_yoy_pct_annual,2025,annual,6.30000003697894,percent per year,observed,WB_WDI,NY.GDP.MKTP.KD.ZG
Turkmenistan,TKM,Europe & Central Asia,Upper middle income,GDP per capita (constant 2015 US$),gdp_per_capita_real_2015_usd_annual,2025,annual,8605.36149865389,constant 2015 US dollars per person,observed,WB_WDI,NY.GDP.PCAP.KD
Turkmenistan,TKM,Europe & Central Asia,Upper middle income,GDP per capita (constant LCU),gdp_per_capita_real_lcu_annual,2025,annual,25505.6359446515,constant local currency units per person (source base year varies),observed,WB_WDI,NY.GDP.PCAP.KN
Turkmenistan,TKM,Europe & Central Asia,Upper middle income,GDP per capita (current LCU),gdp_per_capita_nominal_lcu_annual,2025,annual,35555.6818505477,current local currency units per person,observed,WB_WDI,NY.GDP.PCAP.CN
Turkmenistan,TKM,Europe & Central Asia,Upper middle income,GDP per capita (current US$),gdp_per_capita_nominal_usd_annual,2025,annual,6540.17876401136,current US dollars per person,observed,WB_WDI,NY.GDP.PCAP.CD
Turkmenistan,TKM,Europe & Central Asia,Upper middle income,GDP per capita growth (annual %),gdp_per_capita_real_growth_yoy_pct_annual,2025,annual,4.56505264866701,percent per year,observed,WB_WDI,NY.GDP.PCAP.KD.ZG
Turkmenistan,TKM,Europe & Central Asia,Upper middle income,"GNI per capita, PPP (current international $)",gni_per_capita_ppp_current_intl_dollar_annual,2025,annual,22830.0,current international dollars per person,observed,WB_WDI,NY.GNP.PCAP.PP.CD
Turkmenistan,TKM,Europe & Central Asia,Upper middle income,"Life expectancy at birth, total (years)",life_expectancy_years_annual,2024,annual,70.201,years,observed,WB_WDI,SP.DYN.LE00.IN
Turkmenistan,TKM,Europe & Central Asia,Upper middle income,"Nominal GDP growth, year over year (annual)",gdp_nominal_growth_yoy_pct_annual_lcu,2025,annual,12.701746941084945,percent per year,derived,WB_WDI,calculated:NY.GDP.MKTP.CN:year_over_year
Turkmenistan,TKM,Europe & Central Asia,Upper middle income,"Nominal GDP per-capita growth, year over year (annual)",gdp_per_capita_nominal_growth_yoy_pct_annual_lcu,2025,annual,10.862315130684074,percent per year,derived,WB_WDI,calculated:NY.GDP.PCAP.CN:year_over_year
Turkmenistan,TKM,Europe & Central Asia,Upper middle income,"Population, total",population_total_annual,2025,annual,7618847.0,people,observed,WB_WDI,SP.POP.TOTL
Turkmenistan,TKM,Europe & Central Asia,Upper middle income,"Unemployment, total (% of total labor force) (modeled ILO estimate)",unemployment_rate_ilo_modeled_pct_annual,2025,annual,4.267,percent of labor force,observed,WB_WDI,SL.UEM.TOTL.ZS
Timor-Leste,TLS,East Asia & Pacific,Lower middle income,Consumer price index (2010 = 100),cpi_index_annual_wdi,2025,annual,181.883640639761,index points (2010=100),observed,WB_WDI,FP.CPI.TOTL
Timor-Leste,TLS,East Asia & Pacific,Lower middle income,GDP (constant 2015 US$),gdp_real_constant_2015_usd_annual,2025,annual,1721918280.90359,constant 2015 US dollars,observed,WB_WDI,NY.GDP.MKTP.KD
Timor-Leste,TLS,East Asia & Pacific,Lower middle income,GDP (constant LCU),gdp_real_constant_lcu_annual,2025,annual,1721918389.18111,constant local currency units (source base year varies),observed,WB_WDI,NY.GDP.MKTP.KN
Timor-Leste,TLS,East Asia & Pacific,Lower middle income,GDP (current LCU),gdp_nominal_current_lcu_annual,2025,annual,1902180257.82737,current local currency units,observed,WB_WDI,NY.GDP.MKTP.CN
Timor-Leste,TLS,East Asia & Pacific,Lower middle income,GDP (current US$),gdp_nominal_current_usd_annual,2025,annual,1902180257.82737,current US dollars,observed,WB_WDI,NY.GDP.MKTP.CD
Timor-Leste,TLS,East Asia & Pacific,Lower middle income,GDP growth (annual %),gdp_real_growth_yoy_pct_annual,2025,annual,6.97538939119629,percent per year,observed,WB_WDI,NY.GDP.MKTP.KD.ZG
Timor-Leste,TLS,East Asia & Pacific,Lower middle income,GDP per capita (constant 2015 US$),gdp_per_capita_real_2015_usd_annual,2025,annual,1213.88624944473,constant 2015 US dollars per person,observed,WB_WDI,NY.GDP.PCAP.KD
Timor-Leste,TLS,East Asia & Pacific,Lower middle income,GDP per capita (constant LCU),gdp_per_capita_real_lcu_annual,2025,annual,1213.88632577622,constant local currency units per person (source base year varies),observed,WB_WDI,NY.GDP.PCAP.KN
Timor-Leste,TLS,East Asia & Pacific,Lower middle income,GDP per capita (current LCU),gdp_per_capita_nominal_lcu_annual,2025,annual,1340.9640193437,current local currency units per person,observed,WB_WDI,NY.GDP.PCAP.CN
Timor-Leste,TLS,East Asia & Pacific,Lower middle income,GDP per capita (current US$),gdp_per_capita_nominal_usd_annual,2025,annual,1340.9640193437,current US dollars per person,observed,WB_WDI,NY.GDP.PCAP.CD
Timor-Leste,TLS,East Asia & Pacific,Lower middle income,GDP per capita growth (annual %),gdp_per_capita_real_growth_yoy_pct_annual,2025,annual,5.62707069855799,percent per year,observed,WB_WDI,NY.GDP.PCAP.KD.ZG
Timor-Leste,TLS,East Asia & Pacific,Lower middle income,"GNI per capita, PPP (current international $)",gni_per_capita_ppp_current_intl_dollar_annual,2025,annual,5120.0,current international dollars per person,observed,WB_WDI,NY.GNP.PCAP.PP.CD
Timor-Leste,TLS,East Asia & Pacific,Lower middle income,"Inflation, consumer prices (annual %)",inflation_consumer_prices_yoy_pct_annual_wdi,2025,annual,0.428322848346937,percent per year,observed,WB_WDI,FP.CPI.TOTL.ZG
Timor-Leste,TLS,East Asia & Pacific,Lower middle income,"Life expectancy at birth, total (years)",life_expectancy_years_annual,2024,annual,67.904,years,observed,WB_WDI,SP.DYN.LE00.IN
Timor-Leste,TLS,East Asia & Pacific,Lower middle income,"Nominal GDP growth, year over year (annual)",gdp_nominal_growth_yoy_pct_annual_lcu,2025,annual,1.9603117219938238,percent per year,derived,WB_WDI,calculated:NY.GDP.MKTP.CN:year_over_year
Timor-Leste,TLS,East Asia & Pacific,Lower middle income,"Nominal GDP per-capita growth, year over year (annual)",gdp_per_capita_nominal_growth_yoy_pct_annual_lcu,2025,annual,0.6752031097759792,percent per year,derived,WB_WDI,calculated:NY.GDP.PCAP.CN:year_over_year
Timor-Leste,TLS,East Asia & Pacific,Lower middle income,"Population, total",population_total_annual,2025,annual,1418517.0,people,observed,WB_WDI,SP.POP.TOTL
Timor-Leste,TLS,East Asia & Pacific,Lower middle income,Poverty headcount ratio at $3.00 a day (2021 PPP) (% of population),poverty_headcount_at_3usd_2021_ppp_pct_annual,2014,annual,44.0,percent of population,observed,WB_WDI,SI.POV.DDAY
Timor-Leste,TLS,East Asia & Pacific,Lower middle income,"Unemployment, total (% of total labor force) (modeled ILO estimate)",unemployment_rate_ilo_modeled_pct_annual,2025,annual,1.592,percent of labor force,observed,WB_WDI,SL.UEM.TOTL.ZS
Tonga,TON,East Asia & Pacific,Upper middle income,Consumer price index (2010 = 100),cpi_index_annual_wdi,2025,annual,174.316878276027,index points (2010=100),observed,WB_WDI,FP.CPI.TOTL
Tonga,TON,East Asia & Pacific,Upper middle income,GDP (constant 2015 US$),gdp_real_constant_2015_usd_annual,2025,annual,511891142.906963,constant 2015 US dollars,observed,WB_WDI,NY.GDP.MKTP.KD
Tonga,TON,East Asia & Pacific,Upper middle income,GDP (constant LCU),gdp_real_constant_lcu_annual,2025,annual,1081343948.0,constant local currency units (source base year varies),observed,WB_WDI,NY.GDP.MKTP.KN
Tonga,TON,East Asia & Pacific,Upper middle income,GDP (current LCU),gdp_nominal_current_lcu_annual,2025,annual,1627000000.0,current local currency units,observed,WB_WDI,NY.GDP.MKTP.CN
Tonga,TON,East Asia & Pacific,Upper middle income,GDP (current US$),gdp_nominal_current_usd_annual,2025,annual,679218218.578017,current US dollars,observed,WB_WDI,NY.GDP.MKTP.CD
Tonga,TON,East Asia & Pacific,Upper middle income,GDP growth (annual %),gdp_real_growth_yoy_pct_annual,2025,annual,2.79999999999998,percent per year,observed,WB_WDI,NY.GDP.MKTP.KD.ZG
Tonga,TON,East Asia & Pacific,Upper middle income,GDP per capita (constant 2015 US$),gdp_per_capita_real_2015_usd_annual,2025,annual,4934.27100795206,constant 2015 US dollars per person,observed,WB_WDI,NY.GDP.PCAP.KD
Tonga,TON,East Asia & Pacific,Upper middle income,GDP per capita (constant LCU),gdp_per_capita_real_lcu_annual,2025,annual,10423.3960016194,constant local currency units per person (source base year varies),observed,WB_WDI,NY.GDP.PCAP.KN
Tonga,TON,East Asia & Pacific,Upper middle income,GDP per capita (current LCU),gdp_per_capita_nominal_lcu_annual,2025,annual,15683.1370129745,current local currency units per person,observed,WB_WDI,NY.GDP.PCAP.CN
Tonga,TON,East Asia & Pacific,Upper middle income,GDP per capita (current US$),gdp_per_capita_nominal_usd_annual,2025,annual,6547.18646814228,current US dollars per person,observed,WB_WDI,NY.GDP.PCAP.CD
Tonga,TON,East Asia & Pacific,Upper middle income,GDP per capita growth (annual %),gdp_per_capita_real_growth_yoy_pct_annual,2025,annual,3.22906826550479,percent per year,observed,WB_WDI,NY.GDP.PCAP.KD.ZG
Tonga,TON,East Asia & Pacific,Upper middle income,"GNI per capita, PPP (current international $)",gni_per_capita_ppp_current_intl_dollar_annual,2025,annual,9240.0,current international dollars per person,observed,WB_WDI,NY.GNP.PCAP.PP.CD
Tonga,TON,East Asia & Pacific,Upper middle income,"Inflation, consumer prices (annual %)",inflation_consumer_prices_yoy_pct_annual_wdi,2025,annual,5.59276642101027,percent per year,observed,WB_WDI,FP.CPI.TOTL.ZG
Tonga,TON,East Asia & Pacific,Upper middle income,"Life expectancy at birth, total (years)",life_expectancy_years_annual,2024,annual,73.07,years,observed,WB_WDI,SP.DYN.LE00.IN
Tonga,TON,East Asia & Pacific,Upper middle income,"Nominal GDP growth, year over year (annual)",gdp_nominal_growth_yoy_pct_annual_lcu,2025,annual,5.842733571070724,percent per year,derived,WB_WDI,calculated:NY.GDP.MKTP.CN:year_over_year
Tonga,TON,East Asia & Pacific,Upper middle income,"Nominal GDP per-capita growth, year over year (annual)",gdp_per_capita_nominal_growth_yoy_pct_annual_lcu,2025,annual,6.284501646066931,percent per year,derived,WB_WDI,calculated:NY.GDP.PCAP.CN:year_over_year
Tonga,TON,East Asia & Pacific,Upper middle income,"Population, total",population_total_annual,2025,annual,103742.0,people,observed,WB_WDI,SP.POP.TOTL
Tonga,TON,East Asia & Pacific,Upper middle income,Poverty headcount ratio at $3.00 a day (2021 PPP) (% of population),poverty_headcount_at_3usd_2021_ppp_pct_annual,2021,annual,0.4,percent of population,observed,WB_WDI,SI.POV.DDAY
Tonga,TON,East Asia & Pacific,Upper middle income,"Unemployment, total (% of total labor force) (modeled ILO estimate)",unemployment_rate_ilo_modeled_pct_annual,2025,annual,2.008,percent of labor force,observed,WB_WDI,SL.UEM.TOTL.ZS
Trinidad and Tobago,TTO,Latin America & Caribbean,High income,Consumer price index (2010 = 100),cpi_index_annual_wdi,2025,annual,165.248719032437,index points (2010=100),observed,WB_WDI,FP.CPI.TOTL
Trinidad and Tobago,TTO,Latin America & Caribbean,High income,GDP (constant 2015 US$),gdp_real_constant_2015_usd_annual,2025,annual,22145074350.9522,constant 2015 US dollars,observed,WB_WDI,NY.GDP.MKTP.KD
Trinidad and Tobago,TTO,Latin America & Caribbean,High income,GDP (constant LCU),gdp_real_constant_lcu_annual,2025,annual,153696280100.0,constant local currency units (source base year varies),observed,WB_WDI,NY.GDP.MKTP.KN
Trinidad and Tobago,TTO,Latin America & Caribbean,High income,GDP (current LCU),gdp_nominal_current_lcu_annual,2025,annual,175082429300.0,current local currency units,observed,WB_WDI,NY.GDP.MKTP.CN
Trinidad and Tobago,TTO,Latin America & Caribbean,High income,GDP (current US$),gdp_nominal_current_usd_annual,2025,annual,25942749718.4685,current US dollars,observed,WB_WDI,NY.GDP.MKTP.CD
Trinidad and Tobago,TTO,Latin America & Caribbean,High income,GDP growth (annual %),gdp_real_growth_yoy_pct_annual,2025,annual,-0.787768572727643,percent per year,observed,WB_WDI,NY.GDP.MKTP.KD.ZG
Trinidad and Tobago,TTO,Latin America & Caribbean,High income,GDP per capita (constant 2015 US$),gdp_per_capita_real_2015_usd_annual,2025,annual,16190.712981883,constant 2015 US dollars per person,observed,WB_WDI,NY.GDP.PCAP.KD
Trinidad and Tobago,TTO,Latin America & Caribbean,High income,GDP per capita (constant LCU),gdp_per_capita_real_lcu_annual,2025,annual,112370.46749293,constant local currency units per person (source base year varies),observed,WB_WDI,NY.GDP.PCAP.KN
Trinidad and Tobago,TTO,Latin America & Caribbean,High income,GDP per capita (current LCU),gdp_per_capita_nominal_lcu_annual,2025,annual,128006.314905203,current local currency units per person,observed,WB_WDI,NY.GDP.PCAP.CN
Trinidad and Tobago,TTO,Latin America & Caribbean,High income,GDP per capita (current US$),gdp_per_capita_nominal_usd_annual,2025,annual,18967.2704636681,current US dollars per person,observed,WB_WDI,NY.GDP.PCAP.CD
Trinidad and Tobago,TTO,Latin America & Caribbean,High income,GDP per capita growth (annual %),gdp_per_capita_real_growth_yoy_pct_annual,2025,annual,-0.746495546326813,percent per year,observed,WB_WDI,NY.GDP.PCAP.KD.ZG
Trinidad and Tobago,TTO,Latin America & Caribbean,High income,"GNI per capita, PPP (current international $)",gni_per_capita_ppp_current_intl_dollar_annual,2025,annual,36080.0,current international dollars per person,observed,WB_WDI,NY.GNP.PCAP.PP.CD
Trinidad and Tobago,TTO,Latin America & Caribbean,High income,"Inflation, consumer prices (annual %)",inflation_consumer_prices_yoy_pct_annual_wdi,2025,annual,0.994489987904821,percent per year,observed,WB_WDI,FP.CPI.TOTL.ZG
Trinidad and Tobago,TTO,Latin America & Caribbean,High income,"Life expectancy at birth, total (years)",life_expectancy_years_annual,2024,annual,73.617,years,observed,WB_WDI,SP.DYN.LE00.IN
Trinidad and Tobago,TTO,Latin America & Caribbean,High income,"Nominal GDP growth, year over year (annual)",gdp_nominal_growth_yoy_pct_annual_lcu,2025,annual,1.1864161132427498,percent per year,derived,WB_WDI,calculated:NY.GDP.MKTP.CN:year_over_year
Trinidad and Tobago,TTO,Latin America & Caribbean,High income,"Nominal GDP per-capita growth, year over year (annual)",gdp_per_capita_nominal_growth_yoy_pct_annual_lcu,2025,annual,1.2285104151608772,percent per year,derived,WB_WDI,calculated:NY.GDP.PCAP.CN:year_over_year
Trinidad and Tobago,TTO,Latin America & Caribbean,High income,"Population, total",population_total_annual,2025,annual,1367764.0,people,observed,WB_WDI,SP.POP.TOTL
Trinidad and Tobago,TTO,Latin America & Caribbean,High income,"Unemployment, total (% of total labor force) (modeled ILO estimate)",unemployment_rate_ilo_modeled_pct_annual,2025,annual,3.329,percent of labor force,observed,WB_WDI,SL.UEM.TOTL.ZS
Tunisia,TUN,"Middle East, North Africa, Afghanistan & Pakistan",Lower middle income,Consumer price index (2010 = 100),cpi_index_annual_wdi,2025,annual,231.511496689166,index points (2010=100),observed,WB_WDI,FP.CPI.TOTL
Tunisia,TUN,"Middle East, North Africa, Afghanistan & Pakistan",Lower middle income,GDP (constant 2015 US$),gdp_real_constant_2015_usd_annual,2025,annual,50410853187.1956,constant 2015 US dollars,observed,WB_WDI,NY.GDP.MKTP.KD
Tunisia,TUN,"Middle East, North Africa, Afghanistan & Pakistan",Lower middle income,GDP (constant LCU),gdp_real_constant_lcu_annual,2025,annual,98887300000.0,constant local currency units (source base year varies),observed,WB_WDI,NY.GDP.MKTP.KN
Tunisia,TUN,"Middle East, North Africa, Afghanistan & Pakistan",Lower middle income,GDP (current LCU),gdp_nominal_current_lcu_annual,2025,annual,172313000000.0,current local currency units,observed,WB_WDI,NY.GDP.MKTP.CN
Tunisia,TUN,"Middle East, North Africa, Afghanistan & Pakistan",Lower middle income,GDP (current US$),gdp_nominal_current_usd_annual,2025,annual,57502836548.0878,current US dollars,observed,WB_WDI,NY.GDP.MKTP.CD
Tunisia,TUN,"Middle East, North Africa, Afghanistan & Pakistan",Lower middle income,GDP growth (annual %),gdp_real_growth_yoy_pct_annual,2025,annual,2.49311010666248,percent per year,observed,WB_WDI,NY.GDP.MKTP.KD.ZG
Tunisia,TUN,"Middle East, North Africa, Afghanistan & Pakistan",Lower middle income,GDP per capita (constant 2015 US$),gdp_per_capita_real_2015_usd_annual,2025,annual,4082.32215877864,constant 2015 US dollars per person,observed,WB_WDI,NY.GDP.PCAP.KD
Tunisia,TUN,"Middle East, North Africa, Afghanistan & Pakistan",Lower middle income,GDP per capita (constant LCU),gdp_per_capita_real_lcu_annual,2025,annual,8007.99412207386,constant local currency units per person (source base year varies),observed,WB_WDI,NY.GDP.PCAP.KN
Tunisia,TUN,"Middle East, North Africa, Afghanistan & Pakistan",Lower middle income,GDP per capita (current LCU),gdp_per_capita_nominal_lcu_annual,2025,annual,13954.0819817804,current local currency units per person,observed,WB_WDI,NY.GDP.PCAP.CN
Tunisia,TUN,"Middle East, North Africa, Afghanistan & Pakistan",Lower middle income,GDP per capita (current US$),gdp_per_capita_nominal_usd_annual,2025,annual,4656.63818386852,current US dollars per person,observed,WB_WDI,NY.GDP.PCAP.CD
Tunisia,TUN,"Middle East, North Africa, Afghanistan & Pakistan",Lower middle income,GDP per capita growth (annual %),gdp_per_capita_real_growth_yoy_pct_annual,2025,annual,1.89995917167896,percent per year,observed,WB_WDI,NY.GDP.PCAP.KD.ZG
Tunisia,TUN,"Middle East, North Africa, Afghanistan & Pakistan",Lower middle income,"GNI per capita, PPP (current international $)",gni_per_capita_ppp_current_intl_dollar_annual,2025,annual,14870.0,current international dollars per person,observed,WB_WDI,NY.GNP.PCAP.PP.CD
Tunisia,TUN,"Middle East, North Africa, Afghanistan & Pakistan",Lower middle income,"Inflation, consumer prices (annual %)",inflation_consumer_prices_yoy_pct_annual_wdi,2025,annual,5.15100197572676,percent per year,observed,WB_WDI,FP.CPI.TOTL.ZG
Tunisia,TUN,"Middle East, North Africa, Afghanistan & Pakistan",Lower middle income,"Life expectancy at birth, total (years)",life_expectancy_years_annual,2024,annual,76.711,years,observed,WB_WDI,SP.DYN.LE00.IN
Tunisia,TUN,"Middle East, North Africa, Afghanistan & Pakistan",Lower middle income,"Nominal GDP growth, year over year (annual)",gdp_nominal_growth_yoy_pct_annual_lcu,2025,annual,7.857006045295267,percent per year,derived,WB_WDI,calculated:NY.GDP.MKTP.CN:year_over_year
Tunisia,TUN,"Middle East, North Africa, Afghanistan & Pakistan",Lower middle income,"Nominal GDP per-capita growth, year over year (annual)",gdp_per_capita_nominal_growth_yoy_pct_annual_lcu,2025,annual,7.232813024771678,percent per year,derived,WB_WDI,calculated:NY.GDP.PCAP.CN:year_over_year
Tunisia,TUN,"Middle East, North Africa, Afghanistan & Pakistan",Lower middle income,"Population, total",population_total_annual,2025,annual,12348573.0,people,observed,WB_WDI,SP.POP.TOTL
Tunisia,TUN,"Middle East, North Africa, Afghanistan & Pakistan",Lower middle income,Poverty headcount ratio at $3.00 a day (2021 PPP) (% of population),poverty_headcount_at_3usd_2021_ppp_pct_annual,2021,annual,0.7,percent of population,observed,WB_WDI,SI.POV.DDAY
Tunisia,TUN,"Middle East, North Africa, Afghanistan & Pakistan",Lower middle income,"Unemployment, total (% of total labor force) (modeled ILO estimate)",unemployment_rate_ilo_modeled_pct_annual,2025,annual,15.108,percent of labor force,observed,WB_WDI,SL.UEM.TOTL.ZS
Turkiye,TUR,Europe & Central Asia,Upper middle income,Consumer price index (2010 = 100),cpi_index_annual_wdi,2025,annual,1784.32128176383,index points (2010=100),observed,WB_WDI,FP.CPI.TOTL
Turkiye,TUR,Europe & Central Asia,Upper middle income,GDP (constant 2015 US$),gdp_real_constant_2015_usd_annual,2025,annual,1364019302183.26,constant 2015 US dollars,observed,WB_WDI,NY.GDP.MKTP.KD
Turkiye,TUR,Europe & Central Asia,Upper middle income,GDP (constant LCU),gdp_real_constant_lcu_annual,2025,annual,2421385675900.0,constant local currency units (source base year varies),observed,WB_WDI,NY.GDP.MKTP.KN
Turkiye,TUR,Europe & Central Asia,Upper middle income,GDP (current LCU),gdp_nominal_current_lcu_annual,2025,annual,63020905823900.0,current local currency units,observed,WB_WDI,NY.GDP.MKTP.CN
Turkiye,TUR,Europe & Central Asia,Upper middle income,GDP (current US$),gdp_nominal_current_usd_annual,2025,annual,1597293229287.0,current US dollars,observed,WB_WDI,NY.GDP.MKTP.CD
Turkiye,TUR,Europe & Central Asia,Upper middle income,GDP growth (annual %),gdp_real_growth_yoy_pct_annual,2025,annual,3.60462514082589,percent per year,observed,WB_WDI,NY.GDP.MKTP.KD.ZG
Turkiye,TUR,Europe & Central Asia,Upper middle income,GDP per capita (constant 2015 US$),gdp_per_capita_real_2015_usd_annual,2025,annual,15883.1187401807,constant 2015 US dollars per person,observed,WB_WDI,NY.GDP.PCAP.KD
Turkiye,TUR,Europe & Central Asia,Upper middle income,GDP per capita (constant LCU),gdp_per_capita_real_lcu_annual,2025,annual,28195.4633226483,constant local currency units per person (source base year varies),observed,WB_WDI,NY.GDP.PCAP.KN
Turkiye,TUR,Europe & Central Asia,Upper middle income,GDP per capita (current LCU),gdp_per_capita_nominal_lcu_annual,2025,annual,733837.511472596,current local currency units per person,observed,WB_WDI,NY.GDP.PCAP.CN
Turkiye,TUR,Europe & Central Asia,Upper middle income,GDP per capita (current US$),gdp_per_capita_nominal_usd_annual,2025,annual,18599.4420922378,current US dollars per person,observed,WB_WDI,NY.GDP.PCAP.CD
Turkiye,TUR,Europe & Central Asia,Upper middle income,GDP per capita growth (annual %),gdp_per_capita_real_growth_yoy_pct_annual,2025,annual,3.17044473186495,percent per year,observed,WB_WDI,NY.GDP.PCAP.KD.ZG
Turkiye,TUR,Europe & Central Asia,Upper middle income,"GNI per capita, PPP (current international $)",gni_per_capita_ppp_current_intl_dollar_annual,2025,annual,44630.0,current international dollars per person,observed,WB_WDI,NY.GNP.PCAP.PP.CD
Turkiye,TUR,Europe & Central Asia,Upper middle income,"Inflation, consumer prices (annual %)",inflation_consumer_prices_yoy_pct_annual_wdi,2025,annual,34.8811629820306,percent per year,observed,WB_WDI,FP.CPI.TOTL.ZG
Turkiye,TUR,Europe & Central Asia,Upper middle income,"Life expectancy at birth, total (years)",life_expectancy_years_annual,2024,annual,77.421,years,observed,WB_WDI,SP.DYN.LE00.IN
Turkiye,TUR,Europe & Central Asia,Upper middle income,"Nominal GDP growth, year over year (annual)",gdp_nominal_growth_yoy_pct_annual_lcu,2025,annual,41.34296359934548,percent per year,derived,WB_WDI,calculated:NY.GDP.MKTP.CN:year_over_year
Turkiye,TUR,Europe & Central Asia,Upper middle income,"Nominal GDP per-capita growth, year over year (annual)",gdp_per_capita_nominal_growth_yoy_pct_annual_lcu,2025,annual,40.7506314939408,percent per year,derived,WB_WDI,calculated:NY.GDP.PCAP.CN:year_over_year
Turkiye,TUR,Europe & Central Asia,Upper middle income,"Population, total",population_total_annual,2025,annual,85878556.0,people,observed,WB_WDI,SP.POP.TOTL
Turkiye,TUR,Europe & Central Asia,Upper middle income,Poverty headcount ratio at $3.00 a day (2021 PPP) (% of population),poverty_headcount_at_3usd_2021_ppp_pct_annual,2023,annual,0.2,percent of population,observed,WB_WDI,SI.POV.DDAY
Turkiye,TUR,Europe & Central Asia,Upper middle income,"Unemployment, total (% of total labor force) (modeled ILO estimate)",unemployment_rate_ilo_modeled_pct_annual,2025,annual,8.52,percent of labor force,observed,WB_WDI,SL.UEM.TOTL.ZS
Tuvalu,TUV,East Asia & Pacific,Upper middle income,Consumer price index (2010 = 100),cpi_index_annual_wdi,2011,annual,100.500580743153,index points (2010=100),observed,WB_WDI,FP.CPI.TOTL
Tuvalu,TUV,East Asia & Pacific,Upper middle income,GDP (constant 2015 US$),gdp_real_constant_2015_usd_annual,2025,annual,42970405.4713124,constant 2015 US dollars,observed,WB_WDI,NY.GDP.MKTP.KD
Tuvalu,TUV,East Asia & Pacific,Upper middle income,GDP (constant LCU),gdp_real_constant_lcu_annual,2025,annual,62000000.0,constant local currency units (source base year varies),observed,WB_WDI,NY.GDP.MKTP.KN
Tuvalu,TUV,East Asia & Pacific,Upper middle income,GDP (current LCU),gdp_nominal_current_lcu_annual,2025,annual,89000000.0,current local currency units,observed,WB_WDI,NY.GDP.MKTP.CN
Tuvalu,TUV,East Asia & Pacific,Upper middle income,GDP (current US$),gdp_nominal_current_usd_annual,2025,annual,57345434.7234984,current US dollars,observed,WB_WDI,NY.GDP.MKTP.CD
Tuvalu,TUV,East Asia & Pacific,Upper middle income,GDP growth (annual %),gdp_real_growth_yoy_pct_annual,2025,annual,1.63934426229508,percent per year,observed,WB_WDI,NY.GDP.MKTP.KD.ZG
Tuvalu,TUV,East Asia & Pacific,Upper middle income,GDP per capita (constant 2015 US$),gdp_per_capita_real_2015_usd_annual,2025,annual,4527.01279723055,constant 2015 US dollars per person,observed,WB_WDI,NY.GDP.PCAP.KD
Tuvalu,TUV,East Asia & Pacific,Upper middle income,GDP per capita (constant LCU),gdp_per_capita_real_lcu_annual,2025,annual,6531.81626632954,constant local currency units per person (source base year varies),observed,WB_WDI,NY.GDP.PCAP.KN
Tuvalu,TUV,East Asia & Pacific,Upper middle income,GDP per capita (current LCU),gdp_per_capita_nominal_lcu_annual,2025,annual,9376.31689844079,current local currency units per person,observed,WB_WDI,NY.GDP.PCAP.CN
Tuvalu,TUV,East Asia & Pacific,Upper middle income,GDP per capita (current US$),gdp_per_capita_nominal_usd_annual,2025,annual,6041.44908591428,current US dollars per person,observed,WB_WDI,NY.GDP.PCAP.CD
Tuvalu,TUV,East Asia & Pacific,Upper middle income,GDP per capita growth (annual %),gdp_per_capita_real_growth_yoy_pct_annual,2025,annual,3.28836017215532,percent per year,observed,WB_WDI,NY.GDP.PCAP.KD.ZG
Tuvalu,TUV,East Asia & Pacific,Upper middle income,"GNI per capita, PPP (current international $)",gni_per_capita_ppp_current_intl_dollar_annual,2025,annual,11000.0,current international dollars per person,observed,WB_WDI,NY.GNP.PCAP.PP.CD
Tuvalu,TUV,East Asia & Pacific,Upper middle income,"Inflation, consumer prices (annual %)",inflation_consumer_prices_yoy_pct_annual_wdi,2011,annual,0.5005807431527,percent per year,observed,WB_WDI,FP.CPI.TOTL.ZG
Tuvalu,TUV,East Asia & Pacific,Upper middle income,"Life expectancy at birth, total (years)",life_expectancy_years_annual,2024,annual,67.259,years,observed,WB_WDI,SP.DYN.LE00.IN
Tuvalu,TUV,East Asia & Pacific,Upper middle income,"Nominal GDP growth, year over year (annual)",gdp_nominal_growth_yoy_pct_annual_lcu,2025,annual,3.488372093023262,percent per year,derived,WB_WDI,calculated:NY.GDP.MKTP.CN:year_over_year
Tuvalu,TUV,East Asia & Pacific,Upper middle income,"Nominal GDP per-capita growth, year over year (annual)",gdp_per_capita_nominal_growth_yoy_pct_annual_lcu,2025,annual,5.167386979488264,percent per year,derived,WB_WDI,calculated:NY.GDP.PCAP.CN:year_over_year
Tuvalu,TUV,East Asia & Pacific,Upper middle income,"Population, total",population_total_annual,2025,annual,9492.0,people,observed,WB_WDI,SP.POP.TOTL
Tuvalu,TUV,East Asia & Pacific,Upper middle income,Poverty headcount ratio at $3.00 a day (2021 PPP) (% of population),poverty_headcount_at_3usd_2021_ppp_pct_annual,2010,annual,9.0,percent of population,observed,WB_WDI,SI.POV.DDAY
Tanzania,TZA,Sub-Saharan Africa,Lower middle income,Consumer price index (2010 = 100),cpi_index_annual_wdi,2025,annual,231.535937803889,index points (2010=100),observed,WB_WDI,FP.CPI.TOTL
Tanzania,TZA,Sub-Saharan Africa,Lower middle income,GDP (constant 2015 US$),gdp_real_constant_2015_usd_annual,2025,annual,78821459765.6257,constant 2015 US dollars,observed,WB_WDI,NY.GDP.MKTP.KD
Tanzania,TZA,Sub-Saharan Africa,Lower middle income,GDP (constant LCU),gdp_real_constant_lcu_annual,2025,annual,156847415450400.0,constant local currency units (source base year varies),observed,WB_WDI,NY.GDP.MKTP.KN
Tanzania,TZA,Sub-Saharan Africa,Lower middle income,GDP (current LCU),gdp_nominal_current_lcu_annual,2025,annual,229055337502300.0,current local currency units,observed,WB_WDI,NY.GDP.MKTP.CN
Tanzania,TZA,Sub-Saharan Africa,Lower middle income,GDP (current US$),gdp_nominal_current_usd_annual,2025,annual,90143496090.4411,current US dollars,observed,WB_WDI,NY.GDP.MKTP.CD
Tanzania,TZA,Sub-Saharan Africa,Lower middle income,GDP growth (annual %),gdp_real_growth_yoy_pct_annual,2025,annual,5.85286828692739,percent per year,observed,WB_WDI,NY.GDP.MKTP.KD.ZG
Tanzania,TZA,Sub-Saharan Africa,Lower middle income,GDP per capita (constant 2015 US$),gdp_per_capita_real_2015_usd_annual,2025,annual,1153.17529296875,constant 2015 US dollars per person,observed,WB_WDI,NY.GDP.PCAP.KD
Tanzania,TZA,Sub-Saharan Africa,Lower middle income,GDP per capita (constant LCU),gdp_per_capita_real_lcu_annual,2025,annual,2294712.25,constant local currency units per person (source base year varies),observed,WB_WDI,NY.GDP.PCAP.KN
Tanzania,TZA,Sub-Saharan Africa,Lower middle income,GDP per capita (current LCU),gdp_per_capita_nominal_lcu_annual,2025,annual,3351130.0,current local currency units per person,observed,WB_WDI,NY.GDP.PCAP.CN
Tanzania,TZA,Sub-Saharan Africa,Lower middle income,GDP per capita (current US$),gdp_per_capita_nominal_usd_annual,2025,annual,1318.81921386719,current US dollars per person,observed,WB_WDI,NY.GDP.PCAP.CD
Tanzania,TZA,Sub-Saharan Africa,Lower middle income,GDP per capita growth (annual %),gdp_per_capita_real_growth_yoy_pct_annual,2025,annual,2.89095957066445,percent per year,observed,WB_WDI,NY.GDP.PCAP.KD.ZG
Tanzania,TZA,Sub-Saharan Africa,Lower middle income,"GNI per capita, PPP (current international $)",gni_per_capita_ppp_current_intl_dollar_annual,2025,annual,4370.0,current international dollars per person,observed,WB_WDI,NY.GNP.PCAP.PP.CD
Tanzania,TZA,Sub-Saharan Africa,Lower middle income,"Inflation, consumer prices (annual %)",inflation_consumer_prices_yoy_pct_annual_wdi,2025,annual,3.32697361316105,percent per year,observed,WB_WDI,FP.CPI.TOTL.ZG
Tanzania,TZA,Sub-Saharan Africa,Lower middle income,"Life expectancy at birth, total (years)",life_expectancy_years_annual,2024,annual,67.212,years,observed,WB_WDI,SP.DYN.LE00.IN
Tanzania,TZA,Sub-Saharan Africa,Lower middle income,"Nominal GDP growth, year over year (annual)",gdp_nominal_growth_yoy_pct_annual_lcu,2025,annual,11.274831144342112,percent per year,derived,WB_WDI,calculated:NY.GDP.MKTP.CN:year_over_year
Tanzania,TZA,Sub-Saharan Africa,Lower middle income,"Nominal GDP per-capita growth, year over year (annual)",gdp_per_capita_nominal_growth_yoy_pct_annual_lcu,2025,annual,8.161215283384049,percent per year,derived,WB_WDI,calculated:NY.GDP.PCAP.CN:year_over_year
Tanzania,TZA,Sub-Saharan Africa,Lower middle income,"Population, total",population_total_annual,2025,annual,70545865.0,people,observed,WB_WDI,SP.POP.TOTL
Tanzania,TZA,Sub-Saharan Africa,Lower middle income,Poverty headcount ratio at $3.00 a day (2021 PPP) (% of population),poverty_headcount_at_3usd_2021_ppp_pct_annual,2018,annual,51.3,percent of population,observed,WB_WDI,SI.POV.DDAY
Tanzania,TZA,Sub-Saharan Africa,Lower middle income,"Unemployment, total (% of total labor force) (modeled ILO estimate)",unemployment_rate_ilo_modeled_pct_annual,2025,annual,1.572,percent of labor force,observed,WB_WDI,SL.UEM.TOTL.ZS
Uganda,UGA,Sub-Saharan Africa,Low income,Consumer price index (2010 = 100),cpi_index_annual_wdi,2025,annual,224.675273352364,index points (2010=100),observed,WB_WDI,FP.CPI.TOTL
Uganda,UGA,Sub-Saharan Africa,Low income,GDP (constant 2015 US$),gdp_real_constant_2015_usd_annual,2025,annual,52442200144.5364,constant 2015 US dollars,observed,WB_WDI,NY.GDP.MKTP.KD
Uganda,UGA,Sub-Saharan Africa,Low income,GDP (constant LCU),gdp_real_constant_lcu_annual,2025,annual,162605857809400.0,constant local currency units (source base year varies),observed,WB_WDI,NY.GDP.MKTP.KN
Uganda,UGA,Sub-Saharan Africa,Low income,GDP (current LCU),gdp_nominal_current_lcu_annual,2025,annual,227874596880300.0,current local currency units,observed,WB_WDI,NY.GDP.MKTP.CN
Uganda,UGA,Sub-Saharan Africa,Low income,GDP (current US$),gdp_nominal_current_usd_annual,2025,annual,61985829288.1496,current US dollars,observed,WB_WDI,NY.GDP.MKTP.CD
Uganda,UGA,Sub-Saharan Africa,Low income,GDP growth (annual %),gdp_real_growth_yoy_pct_annual,2025,annual,6.33181157677313,percent per year,observed,WB_WDI,NY.GDP.MKTP.KD.ZG
Uganda,UGA,Sub-Saharan Africa,Low income,GDP per capita (constant 2015 US$),gdp_per_capita_real_2015_usd_annual,2025,annual,1020.5762056167,constant 2015 US dollars per person,observed,WB_WDI,NY.GDP.PCAP.KD
Uganda,UGA,Sub-Saharan Africa,Low income,GDP per capita (constant LCU),gdp_per_capita_real_lcu_annual,2025,annual,3164468.09853106,constant local currency units per person (source base year varies),observed,WB_WDI,NY.GDP.PCAP.KN
Uganda,UGA,Sub-Saharan Africa,Low income,GDP per capita (current LCU),gdp_per_capita_nominal_lcu_annual,2025,annual,4434661.22320501,current local currency units per person,observed,WB_WDI,NY.GDP.PCAP.CN
Uganda,UGA,Sub-Saharan Africa,Low income,GDP per capita (current US$),gdp_per_capita_nominal_usd_annual,2025,annual,1206.30450825002,current US dollars per person,observed,WB_WDI,NY.GDP.PCAP.CD
Uganda,UGA,Sub-Saharan Africa,Low income,GDP per capita growth (annual %),gdp_per_capita_real_growth_yoy_pct_annual,2025,annual,3.49725229634556,percent per year,observed,WB_WDI,NY.GDP.PCAP.KD.ZG
Uganda,UGA,Sub-Saharan Africa,Low income,"GNI per capita, PPP (current international $)",gni_per_capita_ppp_current_intl_dollar_annual,2025,annual,3410.0,current international dollars per person,observed,WB_WDI,NY.GNP.PCAP.PP.CD
Uganda,UGA,Sub-Saharan Africa,Low income,"Inflation, consumer prices (annual %)",inflation_consumer_prices_yoy_pct_annual_wdi,2025,annual,3.58082784438067,percent per year,observed,WB_WDI,FP.CPI.TOTL.ZG
Uganda,UGA,Sub-Saharan Africa,Low income,"Life expectancy at birth, total (years)",life_expectancy_years_annual,2024,annual,68.487,years,observed,WB_WDI,SP.DYN.LE00.IN
Uganda,UGA,Sub-Saharan Africa,Low income,"Nominal GDP growth, year over year (annual)",gdp_nominal_growth_yoy_pct_annual_lcu,2025,annual,11.863479169837433,percent per year,derived,WB_WDI,calculated:NY.GDP.MKTP.CN:year_over_year
Uganda,UGA,Sub-Saharan Africa,Low income,"Nominal GDP per-capita growth, year over year (annual)",gdp_per_capita_nominal_growth_yoy_pct_annual_lcu,2025,annual,8.881458471423587,percent per year,derived,WB_WDI,calculated:NY.GDP.PCAP.CN:year_over_year
Uganda,UGA,Sub-Saharan Africa,Low income,"Population, total",population_total_annual,2025,annual,51384894.0,people,observed,WB_WDI,SP.POP.TOTL
Uganda,UGA,Sub-Saharan Africa,Low income,Poverty headcount ratio at $3.00 a day (2021 PPP) (% of population),poverty_headcount_at_3usd_2021_ppp_pct_annual,2019,annual,59.8,percent of population,observed,WB_WDI,SI.POV.DDAY
Uganda,UGA,Sub-Saharan Africa,Low income,"Unemployment, total (% of total labor force) (modeled ILO estimate)",unemployment_rate_ilo_modeled_pct_annual,2025,annual,2.746,percent of labor force,observed,WB_WDI,SL.UEM.TOTL.ZS
Ukraine,UKR,Europe & Central Asia,Upper middle income,Consumer price index (2010 = 100),cpi_index_annual_wdi,2025,annual,515.280179868558,index points (2010=100),observed,WB_WDI,FP.CPI.TOTL
Ukraine,UKR,Europe & Central Asia,Upper middle income,GDP (constant 2015 US$),gdp_real_constant_2015_usd_annual,2025,annual,80225421017.1528,constant 2015 US dollars,observed,WB_WDI,NY.GDP.MKTP.KD
Ukraine,UKR,Europe & Central Asia,Upper middle income,GDP (constant LCU),gdp_real_constant_lcu_annual,2025,annual,2052127399661.5,constant local currency units (source base year varies),observed,WB_WDI,NY.GDP.MKTP.KN
Ukraine,UKR,Europe & Central Asia,Upper middle income,GDP (current LCU),gdp_nominal_current_lcu_annual,2025,annual,8931194000000.0,current local currency units,observed,WB_WDI,NY.GDP.MKTP.CN
Ukraine,UKR,Europe & Central Asia,Upper middle income,GDP (current US$),gdp_nominal_current_usd_annual,2025,annual,214233312784.397,current US dollars,observed,WB_WDI,NY.GDP.MKTP.CD
Ukraine,UKR,Europe & Central Asia,Upper middle income,GDP growth (annual %),gdp_real_growth_yoy_pct_annual,2025,annual,1.82152376756284,percent per year,observed,WB_WDI,NY.GDP.MKTP.KD.ZG
Ukraine,UKR,Europe & Central Asia,Upper middle income,GDP per capita (constant 2015 US$),gdp_per_capita_real_2015_usd_annual,2025,annual,2196.63818359375,constant 2015 US dollars per person,observed,WB_WDI,NY.GDP.PCAP.KD
Ukraine,UKR,Europe & Central Asia,Upper middle income,GDP per capita (constant LCU),gdp_per_capita_real_lcu_annual,2025,annual,56188.94140625,constant local currency units per person (source base year varies),observed,WB_WDI,NY.GDP.PCAP.KN
Ukraine,UKR,Europe & Central Asia,Upper middle income,GDP per capita (current LCU),gdp_per_capita_nominal_lcu_annual,2025,annual,244543.453125,current local currency units per person,observed,WB_WDI,NY.GDP.PCAP.CN
Ukraine,UKR,Europe & Central Asia,Upper middle income,GDP per capita (current US$),gdp_per_capita_nominal_usd_annual,2025,annual,5865.884765625,current US dollars per person,observed,WB_WDI,NY.GDP.PCAP.CD
Ukraine,UKR,Europe & Central Asia,Upper middle income,GDP per capita growth (annual %),gdp_per_capita_real_growth_yoy_pct_annual,2025,annual,-1.32161434081765,percent per year,observed,WB_WDI,NY.GDP.PCAP.KD.ZG
Ukraine,UKR,Europe & Central Asia,Upper middle income,"GNI per capita, PPP (current international $)",gni_per_capita_ppp_current_intl_dollar_annual,2025,annual,18750.0,current international dollars per person,observed,WB_WDI,NY.GNP.PCAP.PP.CD
Ukraine,UKR,Europe & Central Asia,Upper middle income,"Inflation, consumer prices (annual %)",inflation_consumer_prices_yoy_pct_annual_wdi,2025,annual,12.7303341026903,percent per year,observed,WB_WDI,FP.CPI.TOTL.ZG
Ukraine,UKR,Europe & Central Asia,Upper middle income,"Life expectancy at birth, total (years)",life_expectancy_years_annual,2024,annual,74.692,years,observed,WB_WDI,SP.DYN.LE00.IN
Ukraine,UKR,Europe & Central Asia,Upper middle income,"Nominal GDP growth, year over year (annual)",gdp_nominal_growth_yoy_pct_annual_lcu,2025,annual,16.559067318022503,percent per year,derived,WB_WDI,calculated:NY.GDP.MKTP.CN:year_over_year
Ukraine,UKR,Europe & Central Asia,Upper middle income,"Nominal GDP per-capita growth, year over year (annual)",gdp_per_capita_nominal_growth_yoy_pct_annual_lcu,2025,annual,12.960987747989329,percent per year,derived,WB_WDI,calculated:NY.GDP.PCAP.CN:year_over_year
Ukraine,UKR,Europe & Central Asia,Upper middle income,"Population, total",population_total_annual,2025,annual,38980376.0,people,observed,WB_WDI,SP.POP.TOTL
Ukraine,UKR,Europe & Central Asia,Upper middle income,Poverty headcount ratio at $3.00 a day (2021 PPP) (% of population),poverty_headcount_at_3usd_2021_ppp_pct_annual,2020,annual,0.0,percent of population,observed,WB_WDI,SI.POV.DDAY
Ukraine,UKR,Europe & Central Asia,Upper middle income,"Unemployment, total (% of total labor force) (modeled ILO estimate)",unemployment_rate_ilo_modeled_pct_annual,2021,annual,9.834,percent of labor force,observed,WB_WDI,SL.UEM.TOTL.ZS
Uruguay,URY,Latin America & Caribbean,High income,Consumer price index (2010 = 100),cpi_index_annual_wdi,2025,annual,304.14784790614,index points (2010=100),observed,WB_WDI,FP.CPI.TOTL
Uruguay,URY,Latin America & Caribbean,High income,GDP (constant 2015 US$),gdp_real_constant_2015_usd_annual,2025,annual,65576691278.1303,constant 2015 US dollars,observed,WB_WDI,NY.GDP.MKTP.KD
Uruguay,URY,Latin America & Caribbean,High income,GDP (constant LCU),gdp_real_constant_lcu_annual,2025,annual,1938366451000.0,constant local currency units (source base year varies),observed,WB_WDI,NY.GDP.MKTP.KN
Uruguay,URY,Latin America & Caribbean,High income,GDP (current LCU),gdp_nominal_current_lcu_annual,2025,annual,3515517100000.0,current local currency units,observed,WB_WDI,NY.GDP.MKTP.CN
Uruguay,URY,Latin America & Caribbean,High income,GDP (current US$),gdp_nominal_current_usd_annual,2025,annual,85347696277.6859,current US dollars,observed,WB_WDI,NY.GDP.MKTP.CD
Uruguay,URY,Latin America & Caribbean,High income,GDP growth (annual %),gdp_real_growth_yoy_pct_annual,2025,annual,1.78471117082752,percent per year,observed,WB_WDI,NY.GDP.MKTP.KD.ZG
Uruguay,URY,Latin America & Caribbean,High income,GDP per capita (constant 2015 US$),gdp_per_capita_real_2015_usd_annual,2025,annual,19374.5158425622,constant 2015 US dollars per person,observed,WB_WDI,NY.GDP.PCAP.KD
Uruguay,URY,Latin America & Caribbean,High income,GDP per capita (constant LCU),gdp_per_capita_real_lcu_annual,2025,annual,572686.891967591,constant local currency units per person (source base year varies),observed,WB_WDI,NY.GDP.PCAP.KN
Uruguay,URY,Latin America & Caribbean,High income,GDP per capita (current LCU),gdp_per_capita_nominal_lcu_annual,2025,annual,1038653.2229854,current local currency units per person,observed,WB_WDI,NY.GDP.PCAP.CN
Uruguay,URY,Latin America & Caribbean,High income,GDP per capita (current US$),gdp_per_capita_nominal_usd_annual,2025,annual,25215.8238152781,current US dollars per person,observed,WB_WDI,NY.GDP.PCAP.CD
Uruguay,URY,Latin America & Caribbean,High income,GDP per capita growth (annual %),gdp_per_capita_real_growth_yoy_pct_annual,2025,annual,1.84184818056804,percent per year,observed,WB_WDI,NY.GDP.PCAP.KD.ZG
Uruguay,URY,Latin America & Caribbean,High income,"GNI per capita, PPP (current international $)",gni_per_capita_ppp_current_intl_dollar_annual,2025,annual,36330.0,current international dollars per person,observed,WB_WDI,NY.GNP.PCAP.PP.CD
Uruguay,URY,Latin America & Caribbean,High income,"Inflation, consumer prices (annual %)",inflation_consumer_prices_yoy_pct_annual_wdi,2025,annual,4.65032720433324,percent per year,observed,WB_WDI,FP.CPI.TOTL.ZG
Uruguay,URY,Latin America & Caribbean,High income,"Life expectancy at birth, total (years)",life_expectancy_years_annual,2024,annual,78.287,years,observed,WB_WDI,SP.DYN.LE00.IN
Uruguay,URY,Latin America & Caribbean,High income,"Nominal GDP growth, year over year (annual)",gdp_nominal_growth_yoy_pct_annual_lcu,2025,annual,6.195128756020818,percent per year,derived,WB_WDI,calculated:NY.GDP.MKTP.CN:year_over_year
Uruguay,URY,Latin America & Caribbean,High income,"Nominal GDP per-capita growth, year over year (annual)",gdp_per_capita_nominal_growth_yoy_pct_annual_lcu,2025,annual,6.254741560697941,percent per year,derived,WB_WDI,calculated:NY.GDP.PCAP.CN:year_over_year
Uruguay,URY,Latin America & Caribbean,High income,"Population, total",population_total_annual,2025,annual,3384688.0,people,observed,WB_WDI,SP.POP.TOTL
Uruguay,URY,Latin America & Caribbean,High income,Poverty headcount ratio at $3.00 a day (2021 PPP) (% of population),poverty_headcount_at_3usd_2021_ppp_pct_annual,2024,annual,0.2,percent of population,observed,WB_WDI,SI.POV.DDAY
Uruguay,URY,Latin America & Caribbean,High income,"Unemployment, total (% of total labor force) (modeled ILO estimate)",unemployment_rate_ilo_modeled_pct_annual,2025,annual,7.516,percent of labor force,observed,WB_WDI,SL.UEM.TOTL.ZS
United States,USA,North America,High income,Consumer price index (2010 = 100),cpi_index_annual_wdi,2024,annual,143.857336014608,index points (2010=100),observed,WB_WDI,FP.CPI.TOTL
United States,USA,North America,High income,GDP (constant 2015 US$),gdp_real_constant_2015_usd_annual,2025,annual,23222782186839.4,constant 2015 US dollars,observed,WB_WDI,NY.GDP.MKTP.KD
United States,USA,North America,High income,GDP (constant LCU),gdp_real_constant_lcu_annual,2025,annual,25146527796000.0,constant local currency units (source base year varies),observed,WB_WDI,NY.GDP.MKTP.KN
United States,USA,North America,High income,GDP (current LCU),gdp_nominal_current_lcu_annual,2025,annual,30769700000000.0,current local currency units,observed,WB_WDI,NY.GDP.MKTP.CN
United States,USA,North America,High income,GDP (current US$),gdp_nominal_current_usd_annual,2025,annual,30769700000000.0,current US dollars,observed,WB_WDI,NY.GDP.MKTP.CD
United States,USA,North America,High income,GDP growth (annual %),gdp_real_growth_yoy_pct_annual,2025,annual,2.16138195623856,percent per year,observed,WB_WDI,NY.GDP.MKTP.KD.ZG
United States,USA,North America,High income,GDP per capita (constant 2015 US$),gdp_per_capita_real_2015_usd_annual,2025,annual,67945.6146497427,constant 2015 US dollars per person,observed,WB_WDI,NY.GDP.PCAP.KD
United States,USA,North America,High income,GDP per capita (constant LCU),gdp_per_capita_real_lcu_annual,2025,annual,73574.1425665327,constant local currency units per person (source base year varies),observed,WB_WDI,NY.GDP.PCAP.KN
United States,USA,North America,High income,GDP per capita (current LCU),gdp_per_capita_nominal_lcu_annual,2025,annual,90026.5163005744,current local currency units per person,observed,WB_WDI,NY.GDP.PCAP.CN
United States,USA,North America,High income,GDP per capita (current US$),gdp_per_capita_nominal_usd_annual,2025,annual,90026.5163005744,current US dollars per person,observed,WB_WDI,NY.GDP.PCAP.CD
United States,USA,North America,High income,GDP per capita growth (annual %),gdp_per_capita_real_growth_yoy_pct_annual,2025,annual,1.62901328272834,percent per year,observed,WB_WDI,NY.GDP.PCAP.KD.ZG
United States,USA,North America,High income,"GNI per capita, PPP (current international $)",gni_per_capita_ppp_current_intl_dollar_annual,2025,annual,89490.0,current international dollars per person,observed,WB_WDI,NY.GNP.PCAP.PP.CD
United States,USA,North America,High income,"Inflation, consumer prices (annual %)",inflation_consumer_prices_yoy_pct_annual_wdi,2024,annual,2.94952520485207,percent per year,observed,WB_WDI,FP.CPI.TOTL.ZG
United States,USA,North America,High income,"Life expectancy at birth, total (years)",life_expectancy_years_annual,2024,annual,78.890243902439,years,observed,WB_WDI,SP.DYN.LE00.IN
United States,USA,North America,High income,"Nominal GDP growth, year over year (annual)",gdp_nominal_growth_yoy_pct_annual_lcu,2025,annual,5.023163174922485,percent per year,derived,WB_WDI,calculated:NY.GDP.MKTP.CN:year_over_year
United States,USA,North America,High income,"Nominal GDP per-capita growth, year over year (annual)",gdp_per_capita_nominal_growth_yoy_pct_annual_lcu,2025,annual,4.475881599471276,percent per year,derived,WB_WDI,calculated:NY.GDP.PCAP.CN:year_over_year
United States,USA,North America,High income,"Population, total",population_total_annual,2025,annual,341784857.0,people,observed,WB_WDI,SP.POP.TOTL
United States,USA,North America,High income,Poverty headcount ratio at $3.00 a day (2021 PPP) (% of population),poverty_headcount_at_3usd_2021_ppp_pct_annual,2024,annual,1.1,percent of population,observed,WB_WDI,SI.POV.DDAY
United States,USA,North America,High income,"Unemployment, total (% of total labor force) (modeled ILO estimate)",unemployment_rate_ilo_modeled_pct_annual,2025,annual,4.198,percent of labor force,observed,WB_WDI,SL.UEM.TOTL.ZS
Uzbekistan,UZB,Europe & Central Asia,Lower middle income,Consumer price index (2010 = 100),cpi_index_annual_wdi,2025,annual,518.891660593249,index points (2010=100),observed,WB_WDI,FP.CPI.TOTL
Uzbekistan,UZB,Europe & Central Asia,Lower middle income,GDP (constant 2015 US$),gdp_real_constant_2015_usd_annual,2025,annual,175361956576.381,constant 2015 US dollars,observed,WB_WDI,NY.GDP.MKTP.KD
Uzbekistan,UZB,Europe & Central Asia,Lower middle income,GDP (constant LCU),gdp_real_constant_lcu_annual,2025,annual,230664180449969.0,constant local currency units (source base year varies),observed,WB_WDI,NY.GDP.MKTP.KN
Uzbekistan,UZB,Europe & Central Asia,Lower middle income,GDP (current LCU),gdp_nominal_current_lcu_annual,2025,annual,1849650006700000.0,current local currency units,observed,WB_WDI,NY.GDP.MKTP.CN
Uzbekistan,UZB,Europe & Central Asia,Lower middle income,GDP (current US$),gdp_nominal_current_usd_annual,2025,annual,147038081129.405,current US dollars,observed,WB_WDI,NY.GDP.MKTP.CD
Uzbekistan,UZB,Europe & Central Asia,Lower middle income,GDP growth (annual %),gdp_real_growth_yoy_pct_annual,2025,annual,7.69962477932913,percent per year,observed,WB_WDI,NY.GDP.MKTP.KD.ZG
Uzbekistan,UZB,Europe & Central Asia,Lower middle income,GDP per capita (constant 2015 US$),gdp_per_capita_real_2015_usd_annual,2025,annual,4732.67835236137,constant 2015 US dollars per person,observed,WB_WDI,NY.GDP.PCAP.KD
Uzbekistan,UZB,Europe & Central Asia,Lower middle income,GDP per capita (constant LCU),gdp_per_capita_real_lcu_annual,2025,annual,6225177.88232627,constant local currency units per person (source base year varies),observed,WB_WDI,NY.GDP.PCAP.KN
Uzbekistan,UZB,Europe & Central Asia,Lower middle income,GDP per capita (current LCU),gdp_per_capita_nominal_lcu_annual,2025,annual,49918458.4675944,current local currency units per person,observed,WB_WDI,NY.GDP.PCAP.CN
Uzbekistan,UZB,Europe & Central Asia,Lower middle income,GDP per capita (current US$),gdp_per_capita_nominal_usd_annual,2025,annual,3968.2720079072,current US dollars per person,observed,WB_WDI,NY.GDP.PCAP.CD
Uzbekistan,UZB,Europe & Central Asia,Lower middle income,GDP per capita growth (annual %),gdp_per_capita_real_growth_yoy_pct_annual,2025,annual,5.68950787978028,percent per year,observed,WB_WDI,NY.GDP.PCAP.KD.ZG
Uzbekistan,UZB,Europe & Central Asia,Lower middle income,"GNI per capita, PPP (current international $)",gni_per_capita_ppp_current_intl_dollar_annual,2025,annual,13640.0,current international dollars per person,observed,WB_WDI,NY.GNP.PCAP.PP.CD
Uzbekistan,UZB,Europe & Central Asia,Lower middle income,"Inflation, consumer prices (annual %)",inflation_consumer_prices_yoy_pct_annual_wdi,2025,annual,8.79638847052461,percent per year,observed,WB_WDI,FP.CPI.TOTL.ZG
Uzbekistan,UZB,Europe & Central Asia,Lower middle income,"Life expectancy at birth, total (years)",life_expectancy_years_annual,2024,annual,72.528,years,observed,WB_WDI,SP.DYN.LE00.IN
Uzbekistan,UZB,Europe & Central Asia,Lower middle income,"Nominal GDP growth, year over year (annual)",gdp_nominal_growth_yoy_pct_annual_lcu,2025,annual,20.464489082219963,percent per year,derived,WB_WDI,calculated:NY.GDP.MKTP.CN:year_over_year
Uzbekistan,UZB,Europe & Central Asia,Lower middle income,"Nominal GDP per-capita growth, year over year (annual)",gdp_per_capita_nominal_growth_yoy_pct_annual_lcu,2025,annual,18.216127439402506,percent per year,derived,WB_WDI,calculated:NY.GDP.PCAP.CN:year_over_year
Uzbekistan,UZB,Europe & Central Asia,Lower middle income,"Population, total",population_total_annual,2025,annual,37053428.0,people,observed,WB_WDI,SP.POP.TOTL
Uzbekistan,UZB,Europe & Central Asia,Lower middle income,Poverty headcount ratio at $3.00 a day (2021 PPP) (% of population),poverty_headcount_at_3usd_2021_ppp_pct_annual,2025,annual,2.3,percent of population,observed,WB_WDI,SI.POV.DDAY
Uzbekistan,UZB,Europe & Central Asia,Lower middle income,"Unemployment, total (% of total labor force) (modeled ILO estimate)",unemployment_rate_ilo_modeled_pct_annual,2025,annual,4.622,percent of labor force,observed,WB_WDI,SL.UEM.TOTL.ZS
St. Vincent and the Grenadines,VCT,Latin America & Caribbean,Upper middle income,Consumer price index (2010 = 100),cpi_index_annual_wdi,2025,annual,128.930817610063,index points (2010=100),observed,WB_WDI,FP.CPI.TOTL
St. Vincent and the Grenadines,VCT,Latin America & Caribbean,Upper middle income,GDP (constant 2015 US$),gdp_real_constant_2015_usd_annual,2025,annual,986735188.198088,constant 2015 US dollars,observed,WB_WDI,NY.GDP.MKTP.KD
St. Vincent and the Grenadines,VCT,Latin America & Caribbean,Upper middle income,GDP (constant LCU),gdp_real_constant_lcu_annual,2025,annual,2745000000.0,constant local currency units (source base year varies),observed,WB_WDI,NY.GDP.MKTP.KN
St. Vincent and the Grenadines,VCT,Latin America & Caribbean,Upper middle income,GDP (current LCU),gdp_nominal_current_lcu_annual,2025,annual,3389100000.0,current local currency units,observed,WB_WDI,NY.GDP.MKTP.CN
St. Vincent and the Grenadines,VCT,Latin America & Caribbean,Upper middle income,GDP (current US$),gdp_nominal_current_usd_annual,2025,annual,1255222222.22222,current US dollars,observed,WB_WDI,NY.GDP.MKTP.CD
St. Vincent and the Grenadines,VCT,Latin America & Caribbean,Upper middle income,GDP growth (annual %),gdp_real_growth_yoy_pct_annual,2025,annual,3.3921670546227,percent per year,observed,WB_WDI,NY.GDP.MKTP.KD.ZG
St. Vincent and the Grenadines,VCT,Latin America & Caribbean,Upper middle income,GDP per capita (constant 2015 US$),gdp_per_capita_real_2015_usd_annual,2025,annual,9874.85677312846,constant 2015 US dollars per person,observed,WB_WDI,NY.GDP.PCAP.KD
St. Vincent and the Grenadines,VCT,Latin America & Caribbean,Upper middle income,GDP per capita (constant LCU),gdp_per_capita_real_lcu_annual,2025,annual,27470.8778671791,constant local currency units per person (source base year varies),observed,WB_WDI,NY.GDP.PCAP.KN
St. Vincent and the Grenadines,VCT,Latin America & Caribbean,Upper middle income,GDP per capita (current LCU),gdp_per_capita_nominal_lcu_annual,2025,annual,33916.7767503303,current local currency units per person,observed,WB_WDI,NY.GDP.PCAP.CN
St. Vincent and the Grenadines,VCT,Latin America & Caribbean,Upper middle income,GDP per capita (current US$),gdp_per_capita_nominal_usd_annual,2025,annual,12561.769166789,current US dollars per person,observed,WB_WDI,NY.GDP.PCAP.CD
St. Vincent and the Grenadines,VCT,Latin America & Caribbean,Upper middle income,GDP per capita growth (annual %),gdp_per_capita_real_growth_yoy_pct_annual,2025,annual,4.10818502429764,percent per year,observed,WB_WDI,NY.GDP.PCAP.KD.ZG
St. Vincent and the Grenadines,VCT,Latin America & Caribbean,Upper middle income,"GNI per capita, PPP (current international $)",gni_per_capita_ppp_current_intl_dollar_annual,2025,annual,22340.0,current international dollars per person,observed,WB_WDI,NY.GNP.PCAP.PP.CD
St. Vincent and the Grenadines,VCT,Latin America & Caribbean,Upper middle income,"Inflation, consumer prices (annual %)",inflation_consumer_prices_yoy_pct_annual_wdi,2025,annual,0.815322893749171,percent per year,observed,WB_WDI,FP.CPI.TOTL.ZG
St. Vincent and the Grenadines,VCT,Latin America & Caribbean,Upper middle income,"Life expectancy at birth, total (years)",life_expectancy_years_annual,2024,annual,71.382,years,observed,WB_WDI,SP.DYN.LE00.IN
St. Vincent and the Grenadines,VCT,Latin America & Caribbean,Upper middle income,"Nominal GDP growth, year over year (annual)",gdp_nominal_growth_yoy_pct_annual_lcu,2025,annual,8.469943606255171,percent per year,derived,WB_WDI,calculated:NY.GDP.MKTP.CN:year_over_year
St. Vincent and the Grenadines,VCT,Latin America & Caribbean,Upper middle income,"Nominal GDP per-capita growth, year over year (annual)",gdp_per_capita_nominal_growth_yoy_pct_annual_lcu,2025,annual,9.221126515021162,percent per year,derived,WB_WDI,calculated:NY.GDP.PCAP.CN:year_over_year
St. Vincent and the Grenadines,VCT,Latin America & Caribbean,Upper middle income,"Population, total",population_total_annual,2025,annual,99924.0,people,observed,WB_WDI,SP.POP.TOTL
St. Vincent and the Grenadines,VCT,Latin America & Caribbean,Upper middle income,"Unemployment, total (% of total labor force) (modeled ILO estimate)",unemployment_rate_ilo_modeled_pct_annual,2025,annual,18.003,percent of labor force,observed,WB_WDI,SL.UEM.TOTL.ZS
"Venezuela, RB",VEN,Latin America & Caribbean,Lower middle income,Consumer price index (2010 = 100),cpi_index_annual_wdi,2016,annual,2740.27398467096,index points (2010=100),observed,WB_WDI,FP.CPI.TOTL
"Venezuela, RB",VEN,Latin America & Caribbean,Lower middle income,GDP (constant 2015 US$),gdp_real_constant_2015_usd_annual,2025,annual,43312814116.9084,constant 2015 US dollars,observed,WB_WDI,NY.GDP.MKTP.KD
"Venezuela, RB",VEN,Latin America & Caribbean,Lower middle income,GDP (constant LCU),gdp_real_constant_lcu_annual,2025,annual,16990119875.0,constant local currency units (source base year varies),observed,WB_WDI,NY.GDP.MKTP.KN
"Venezuela, RB",VEN,Latin America & Caribbean,Lower middle income,GDP (current LCU),gdp_nominal_current_lcu_annual,2025,annual,16489790000000.0,current local currency units,observed,WB_WDI,NY.GDP.MKTP.CN
"Venezuela, RB",VEN,Latin America & Caribbean,Lower middle income,GDP (current US$),gdp_nominal_current_usd_annual,2025,annual,99661244155.6306,current US dollars,observed,WB_WDI,NY.GDP.MKTP.CD
"Venezuela, RB",VEN,Latin America & Caribbean,Lower middle income,GDP growth (annual %),gdp_real_growth_yoy_pct_annual,2025,annual,1.57068062827224,percent per year,observed,WB_WDI,NY.GDP.MKTP.KD.ZG
"Venezuela, RB",VEN,Latin America & Caribbean,Lower middle income,GDP per capita (constant 2015 US$),gdp_per_capita_real_2015_usd_annual,2025,annual,1518.84742704495,constant 2015 US dollars per person,observed,WB_WDI,NY.GDP.PCAP.KD
"Venezuela, RB",VEN,Latin America & Caribbean,Lower middle income,GDP per capita (constant LCU),gdp_per_capita_real_lcu_annual,2025,annual,595.791346821197,constant local currency units per person (source base year varies),observed,WB_WDI,NY.GDP.PCAP.KN
"Venezuela, RB",VEN,Latin America & Caribbean,Lower middle income,GDP per capita (current LCU),gdp_per_capita_nominal_lcu_annual,2025,annual,578246.314044839,current local currency units per person,observed,WB_WDI,NY.GDP.PCAP.CN
"Venezuela, RB",VEN,Latin America & Caribbean,Lower middle income,GDP per capita (current US$),gdp_per_capita_nominal_usd_annual,2025,annual,3494.8138870244,current US dollars per person,observed,WB_WDI,NY.GDP.PCAP.CD
"Venezuela, RB",VEN,Latin America & Caribbean,Lower middle income,GDP per capita growth (annual %),gdp_per_capita_real_growth_yoy_pct_annual,2025,annual,1.17406663494002,percent per year,observed,WB_WDI,NY.GDP.PCAP.KD.ZG
"Venezuela, RB",VEN,Latin America & Caribbean,Lower middle income,"GNI per capita, PPP (current international $)",gni_per_capita_ppp_current_intl_dollar_annual,2011,annual,20840.0,current international dollars per person,observed,WB_WDI,NY.GNP.PCAP.PP.CD
"Venezuela, RB",VEN,Latin America & Caribbean,Lower middle income,"Inflation, consumer prices (annual %)",inflation_consumer_prices_yoy_pct_annual_wdi,2016,annual,254.948534781816,percent per year,observed,WB_WDI,FP.CPI.TOTL.ZG
"Venezuela, RB",VEN,Latin America & Caribbean,Lower middle income,"Life expectancy at birth, total (years)",life_expectancy_years_annual,2024,annual,72.673,years,observed,WB_WDI,SP.DYN.LE00.IN
"Venezuela, RB",VEN,Latin America & Caribbean,Lower middle income,"Nominal GDP growth, year over year (annual)",gdp_nominal_growth_yoy_pct_annual_lcu,2025,annual,232.23065200239517,percent per year,derived,WB_WDI,calculated:NY.GDP.MKTP.CN:year_over_year
"Venezuela, RB",VEN,Latin America & Caribbean,Lower middle income,"Nominal GDP per-capita growth, year over year (annual)",gdp_per_capita_nominal_growth_yoy_pct_annual_lcu,2025,annual,230.93335513697087,percent per year,derived,WB_WDI,calculated:NY.GDP.PCAP.CN:year_over_year
"Venezuela, RB",VEN,Latin America & Caribbean,Lower middle income,"Population, total",population_total_annual,2025,annual,28516896.0,people,observed,WB_WDI,SP.POP.TOTL
"Venezuela, RB",VEN,Latin America & Caribbean,Lower middle income,Poverty headcount ratio at $3.00 a day (2021 PPP) (% of population),poverty_headcount_at_3usd_2021_ppp_pct_annual,2006,annual,9.7,percent of population,observed,WB_WDI,SI.POV.DDAY
"Venezuela, RB",VEN,Latin America & Caribbean,Lower middle income,"Unemployment, total (% of total labor force) (modeled ILO estimate)",unemployment_rate_ilo_modeled_pct_annual,2025,annual,5.307,percent of labor force,observed,WB_WDI,SL.UEM.TOTL.ZS
British Virgin Islands,VGB,Latin America & Caribbean,High income,"Life expectancy at birth, total (years)",life_expectancy_years_annual,2024,annual,77.431,years,observed,WB_WDI,SP.DYN.LE00.IN
British Virgin Islands,VGB,Latin America & Caribbean,High income,"Population, total",population_total_annual,2025,annual,39732.0,people,observed,WB_WDI,SP.POP.TOTL
Virgin Islands (U.S.),VIR,Latin America & Caribbean,High income,GDP (constant 2015 US$),gdp_real_constant_2015_usd_annual,2022,annual,3898534418.35646,constant 2015 US dollars,observed,WB_WDI,NY.GDP.MKTP.KD
Virgin Islands (U.S.),VIR,Latin America & Caribbean,High income,GDP (constant LCU),gdp_real_constant_lcu_annual,2022,annual,3989000000.0,constant local currency units (source base year varies),observed,WB_WDI,NY.GDP.MKTP.KN
Virgin Islands (U.S.),VIR,Latin America & Caribbean,High income,GDP (current LCU),gdp_nominal_current_lcu_annual,2022,annual,4672000000.0,current local currency units,observed,WB_WDI,NY.GDP.MKTP.CN
Virgin Islands (U.S.),VIR,Latin America & Caribbean,High income,GDP (current US$),gdp_nominal_current_usd_annual,2022,annual,4672000000.0,current US dollars,observed,WB_WDI,NY.GDP.MKTP.CD
Virgin Islands (U.S.),VIR,Latin America & Caribbean,High income,GDP growth (annual %),gdp_real_growth_yoy_pct_annual,2022,annual,-1.31123206333498,percent per year,observed,WB_WDI,NY.GDP.MKTP.KD.ZG
Virgin Islands (U.S.),VIR,Latin America & Caribbean,High income,GDP per capita (constant 2015 US$),gdp_per_capita_real_2015_usd_annual,2022,annual,36983.431060272,constant 2015 US dollars per person,observed,WB_WDI,NY.GDP.PCAP.KD
Virgin Islands (U.S.),VIR,Latin America & Caribbean,High income,GDP per capita (constant LCU),gdp_per_capita_real_lcu_annual,2022,annual,37841.632436227,constant local currency units per person (source base year varies),observed,WB_WDI,NY.GDP.PCAP.KN
Virgin Islands (U.S.),VIR,Latin America & Caribbean,High income,GDP per capita (current LCU),gdp_per_capita_nominal_lcu_annual,2022,annual,44320.909185774,current local currency units per person,observed,WB_WDI,NY.GDP.PCAP.CN
Virgin Islands (U.S.),VIR,Latin America & Caribbean,High income,GDP per capita (current US$),gdp_per_capita_nominal_usd_annual,2022,annual,44320.909185774,current US dollars per person,observed,WB_WDI,NY.GDP.PCAP.CD
Virgin Islands (U.S.),VIR,Latin America & Caribbean,High income,GDP per capita growth (annual %),gdp_per_capita_real_growth_yoy_pct_annual,2022,annual,-0.883383819313323,percent per year,observed,WB_WDI,NY.GDP.PCAP.KD.ZG
Virgin Islands (U.S.),VIR,Latin America & Caribbean,High income,"Life expectancy at birth, total (years)",life_expectancy_years_annual,2024,annual,80.7707317073171,years,observed,WB_WDI,SP.DYN.LE00.IN
Virgin Islands (U.S.),VIR,Latin America & Caribbean,High income,"Nominal GDP growth, year over year (annual)",gdp_nominal_growth_yoy_pct_annual_lcu,2022,annual,3.6609718216108256,percent per year,derived,WB_WDI,calculated:NY.GDP.MKTP.CN:year_over_year
Virgin Islands (U.S.),VIR,Latin America & Caribbean,High income,"Nominal GDP per-capita growth, year over year (annual)",gdp_per_capita_nominal_growth_yoy_pct_annual_lcu,2022,annual,4.110376203636346,percent per year,derived,WB_WDI,calculated:NY.GDP.PCAP.CN:year_over_year
Virgin Islands (U.S.),VIR,Latin America & Caribbean,High income,"Population, total",population_total_annual,2025,annual,103792.0,people,observed,WB_WDI,SP.POP.TOTL
Virgin Islands (U.S.),VIR,Latin America & Caribbean,High income,"Unemployment, total (% of total labor force) (modeled ILO estimate)",unemployment_rate_ilo_modeled_pct_annual,2025,annual,11.443,percent of labor force,observed,WB_WDI,SL.UEM.TOTL.ZS
Viet Nam,VNM,East Asia & Pacific,Upper middle income,Consumer price index (2010 = 100),cpi_index_annual_wdi,2025,annual,195.981813344138,index points (2010=100),observed,WB_WDI,FP.CPI.TOTL
Viet Nam,VNM,East Asia & Pacific,Upper middle income,GDP (constant 2015 US$),gdp_real_constant_2015_usd_annual,2025,annual,437707289646.964,constant 2015 US dollars,observed,WB_WDI,NY.GDP.MKTP.KD
Viet Nam,VNM,East Asia & Pacific,Upper middle income,GDP (constant LCU),gdp_real_constant_lcu_annual,2025,annual,6763098165759800.0,constant local currency units (source base year varies),observed,WB_WDI,NY.GDP.MKTP.KN
Viet Nam,VNM,East Asia & Pacific,Upper middle income,GDP (current LCU),gdp_nominal_current_lcu_annual,2025,annual,1.28475712159938e+16,current local currency units,observed,WB_WDI,NY.GDP.MKTP.CN
Viet Nam,VNM,East Asia & Pacific,Upper middle income,GDP (current US$),gdp_nominal_current_usd_annual,2025,annual,514697215165.065,current US dollars,observed,WB_WDI,NY.GDP.MKTP.CD
Viet Nam,VNM,East Asia & Pacific,Upper middle income,GDP growth (annual %),gdp_real_growth_yoy_pct_annual,2025,annual,8.01882998978245,percent per year,observed,WB_WDI,NY.GDP.MKTP.KD.ZG
Viet Nam,VNM,East Asia & Pacific,Upper middle income,GDP per capita (constant 2015 US$),gdp_per_capita_real_2015_usd_annual,2025,annual,4308.20507512834,constant 2015 US dollars per person,observed,WB_WDI,NY.GDP.PCAP.KD
Viet Nam,VNM,East Asia & Pacific,Upper middle income,GDP per capita (constant LCU),gdp_per_capita_real_lcu_annual,2025,annual,66566891.9172401,constant local currency units per person (source base year varies),observed,WB_WDI,NY.GDP.PCAP.KN
Viet Nam,VNM,East Asia & Pacific,Upper middle income,GDP per capita (current LCU),gdp_per_capita_nominal_lcu_annual,2025,annual,126454305.936874,current local currency units per person,observed,WB_WDI,NY.GDP.PCAP.CN
Viet Nam,VNM,East Asia & Pacific,Upper middle income,GDP per capita (current US$),gdp_per_capita_nominal_usd_annual,2025,annual,5065.99091899299,current US dollars per person,observed,WB_WDI,NY.GDP.PCAP.CD
Viet Nam,VNM,East Asia & Pacific,Upper middle income,GDP per capita growth (annual %),gdp_per_capita_real_growth_yoy_pct_annual,2025,annual,7.36938819098758,percent per year,observed,WB_WDI,NY.GDP.PCAP.KD.ZG
Viet Nam,VNM,East Asia & Pacific,Upper middle income,"GNI per capita, PPP (current international $)",gni_per_capita_ppp_current_intl_dollar_annual,2025,annual,17580.0,current international dollars per person,observed,WB_WDI,NY.GNP.PCAP.PP.CD
Viet Nam,VNM,East Asia & Pacific,Upper middle income,"Inflation, consumer prices (annual %)",inflation_consumer_prices_yoy_pct_annual_wdi,2025,annual,3.3099931421974,percent per year,observed,WB_WDI,FP.CPI.TOTL.ZG
Viet Nam,VNM,East Asia & Pacific,Upper middle income,"Life expectancy at birth, total (years)",life_expectancy_years_annual,2024,annual,74.736,years,observed,WB_WDI,SP.DYN.LE00.IN
Viet Nam,VNM,East Asia & Pacific,Upper middle income,"Nominal GDP growth, year over year (annual)",gdp_nominal_growth_yoy_pct_annual_lcu,2025,annual,11.617759183295107,percent per year,derived,WB_WDI,calculated:NY.GDP.MKTP.CN:year_over_year
Viet Nam,VNM,East Asia & Pacific,Upper middle income,"Nominal GDP per-capita growth, year over year (annual)",gdp_per_capita_nominal_growth_yoy_pct_annual_lcu,2025,annual,10.946679536270665,percent per year,derived,WB_WDI,calculated:NY.GDP.PCAP.CN:year_over_year
Viet Nam,VNM,East Asia & Pacific,Upper middle income,"Population, total",population_total_annual,2025,annual,101598527.0,people,observed,WB_WDI,SP.POP.TOTL
Viet Nam,VNM,East Asia & Pacific,Upper middle income,Poverty headcount ratio at $3.00 a day (2021 PPP) (% of population),poverty_headcount_at_3usd_2021_ppp_pct_annual,2022,annual,1.6,percent of population,observed,WB_WDI,SI.POV.DDAY
Viet Nam,VNM,East Asia & Pacific,Upper middle income,"Unemployment, total (% of total labor force) (modeled ILO estimate)",unemployment_rate_ilo_modeled_pct_annual,2025,annual,1.523,percent of labor force,observed,WB_WDI,SL.UEM.TOTL.ZS
Vanuatu,VUT,East Asia & Pacific,Lower middle income,Consumer price index (2010 = 100),cpi_index_annual_wdi,2025,annual,152.465596847888,index points (2010=100),observed,WB_WDI,FP.CPI.TOTL
Vanuatu,VUT,East Asia & Pacific,Lower middle income,GDP (constant 2015 US$),gdp_real_constant_2015_usd_annual,2025,annual,1088971965.11482,constant 2015 US dollars,observed,WB_WDI,NY.GDP.MKTP.KD
Vanuatu,VUT,East Asia & Pacific,Lower middle income,GDP (constant LCU),gdp_real_constant_lcu_annual,2025,annual,159394000000.0,constant local currency units (source base year varies),observed,WB_WDI,NY.GDP.MKTP.KN
Vanuatu,VUT,East Asia & Pacific,Lower middle income,GDP (current LCU),gdp_nominal_current_lcu_annual,2025,annual,162879000000.0,current local currency units,observed,WB_WDI,NY.GDP.MKTP.CN
Vanuatu,VUT,East Asia & Pacific,Lower middle income,GDP (current US$),gdp_nominal_current_usd_annual,2025,annual,1353658840.63993,current US dollars,observed,WB_WDI,NY.GDP.MKTP.CD
Vanuatu,VUT,East Asia & Pacific,Lower middle income,GDP growth (annual %),gdp_real_growth_yoy_pct_annual,2025,annual,3.05357824026483,percent per year,observed,WB_WDI,NY.GDP.MKTP.KD.ZG
Vanuatu,VUT,East Asia & Pacific,Lower middle income,GDP per capita (constant 2015 US$),gdp_per_capita_real_2015_usd_annual,2025,annual,3249.02352280438,constant 2015 US dollars per person,observed,WB_WDI,NY.GDP.PCAP.KD
Vanuatu,VUT,East Asia & Pacific,Lower middle income,GDP per capita (constant LCU),gdp_per_capita_real_lcu_annual,2025,annual,475563.074150652,constant local currency units per person (source base year varies),observed,WB_WDI,NY.GDP.PCAP.KN
Vanuatu,VUT,East Asia & Pacific,Lower middle income,GDP per capita (current LCU),gdp_per_capita_nominal_lcu_annual,2025,annual,485960.813798412,current local currency units per person,observed,WB_WDI,NY.GDP.PCAP.CN
Vanuatu,VUT,East Asia & Pacific,Lower middle income,GDP per capita (current US$),gdp_per_capita_nominal_usd_annual,2025,annual,4038.73520713411,current US dollars per person,observed,WB_WDI,NY.GDP.PCAP.CD
Vanuatu,VUT,East Asia & Pacific,Lower middle income,GDP per capita growth (annual %),gdp_per_capita_real_growth_yoy_pct_annual,2025,annual,0.780778397940367,percent per year,observed,WB_WDI,NY.GDP.PCAP.KD.ZG
Vanuatu,VUT,East Asia & Pacific,Lower middle income,"GNI per capita, PPP (current international $)",gni_per_capita_ppp_current_intl_dollar_annual,2025,annual,4970.0,current international dollars per person,observed,WB_WDI,NY.GNP.PCAP.PP.CD
Vanuatu,VUT,East Asia & Pacific,Lower middle income,"Inflation, consumer prices (annual %)",inflation_consumer_prices_yoy_pct_annual_wdi,2025,annual,0.656455142231905,percent per year,observed,WB_WDI,FP.CPI.TOTL.ZG
Vanuatu,VUT,East Asia & Pacific,Lower middle income,"Life expectancy at birth, total (years)",life_expectancy_years_annual,2024,annual,71.654,years,observed,WB_WDI,SP.DYN.LE00.IN
Vanuatu,VUT,East Asia & Pacific,Lower middle income,"Nominal GDP growth, year over year (annual)",gdp_nominal_growth_yoy_pct_annual_lcu,2025,annual,5.306747871288087,percent per year,derived,WB_WDI,calculated:NY.GDP.MKTP.CN:year_over_year
Vanuatu,VUT,East Asia & Pacific,Lower middle income,"Nominal GDP per-capita growth, year over year (annual)",gdp_per_capita_nominal_growth_yoy_pct_annual_lcu,2025,annual,2.984255396552671,percent per year,derived,WB_WDI,calculated:NY.GDP.PCAP.CN:year_over_year
Vanuatu,VUT,East Asia & Pacific,Lower middle income,"Population, total",population_total_annual,2025,annual,335169.0,people,observed,WB_WDI,SP.POP.TOTL
Vanuatu,VUT,East Asia & Pacific,Lower middle income,Poverty headcount ratio at $3.00 a day (2021 PPP) (% of population),poverty_headcount_at_3usd_2021_ppp_pct_annual,2019,annual,19.5,percent of population,observed,WB_WDI,SI.POV.DDAY
Vanuatu,VUT,East Asia & Pacific,Lower middle income,"Unemployment, total (% of total labor force) (modeled ILO estimate)",unemployment_rate_ilo_modeled_pct_annual,2025,annual,5.073,percent of labor force,observed,WB_WDI,SL.UEM.TOTL.ZS
Samoa,WSM,East Asia & Pacific,Upper middle income,Consumer price index (2010 = 100),cpi_index_annual_wdi,2025,annual,149.242242258567,index points (2010=100),observed,WB_WDI,FP.CPI.TOTL
Samoa,WSM,East Asia & Pacific,Upper middle income,GDP (constant 2015 US$),gdp_real_constant_2015_usd_annual,2025,annual,1108788407.22014,constant 2015 US dollars,observed,WB_WDI,NY.GDP.MKTP.KD
Samoa,WSM,East Asia & Pacific,Upper middle income,GDP (constant LCU),gdp_real_constant_lcu_annual,2025,annual,2592644400.0,constant local currency units (source base year varies),observed,WB_WDI,NY.GDP.MKTP.KN
Samoa,WSM,East Asia & Pacific,Upper middle income,GDP (current LCU),gdp_nominal_current_lcu_annual,2025,annual,3584938100.0,current local currency units,observed,WB_WDI,NY.GDP.MKTP.CN
Samoa,WSM,East Asia & Pacific,Upper middle income,GDP (current US$),gdp_nominal_current_usd_annual,2025,annual,1287936621.64619,current US dollars,observed,WB_WDI,NY.GDP.MKTP.CD
Samoa,WSM,East Asia & Pacific,Upper middle income,GDP growth (annual %),gdp_real_growth_yoy_pct_annual,2025,annual,4.20440659006225,percent per year,observed,WB_WDI,NY.GDP.MKTP.KD.ZG
Samoa,WSM,East Asia & Pacific,Upper middle income,GDP per capita (constant 2015 US$),gdp_per_capita_real_2015_usd_annual,2025,annual,5055.89636042853,constant 2015 US dollars per person,observed,WB_WDI,NY.GDP.PCAP.KD
Samoa,WSM,East Asia & Pacific,Upper middle income,GDP per capita (constant LCU),gdp_per_capita_real_lcu_annual,2025,annual,11822.0404366502,constant local currency units per person (source base year varies),observed,WB_WDI,NY.GDP.PCAP.KN
Samoa,WSM,East Asia & Pacific,Upper middle income,GDP per capita (current LCU),gdp_per_capita_nominal_lcu_annual,2025,annual,16346.7397152837,current local currency units per person,observed,WB_WDI,NY.GDP.PCAP.CN
Samoa,WSM,East Asia & Pacific,Upper middle income,GDP per capita (current US$),gdp_per_capita_nominal_usd_annual,2025,annual,5872.78333308796,current US dollars per person,observed,WB_WDI,NY.GDP.PCAP.CD
Samoa,WSM,East Asia & Pacific,Upper middle income,GDP per capita growth (annual %),gdp_per_capita_real_growth_yoy_pct_annual,2025,annual,3.59288172853812,percent per year,observed,WB_WDI,NY.GDP.PCAP.KD.ZG
Samoa,WSM,East Asia & Pacific,Upper middle income,"GNI per capita, PPP (current international $)",gni_per_capita_ppp_current_intl_dollar_annual,2025,annual,9300.0,current international dollars per person,observed,WB_WDI,NY.GNP.PCAP.PP.CD
Samoa,WSM,East Asia & Pacific,Upper middle income,"Inflation, consumer prices (annual %)",inflation_consumer_prices_yoy_pct_annual_wdi,2025,annual,2.2119620764675,percent per year,observed,WB_WDI,FP.CPI.TOTL.ZG
Samoa,WSM,East Asia & Pacific,Upper middle income,"Life expectancy at birth, total (years)",life_expectancy_years_annual,2024,annual,71.826,years,observed,WB_WDI,SP.DYN.LE00.IN
Samoa,WSM,East Asia & Pacific,Upper middle income,"Nominal GDP growth, year over year (annual)",gdp_nominal_growth_yoy_pct_annual_lcu,2025,annual,10.632883172651608,percent per year,derived,WB_WDI,calculated:NY.GDP.MKTP.CN:year_over_year
Samoa,WSM,East Asia & Pacific,Upper middle income,"Nominal GDP per-capita growth, year over year (annual)",gdp_per_capita_nominal_growth_yoy_pct_annual_lcu,2025,annual,9.98363271601499,percent per year,derived,WB_WDI,calculated:NY.GDP.PCAP.CN:year_over_year
Samoa,WSM,East Asia & Pacific,Upper middle income,"Population, total",population_total_annual,2025,annual,219306.0,people,observed,WB_WDI,SP.POP.TOTL
Samoa,WSM,East Asia & Pacific,Upper middle income,Poverty headcount ratio at $3.00 a day (2021 PPP) (% of population),poverty_headcount_at_3usd_2021_ppp_pct_annual,2013,annual,4.5,percent of population,observed,WB_WDI,SI.POV.DDAY
Samoa,WSM,East Asia & Pacific,Upper middle income,"Unemployment, total (% of total labor force) (modeled ILO estimate)",unemployment_rate_ilo_modeled_pct_annual,2025,annual,4.996,percent of labor force,observed,WB_WDI,SL.UEM.TOTL.ZS
Kosovo,XKX,Europe & Central Asia,Upper middle income,Consumer price index (2010 = 100),cpi_index_annual_wdi,2025,annual,151.105444118225,index points (2010=100),observed,WB_WDI,FP.CPI.TOTL
Kosovo,XKX,Europe & Central Asia,Upper middle income,GDP (constant 2015 US$),gdp_real_constant_2015_usd_annual,2025,annual,9301422197.20169,constant 2015 US dollars,observed,WB_WDI,NY.GDP.MKTP.KD
Kosovo,XKX,Europe & Central Asia,Upper middle income,GDP (constant LCU),gdp_real_constant_lcu_annual,2025,annual,7183401266.45005,constant local currency units (source base year varies),observed,WB_WDI,NY.GDP.MKTP.KN
Kosovo,XKX,Europe & Central Asia,Upper middle income,GDP (current LCU),gdp_nominal_current_lcu_annual,2025,annual,11023530260.0,current local currency units,observed,WB_WDI,NY.GDP.MKTP.CN
Kosovo,XKX,Europe & Central Asia,Upper middle income,GDP (current US$),gdp_nominal_current_usd_annual,2025,annual,12456403306.8191,current US dollars,observed,WB_WDI,NY.GDP.MKTP.CD
Kosovo,XKX,Europe & Central Asia,Upper middle income,GDP growth (annual %),gdp_real_growth_yoy_pct_annual,2025,annual,3.59217142544483,percent per year,observed,WB_WDI,NY.GDP.MKTP.KD.ZG
Kosovo,XKX,Europe & Central Asia,Upper middle income,GDP per capita (constant 2015 US$),gdp_per_capita_real_2015_usd_annual,2025,annual,5898.63895271517,constant 2015 US dollars per person,observed,WB_WDI,NY.GDP.PCAP.KD
Kosovo,XKX,Europe & Central Asia,Upper middle income,GDP per capita (constant LCU),gdp_per_capita_real_lcu_annual,2025,annual,4555.46362963863,constant local currency units per person (source base year varies),observed,WB_WDI,NY.GDP.PCAP.KN
Kosovo,XKX,Europe & Central Asia,Upper middle income,GDP per capita (current LCU),gdp_per_capita_nominal_lcu_annual,2025,annual,6990.74008355762,current local currency units per person,observed,WB_WDI,NY.GDP.PCAP.CN
Kosovo,XKX,Europe & Central Asia,Upper middle income,GDP per capita (current US$),gdp_per_capita_nominal_usd_annual,2025,annual,7899.41841135202,current US dollars per person,observed,WB_WDI,NY.GDP.PCAP.CD
Kosovo,XKX,Europe & Central Asia,Upper middle income,GDP per capita growth (annual %),gdp_per_capita_real_growth_yoy_pct_annual,2025,annual,4.74031521100724,percent per year,observed,WB_WDI,NY.GDP.PCAP.KD.ZG
Kosovo,XKX,Europe & Central Asia,Upper middle income,"GNI per capita, PPP (current international $)",gni_per_capita_ppp_current_intl_dollar_annual,2025,annual,19650.0,current international dollars per person,observed,WB_WDI,NY.GNP.PCAP.PP.CD
Kosovo,XKX,Europe & Central Asia,Upper middle income,"Inflation, consumer prices (annual %)",inflation_consumer_prices_yoy_pct_annual_wdi,2025,annual,3.85953869869506,percent per year,observed,WB_WDI,FP.CPI.TOTL.ZG
Kosovo,XKX,Europe & Central Asia,Upper middle income,"Life expectancy at birth, total (years)",life_expectancy_years_annual,2024,annual,78.222,years,observed,WB_WDI,SP.DYN.LE00.IN
Kosovo,XKX,Europe & Central Asia,Upper middle income,"Nominal GDP growth, year over year (annual)",gdp_nominal_growth_yoy_pct_annual_lcu,2025,annual,6.503731364192777,percent per year,derived,WB_WDI,calculated:NY.GDP.MKTP.CN:year_over_year
Kosovo,XKX,Europe & Central Asia,Upper middle income,"Nominal GDP per-capita growth, year over year (annual)",gdp_per_capita_nominal_growth_yoy_pct_annual_lcu,2025,annual,7.684144860911601,percent per year,derived,WB_WDI,calculated:NY.GDP.PCAP.CN:year_over_year
Kosovo,XKX,Europe & Central Asia,Upper middle income,"Population, total",population_total_annual,2025,annual,1576876.0,people,observed,WB_WDI,SP.POP.TOTL
Kosovo,XKX,Europe & Central Asia,Upper middle income,Poverty headcount ratio at $3.00 a day (2021 PPP) (% of population),poverty_headcount_at_3usd_2021_ppp_pct_annual,2022,annual,10.0,percent of population,observed,WB_WDI,SI.POV.DDAY
"Yemen, Rep.",YEM,"Middle East, North Africa, Afghanistan & Pakistan",Low income,Consumer price index (2010 = 100),cpi_index_annual_wdi,2014,annual,157.583340537675,index points (2010=100),observed,WB_WDI,FP.CPI.TOTL
"Yemen, Rep.",YEM,"Middle East, North Africa, Afghanistan & Pakistan",Low income,GDP (constant 2015 US$),gdp_real_constant_2015_usd_annual,2018,annual,36789138480.0859,constant 2015 US dollars,observed,WB_WDI,NY.GDP.MKTP.KD
"Yemen, Rep.",YEM,"Middle East, North Africa, Afghanistan & Pakistan",Low income,GDP (constant LCU),gdp_real_constant_lcu_annual,2018,annual,227581553700.0,constant local currency units (source base year varies),observed,WB_WDI,NY.GDP.MKTP.KN
"Yemen, Rep.",YEM,"Middle East, North Africa, Afghanistan & Pakistan",Low income,GDP (current LCU),gdp_nominal_current_lcu_annual,2018,annual,11578730912300.0,current local currency units,observed,WB_WDI,NY.GDP.MKTP.CN
"Yemen, Rep.",YEM,"Middle East, North Africa, Afghanistan & Pakistan",Low income,GDP (current US$),gdp_nominal_current_usd_annual,2018,annual,21606160663.0318,current US dollars,observed,WB_WDI,NY.GDP.MKTP.CD
"Yemen, Rep.",YEM,"Middle East, North Africa, Afghanistan & Pakistan",Low income,GDP growth (annual %),gdp_real_growth_yoy_pct_annual,2018,annual,0.752447592962554,percent per year,observed,WB_WDI,NY.GDP.MKTP.KD.ZG
"Yemen, Rep.",YEM,"Middle East, North Africa, Afghanistan & Pakistan",Low income,GDP per capita (constant 2015 US$),gdp_per_capita_real_2015_usd_annual,2018,annual,1079.32938366255,constant 2015 US dollars per person,observed,WB_WDI,NY.GDP.PCAP.KD
"Yemen, Rep.",YEM,"Middle East, North Africa, Afghanistan & Pakistan",Low income,GDP per capita (constant LCU),gdp_per_capita_real_lcu_annual,2018,annual,6676.84724992814,constant local currency units per person (source base year varies),observed,WB_WDI,NY.GDP.PCAP.KN
"Yemen, Rep.",YEM,"Middle East, North Africa, Afghanistan & Pakistan",Low income,GDP per capita (current LCU),gdp_per_capita_nominal_lcu_annual,2018,annual,339699.841189054,current local currency units per person,observed,WB_WDI,NY.GDP.PCAP.CN
"Yemen, Rep.",YEM,"Middle East, North Africa, Afghanistan & Pakistan",Low income,GDP per capita (current US$),gdp_per_capita_nominal_usd_annual,2018,annual,633.887202451545,current US dollars per person,observed,WB_WDI,NY.GDP.PCAP.CD
"Yemen, Rep.",YEM,"Middle East, North Africa, Afghanistan & Pakistan",Low income,GDP per capita growth (annual %),gdp_per_capita_real_growth_yoy_pct_annual,2018,annual,-2.186490192267,percent per year,observed,WB_WDI,NY.GDP.PCAP.KD.ZG
"Yemen, Rep.",YEM,"Middle East, North Africa, Afghanistan & Pakistan",Low income,"GNI per capita, PPP (current international $)",gni_per_capita_ppp_current_intl_dollar_annual,2013,annual,3020.0,current international dollars per person,observed,WB_WDI,NY.GNP.PCAP.PP.CD
"Yemen, Rep.",YEM,"Middle East, North Africa, Afghanistan & Pakistan",Low income,"Inflation, consumer prices (annual %)",inflation_consumer_prices_yoy_pct_annual_wdi,2014,annual,8.10472583623915,percent per year,observed,WB_WDI,FP.CPI.TOTL.ZG
"Yemen, Rep.",YEM,"Middle East, North Africa, Afghanistan & Pakistan",Low income,"Life expectancy at birth, total (years)",life_expectancy_years_annual,2024,annual,69.439,years,observed,WB_WDI,SP.DYN.LE00.IN
"Yemen, Rep.",YEM,"Middle East, North Africa, Afghanistan & Pakistan",Low income,"Nominal GDP growth, year over year (annual)",gdp_nominal_growth_yoy_pct_annual_lcu,2018,annual,15.717878395962416,percent per year,derived,WB_WDI,calculated:NY.GDP.MKTP.CN:year_over_year
"Yemen, Rep.",YEM,"Middle East, North Africa, Afghanistan & Pakistan",Low income,"Nominal GDP per-capita growth, year over year (annual)",gdp_per_capita_nominal_growth_yoy_pct_annual_lcu,2018,annual,12.342400644608563,percent per year,derived,WB_WDI,calculated:NY.GDP.PCAP.CN:year_over_year
"Yemen, Rep.",YEM,"Middle East, North Africa, Afghanistan & Pakistan",Low income,"Population, total",population_total_annual,2025,annual,41773878.0,people,observed,WB_WDI,SP.POP.TOTL
"Yemen, Rep.",YEM,"Middle East, North Africa, Afghanistan & Pakistan",Low income,Poverty headcount ratio at $3.00 a day (2021 PPP) (% of population),poverty_headcount_at_3usd_2021_ppp_pct_annual,2014,annual,33.3,percent of population,observed,WB_WDI,SI.POV.DDAY
"Yemen, Rep.",YEM,"Middle East, North Africa, Afghanistan & Pakistan",Low income,"Unemployment, total (% of total labor force) (modeled ILO estimate)",unemployment_rate_ilo_modeled_pct_annual,2025,annual,17.322,percent of labor force,observed,WB_WDI,SL.UEM.TOTL.ZS
South Africa,ZAF,Sub-Saharan Africa,Upper middle income,Consumer price index (2010 = 100),cpi_index_annual_wdi,2025,annual,209.916367980884,index points (2010=100),observed,WB_WDI,FP.CPI.TOTL
South Africa,ZAF,Sub-Saharan Africa,Upper middle income,GDP (constant 2015 US$),gdp_real_constant_2015_usd_annual,2025,annual,369909150542.474,constant 2015 US dollars,observed,WB_WDI,NY.GDP.MKTP.KD
South Africa,ZAF,Sub-Saharan Africa,Upper middle income,GDP (constant LCU),gdp_real_constant_lcu_annual,2025,annual,4716600597500.0,constant local currency units (source base year varies),observed,WB_WDI,NY.GDP.MKTP.KN
South Africa,ZAF,Sub-Saharan Africa,Upper middle income,GDP (current LCU),gdp_nominal_current_lcu_annual,2025,annual,7641793184500.0,current local currency units,observed,WB_WDI,NY.GDP.MKTP.CN
South Africa,ZAF,Sub-Saharan Africa,Upper middle income,GDP (current US$),gdp_nominal_current_usd_annual,2025,annual,427184325997.307,current US dollars,observed,WB_WDI,NY.GDP.MKTP.CD
South Africa,ZAF,Sub-Saharan Africa,Upper middle income,GDP growth (annual %),gdp_real_growth_yoy_pct_annual,2025,annual,1.11462608103956,percent per year,observed,WB_WDI,NY.GDP.MKTP.KD.ZG
South Africa,ZAF,Sub-Saharan Africa,Upper middle income,GDP per capita (constant 2015 US$),gdp_per_capita_real_2015_usd_annual,2025,annual,5713.1191878767,constant 2015 US dollars per person,observed,WB_WDI,NY.GDP.PCAP.KD
South Africa,ZAF,Sub-Saharan Africa,Upper middle income,GDP per capita (constant LCU),gdp_per_capita_real_lcu_annual,2025,annual,72846.2687003303,constant local currency units per person (source base year varies),observed,WB_WDI,NY.GDP.PCAP.KN
South Africa,ZAF,Sub-Saharan Africa,Upper middle income,GDP per capita (current LCU),gdp_per_capita_nominal_lcu_annual,2025,annual,118024.858828518,current local currency units per person,observed,WB_WDI,NY.GDP.PCAP.CN
South Africa,ZAF,Sub-Saharan Africa,Upper middle income,GDP per capita (current US$),gdp_per_capita_nominal_usd_annual,2025,annual,6597.71450918774,current US dollars per person,observed,WB_WDI,NY.GDP.PCAP.CD
South Africa,ZAF,Sub-Saharan Africa,Upper middle income,GDP per capita growth (annual %),gdp_per_capita_real_growth_yoy_pct_annual,2025,annual,-0.0412236373188222,percent per year,observed,WB_WDI,NY.GDP.PCAP.KD.ZG
South Africa,ZAF,Sub-Saharan Africa,Upper middle income,"GNI per capita, PPP (current international $)",gni_per_capita_ppp_current_intl_dollar_annual,2025,annual,15600.0,current international dollars per person,observed,WB_WDI,NY.GNP.PCAP.PP.CD
South Africa,ZAF,Sub-Saharan Africa,Upper middle income,"Inflation, consumer prices (annual %)",inflation_consumer_prices_yoy_pct_annual_wdi,2025,annual,3.20550474112603,percent per year,observed,WB_WDI,FP.CPI.TOTL.ZG
South Africa,ZAF,Sub-Saharan Africa,Upper middle income,"Life expectancy at birth, total (years)",life_expectancy_years_annual,2024,annual,66.312,years,observed,WB_WDI,SP.DYN.LE00.IN
South Africa,ZAF,Sub-Saharan Africa,Upper middle income,"Nominal GDP growth, year over year (annual)",gdp_nominal_growth_yoy_pct_annual_lcu,2025,annual,3.935337489164592,percent per year,derived,WB_WDI,calculated:NY.GDP.MKTP.CN:year_over_year
South Africa,ZAF,Sub-Saharan Africa,Upper middle income,"Nominal GDP per-capita growth, year over year (annual)",gdp_per_capita_nominal_growth_yoy_pct_annual_lcu,2025,annual,2.7472439836019102,percent per year,derived,WB_WDI,calculated:NY.GDP.PCAP.CN:year_over_year
South Africa,ZAF,Sub-Saharan Africa,Upper middle income,"Population, total",population_total_annual,2025,annual,64747319.0,people,observed,WB_WDI,SP.POP.TOTL
South Africa,ZAF,Sub-Saharan Africa,Upper middle income,Poverty headcount ratio at $3.00 a day (2021 PPP) (% of population),poverty_headcount_at_3usd_2021_ppp_pct_annual,2022,annual,17.4,percent of population,observed,WB_WDI,SI.POV.DDAY
South Africa,ZAF,Sub-Saharan Africa,Upper middle income,"Unemployment, total (% of total labor force) (modeled ILO estimate)",unemployment_rate_ilo_modeled_pct_annual,2025,annual,32.391,percent of labor force,observed,WB_WDI,SL.UEM.TOTL.ZS
Zambia,ZMB,Sub-Saharan Africa,Lower middle income,Consumer price index (2010 = 100),cpi_index_annual_wdi,2025,annual,483.31638548648,index points (2010=100),observed,WB_WDI,FP.CPI.TOTL
Zambia,ZMB,Sub-Saharan Africa,Lower middle income,GDP (constant 2015 US$),gdp_real_constant_2015_usd_annual,2025,annual,29710290472.2068,constant 2015 US dollars,observed,WB_WDI,NY.GDP.MKTP.KD
Zambia,ZMB,Sub-Saharan Africa,Lower middle income,GDP (constant LCU),gdp_real_constant_lcu_annual,2025,annual,174762000000.0,constant local currency units (source base year varies),observed,WB_WDI,NY.GDP.MKTP.KN
Zambia,ZMB,Sub-Saharan Africa,Lower middle income,GDP (current LCU),gdp_nominal_current_lcu_annual,2025,annual,725641000000.0,current local currency units,observed,WB_WDI,NY.GDP.MKTP.CN
Zambia,ZMB,Sub-Saharan Africa,Lower middle income,GDP (current US$),gdp_nominal_current_usd_annual,2025,annual,28879806220.1264,current US dollars,observed,WB_WDI,NY.GDP.MKTP.CD
Zambia,ZMB,Sub-Saharan Africa,Lower middle income,GDP growth (annual %),gdp_real_growth_yoy_pct_annual,2025,annual,3.75772836763902,percent per year,observed,WB_WDI,NY.GDP.MKTP.KD.ZG
Zambia,ZMB,Sub-Saharan Africa,Lower middle income,GDP per capita (constant 2015 US$),gdp_per_capita_real_2015_usd_annual,2025,annual,1355.77536277733,constant 2015 US dollars per person,observed,WB_WDI,NY.GDP.PCAP.KD
Zambia,ZMB,Sub-Saharan Africa,Lower middle income,GDP per capita (constant LCU),gdp_per_capita_real_lcu_annual,2025,annual,7974.94774315121,constant local currency units per person (source base year varies),observed,WB_WDI,NY.GDP.PCAP.KN
Zambia,ZMB,Sub-Saharan Africa,Lower middle income,GDP per capita (current LCU),gdp_per_capita_nominal_lcu_annual,2025,annual,33113.3144235474,current local currency units per person,observed,WB_WDI,NY.GDP.PCAP.CN
Zambia,ZMB,Sub-Saharan Africa,Lower middle income,GDP per capita (current US$),gdp_per_capita_nominal_usd_annual,2025,annual,1317.87771619597,current US dollars per person,observed,WB_WDI,NY.GDP.PCAP.CD
Zambia,ZMB,Sub-Saharan Africa,Lower middle income,GDP per capita growth (annual %),gdp_per_capita_real_growth_yoy_pct_annual,2025,annual,0.921973669109249,percent per year,observed,WB_WDI,NY.GDP.PCAP.KD.ZG
Zambia,ZMB,Sub-Saharan Africa,Lower middle income,"GNI per capita, PPP (current international $)",gni_per_capita_ppp_current_intl_dollar_annual,2025,annual,3990.0,current international dollars per person,observed,WB_WDI,NY.GNP.PCAP.PP.CD
Zambia,ZMB,Sub-Saharan Africa,Lower middle income,"Inflation, consumer prices (annual %)",inflation_consumer_prices_yoy_pct_annual_wdi,2025,annual,13.9099095827735,percent per year,observed,WB_WDI,FP.CPI.TOTL.ZG
Zambia,ZMB,Sub-Saharan Africa,Lower middle income,"Life expectancy at birth, total (years)",life_expectancy_years_annual,2024,annual,66.528,years,observed,WB_WDI,SP.DYN.LE00.IN
Zambia,ZMB,Sub-Saharan Africa,Lower middle income,"Nominal GDP growth, year over year (annual)",gdp_nominal_growth_yoy_pct_annual_lcu,2025,annual,9.597923304485768,percent per year,derived,WB_WDI,calculated:NY.GDP.MKTP.CN:year_over_year
Zambia,ZMB,Sub-Saharan Africa,Lower middle income,"Nominal GDP per-capita growth, year over year (annual)",gdp_per_capita_nominal_growth_yoy_pct_annual_lcu,2025,annual,6.602552927268346,percent per year,derived,WB_WDI,calculated:NY.GDP.PCAP.CN:year_over_year
Zambia,ZMB,Sub-Saharan Africa,Lower middle income,"Population, total",population_total_annual,2025,annual,21913874.0,people,observed,WB_WDI,SP.POP.TOTL
Zambia,ZMB,Sub-Saharan Africa,Lower middle income,Poverty headcount ratio at $3.00 a day (2021 PPP) (% of population),poverty_headcount_at_3usd_2021_ppp_pct_annual,2022,annual,71.7,percent of population,observed,WB_WDI,SI.POV.DDAY
Zambia,ZMB,Sub-Saharan Africa,Lower middle income,"Unemployment, total (% of total labor force) (modeled ILO estimate)",unemployment_rate_ilo_modeled_pct_annual,2025,annual,5.918,percent of labor force,observed,WB_WDI,SL.UEM.TOTL.ZS
Zimbabwe,ZWE,Sub-Saharan Africa,Lower middle income,Consumer price index (2010 = 100),cpi_index_annual_wdi,2022,annual,11076.6017877336,index points (2010=100),observed,WB_WDI,FP.CPI.TOTL
Zimbabwe,ZWE,Sub-Saharan Africa,Lower middle income,GDP (constant 2015 US$),gdp_real_constant_2015_usd_annual,2025,annual,25478147584.7432,constant 2015 US dollars,observed,WB_WDI,NY.GDP.MKTP.KD
Zimbabwe,ZWE,Sub-Saharan Africa,Lower middle income,GDP (constant LCU),gdp_real_constant_lcu_annual,2025,annual,74259990631.2684,constant local currency units (source base year varies),observed,WB_WDI,NY.GDP.MKTP.KN
Zimbabwe,ZWE,Sub-Saharan Africa,Lower middle income,GDP (current LCU),gdp_nominal_current_lcu_annual,2025,annual,1628485878177.69,current local currency units,observed,WB_WDI,NY.GDP.MKTP.CN
Zimbabwe,ZWE,Sub-Saharan Africa,Lower middle income,GDP (current US$),gdp_nominal_current_usd_annual,2025,annual,51215643905.5886,current US dollars,observed,WB_WDI,NY.GDP.MKTP.CD
Zimbabwe,ZWE,Sub-Saharan Africa,Lower middle income,GDP growth (annual %),gdp_real_growth_yoy_pct_annual,2025,annual,8.10671343048909,percent per year,observed,WB_WDI,NY.GDP.MKTP.KD.ZG
Zimbabwe,ZWE,Sub-Saharan Africa,Lower middle income,GDP per capita (constant 2015 US$),gdp_per_capita_real_2015_usd_annual,2025,annual,1503.06505298089,constant 2015 US dollars per person,observed,WB_WDI,NY.GDP.PCAP.KD
Zimbabwe,ZWE,Sub-Saharan Africa,Lower middle income,GDP per capita (constant LCU),gdp_per_capita_real_lcu_annual,2025,annual,4380.91491468503,constant local currency units per person (source base year varies),observed,WB_WDI,NY.GDP.PCAP.KN
Zimbabwe,ZWE,Sub-Saharan Africa,Lower middle income,GDP per capita (current LCU),gdp_per_capita_nominal_lcu_annual,2025,annual,96071.3570176319,current local currency units per person,observed,WB_WDI,NY.GDP.PCAP.CN
Zimbabwe,ZWE,Sub-Saharan Africa,Lower middle income,GDP per capita (current US$),gdp_per_capita_nominal_usd_annual,2025,annual,3021.43019873632,current US dollars per person,observed,WB_WDI,NY.GDP.PCAP.CD
Zimbabwe,ZWE,Sub-Saharan Africa,Lower middle income,GDP per capita growth (annual %),gdp_per_capita_real_growth_yoy_pct_annual,2025,annual,6.08867578227839,percent per year,observed,WB_WDI,NY.GDP.PCAP.KD.ZG
Zimbabwe,ZWE,Sub-Saharan Africa,Lower middle income,"GNI per capita, PPP (current international $)",gni_per_capita_ppp_current_intl_dollar_annual,2025,annual,6390.0,current international dollars per person,observed,WB_WDI,NY.GNP.PCAP.PP.CD
Zimbabwe,ZWE,Sub-Saharan Africa,Lower middle income,"Inflation, consumer prices (annual %)",inflation_consumer_prices_yoy_pct_annual_wdi,2022,annual,104.705170628667,percent per year,observed,WB_WDI,FP.CPI.TOTL.ZG
Zimbabwe,ZWE,Sub-Saharan Africa,Lower middle income,"Life expectancy at birth, total (years)",life_expectancy_years_annual,2024,annual,63.064,years,observed,WB_WDI,SP.DYN.LE00.IN
Zimbabwe,ZWE,Sub-Saharan Africa,Lower middle income,"Nominal GDP growth, year over year (annual)",gdp_nominal_growth_yoy_pct_annual_lcu,2025,annual,97.96985336964725,percent per year,derived,WB_WDI,calculated:NY.GDP.MKTP.CN:year_over_year
Zimbabwe,ZWE,Sub-Saharan Africa,Lower middle income,"Nominal GDP per-capita growth, year over year (annual)",gdp_per_capita_nominal_growth_yoy_pct_annual_lcu,2025,annual,94.27433248446553,percent per year,derived,WB_WDI,calculated:NY.GDP.PCAP.CN:year_over_year
Zimbabwe,ZWE,Sub-Saharan Africa,Lower middle income,"Population, total",population_total_annual,2025,annual,16950795.0,people,observed,WB_WDI,SP.POP.TOTL
Zimbabwe,ZWE,Sub-Saharan Africa,Lower middle income,Poverty headcount ratio at $3.00 a day (2021 PPP) (% of population),poverty_headcount_at_3usd_2021_ppp_pct_annual,2019,annual,49.2,percent of population,observed,WB_WDI,SI.POV.DDAY
Zimbabwe,ZWE,Sub-Saharan Africa,Lower middle income,"Unemployment, total (% of total labor force) (modeled ILO estimate)",unemployment_rate_ilo_modeled_pct_annual,2025,annual,9.293,percent of labor force,observed,WB_WDI,SL.UEM.TOTL.ZS
